1,NICOTINATEPRIBOSYLTRANS-RXN,,9
2,RXN66-146,,9
3,2.3.1.42-RXN,,9
4,4.1.1.74-RXN,,9
5,ACETYLSEROTONIN-O-METHYLTRANSFERASE-RXN,LEFT-TO-RIGHT,9
6,THREODEHYD-RXN,LEFT-TO-RIGHT,9
7,ETHANOLAMINE-KINASE-RXN,LEFT-TO-RIGHT,9
8,PHOSPHORIBULOKINASE-RXN,,9
9,2.7.1.140-RXN,,9
10,FORMYLTHFGLUSYNTH-RXN,LEFT-TO-RIGHT,9
11,1.14.13.74-RXN,,9
12,GMP-SYN-GLUT-RXN,LEFT-TO-RIGHT,9
13,SPERMIDINE-DEHYDROGENASE-RXN,,9
14,PYRUVATEORTHOPHOSPHATE-DIKINASE-RXN,,9
15,2.4.1.45-RXN,,9
16,RXN-7703,,9
17,ORNMUTST-RXN,,9
18,RXN-6161,,9
19,PARATHION-NITRO-REDUCT-RXN,,9
20,RXN66-315,LEFT-TO-RIGHT,9
21,1.6.1.2-RXN,LEFT-TO-RIGHT,9
22,2.1.3.9-RXN,,9
23,RXN-1623,LEFT-TO-RIGHT,9
24,RXN3O-504,,9
25,NMNAMIDOHYDRO-RXN,,9
26,RXN-7621,,9
27,RXN0-902,,9
28,FARNESYLTRANSTRANSFERASE-RXN,LEFT-TO-RIGHT,9
29,2.3.1.23-RXN,,9
30,RXN-4722,,9
31,RXN-6461,LEFT-TO-RIGHT,9
32,METHYLGLUTACONYL-COA-HYDRATASE-RXN,RIGHT-TO-LEFT,9
33,3.4.24.14-RXN,,9
34,GLUCARDEHYDRA-RXN,,9
35,NADH-DEHYDROG-A-RXN,LEFT-TO-RIGHT,9
36,RXN-8963,,9
37,RXN-3762,,9
38,2.1.1.64-RXN,,9
39,CERAMIDE-GLUCOSYLTRANSFERASE-RXN,,9
40,RXN0-5393,LEFT-TO-RIGHT,9
41,AMACETOXID-RXN,,9
42,2-METHYLENEGLUTARATE-MUTASE-RXN,,9
43,CAFFEOYL-COA-O-METHYLTRANSFERASE-RXN,,9
44,RXN-8112,,9
45,MALTODEXGLUCOSID-RXN,,9
46,ISPH2-RXN,,9
47,FORMALDEHYDE-TRANSKETOLASE-RXN,,9
48,HISTPRATPHYD-RXN,,9
49,3.4.21.75-RXN,,9
50,RXN3O-127,,9
51,1.2.1.31-RXN,,9
52,RXN-8743,LEFT-TO-RIGHT,9
53,CITSYN-RXN,LEFT-TO-RIGHT,9
54,3.4.14.4-RXN,,9
55,GLUTAMATESYN-RXN,RIGHT-TO-LEFT,9
56,RXN-22,,9
57,2.1.1.100-RXN,,9
58,RXN1F-165,,9
59,ALCOHOL-DEHYDROG-RXN,LEFT-TO-RIGHT,9
60,RXN-9989,LEFT-TO-RIGHT,9
61,1.5.1.34-RXN,,9
62,1.2.1.27-RXN,,9
63,RXN-10722,LEFT-TO-RIGHT,9
64,RXN-4761,,9
65,RXN6666-5,LEFT-TO-RIGHT,9
66,1.5.1.9-RXN,,9
67,RXN-8117,,9
68,RXN-7796,,9
69,PEPSYNTH-RXN,LEFT-TO-RIGHT,9
70,RXN-9005,,9
71,AMVAL-RXN,,9
72,DUDPKIN-RXN,LEFT-TO-RIGHT,9
73,RXN0-5268,LEFT-TO-RIGHT,9
74,RXN0-363,,9
75,RXN4FS-3,,9
76,L-ARABINITOL-4-DEHYDROGENASE-RXN,,9
77,HOMOCITRATE-SYNTHASE-RXN,,9
78,4.1.1.77-RXN,,9
79,TRIMETHYLLYSINE-DIOXYGENASE-RXN,LEFT-TO-RIGHT,9
80,RIBULP3EPIM-RXN,LEFT-TO-RIGHT,9
81,RXN-10056,,9
82,RXN-709,,9
83,GDPKIN-RXN,,9
84,RXN-7634,,9
85,1.1.1.285-RXN,,9
86,DEOXYGLUCONOKIN-RXN,,9
87,RXN-9172,,9
88,FMNREDUCT-RXN,,9
89,2.4.2.38-RXN,,9
90,LCYSDESULF-RXN,,9
91,PYRROLINECARBREDUCT-RXN,RIGHT-TO-LEFT,9
92,BIS5-ADENOSYL-TRIPHOSPHATASE-RXN,,9
93,HOMOACONITATE-HYDRATASE-RXN,,9
94,N-ACETYLNEURAMINATE-SYNTHASE-RXN,,9
95,RXN66-23,,9
96,1.1.1.34-RXN,RIGHT-TO-LEFT,9
97,SUCCINYL-COA-HYDROLASE-RXN,,9
98,3.6.3.35-RXN,,9
99,KETOACYLCOATHIOL-RXN,RIGHT-TO-LEFT,9
100,2.3.1.90-RXN,,9
101,RXN-5242,,9
102,1.2.1.32-RXN,,9
103,PEPCARBOX-RXN,RIGHT-TO-LEFT,9
104,3.2.1.35-RXN,,9
105,RXN3O-458,,9
106,LACTALDREDUCT-RXN,,9
107,MANNKIN-RXN,LEFT-TO-RIGHT,9
108,DIMETHYLPROPIOTHETIN-DETHIOMETHYLASE-RXN,,9
109,SPERMINE-SYNTHASE-RXN,LEFT-TO-RIGHT,9
110,GLUTAMATE-DEHYDROGENASE-RXN,,9
111,ESTRADIOL-17-BETA-DEHYDROGENASE-RXN,,9
112,RXN66-22,,9
113,RXN0-5305,REVERSIBLE,9
114,RXN-5647,,9
115,RXN0-5234,,9
116,RXN-2601,,9
117,CITRULLINASE-RXN,,9
118,RXN-8441,,9
119,RXN-8631,,9
120,STEROL-O-ACYLTRANSFERASE-RXN,,9
121,RXN3O-12,,9
122,ALDOSE1EPIM-RXN,,9
123,FGAMSYN-RXN,LEFT-TO-RIGHT,9
124,RXN-6381,,9
125,TRANS-RXN-206,LEFT-TO-RIGHT,9
126,4-CARBOXYMUCONOLACTONE-DECARBOXYLASE-RXN,,9
127,2.5.1.19-RXN,,9
128,RXN3O-663,,9
129,RXN-3763,,9
130,CDPDIGLYSYN-RXN,LEFT-TO-RIGHT,9
131,RXN-8092,,9
132,ADENODEAMIN-RXN,LEFT-TO-RIGHT,9
133,RXN-10715,,9
134,ARYLAMINE-N-ACETYLTRANSFERASE-RXN,,9
135,MALIC-NAD-RXN,,9
136,DHSHIKIMATE-DEHYDRO-RXN,,9
137,RXN-8085,,9
138,MALEYLACETOACETATE-ISOMERASE-RXN,LEFT-TO-RIGHT,9
139,RXN-9268,,9
140,GUANOSINE-DEAMINASE-RXN,,9
141,SULFITE-REDUCTASE-RXN,,9
142,RXN-5424,,9
143,ALDOSE-1-EPIMERASE-RXN,,9
144,THIAMIN-PYROPHOSPHOKINASE-RXN,,9
145,SUCCGLU-SEMIALDEHYDE-SUCCGLU-RXN,,9
146,DESULFOHEPARIN-SULFOTRANSFERASE-RXN,,9
147,RXN-8661,,9
148,RXN-776,,9
149,RXN3O-1120,LEFT-TO-RIGHT,9
150,ALDOSE-6-PHOSPHATE-REDUCTASE-NADPH-RXN,,9
151,RXN-1026,,9
152,RXN-1884,,9
153,RXN-8162,,9
154,UDPSUGARHYDRO-RXN,,9
155,PRDABST-RXN,,9
156,RXN-25,,9
157,RXN3DJ-64,,9
158,RXN-8954,,9
159,ACETCAPR-RXN,,9
160,METHENYLTHFCYCLOHYDRO-RXN,REVERSIBLE,9
161,RXN-8632,,9
162,RXN0-5266,LEFT-TO-RIGHT,9
163,RXN-1101,,9
164,RXN-9373,,9
165,NANK-RXN,LEFT-TO-RIGHT,9
166,NARINGENIN-3-DIOXYGENASE-RXN,,9
167,RXN-8783,,9
168,2.1.1.69-RXN,,9
169,R186-RXN,,9
170,RXN-9320,LEFT-TO-RIGHT,9
171,R10-RXN,,9
172,3.6.3.8-RXN,,9
173,ICOSANOYL-COA-SYNTHASE-RXN,,9
174,ACETYLORNDEACET-RXN,,9
175,AMINOACYLASE-RXN,,9
176,RXN-8918,,9
177,HOMSUCTRAN-RXN,,9
178,ORNITHINE-GLU-AMINOTRANSFORASE-RXN,REVERSIBLE,9
179,ATPPHOSPHORIBOSYLTRANS-RXN,,9
180,BENZOATE--COA-LIGASE-RXN,,9
181,RXN1F-161,,9
182,L-LYSINE-OXIDASE-RXN,,9
183,PHENYLACETATE--COA-LIGASE-RXN,,9
184,RXN-9583,,9
185,RXN-9992,,9
186,RXN-9843,,9
187,2.3.1.43-RXN,,9
188,PEPCARBOXYKIN-RXN,LEFT-TO-RIGHT,9
189,RXN1F-160,,9
190,RXN3DJ-11417,LEFT-TO-RIGHT,9
191,RIBULPEPIM-RXN,,9
192,PHOSPHASERSYN-RXN,LEFT-TO-RIGHT,9
193,L-ARABINONATE-DEHYDRATASE-RXN,,9
194,RXN0-1402,,9
195,RXN-8084,,9
196,UREIDOGLYCOLATE-LYASE-RXN,,9
197,2.1.1.138-RXN,,9
198,CITRATE--COA-LIGASE-RXN,,9
199,THIOSULFATE-SULFURTRANSFERASE-RXN,LEFT-TO-RIGHT,9
200,RXN-9470,,9
201,3.4.21.1-RXN,,9
202,R127-RXN,,9
203,MANDELATE-RACEMASE-RXN,,9
204,PANTOTHENATE-KIN-RXN,,9
205,R311-RXN,,9
206,2.4.1.150-RXN,,9
207,RXN-8529,,9
208,RXN0-5224,RIGHT-TO-LEFT,9
209,CREATINASE-RXN,,9
210,RXN-3768,,9
211,3-OXOACID-COA-TRANSFERASE-RXN,,9
212,RXN-7807,,9
213,INDOLE-3-ACETALDEHYDE-OXIDASE-RXN,,9
214,RXN-2543,,9
215,AGMATINE-DEIMINASE-RXN,,9
216,KDOTRANS-RXN,,9
217,ALDHDEHYDROG-RXN,,9
218,DURIDKI-RXN,LEFT-TO-RIGHT,9
219,RXN0-5217,,9
220,RXN-8900,LEFT-TO-RIGHT,9
221,PORPHOBILSYNTH-RXN,LEFT-TO-RIGHT,9
222,RXN-5467,LEFT-TO-RIGHT,9
223,PECTINESTERASE-RXN,,9
224,CERAMIDASE-RXN,LEFT-TO-RIGHT,9
225,DLACTDEHYDROGNAD-RXN,,9
226,RXN0-5330,LEFT-TO-RIGHT,9
227,INOPHOSPHOR-RXN,LEFT-TO-RIGHT,9
228,RXN-8164,,9
229,GLYCOGENSYN-RXN,,9
230,RXN-5081,,9
231,3.2.1.106-RXN,,9
232,RXN-9272,,9
233,RXN-6102,,9
234,RXN3O-58,,9
235,RHAMNULPALDOL-RXN,,9
236,LIPIDADISACCHARIDESYNTH-RXN,,9
237,DEOXYGUANPHOSPHOR-RXN,LEFT-TO-RIGHT,9
238,RXN-1063,,9
239,RXN-7002,,9
240,3.4.21.53-RXN,,9
241,METHYLTHIOADENOSINE-NUCLEOSIDASE-RXN,,9
242,RXN0-5364,,9
243,RXN-5603,,9
244,R145-RXN,,9
245,RXN-9171,,9
246,5-OXOPROLINASE-ATP-HYDROLYSING-RXN,LEFT-TO-RIGHT,9
247,RXN-3523,LEFT-TO-RIGHT,9
248,2-HEXADECENAL-REDUCTASE-RXN,RIGHT-TO-LEFT,9
249,RXN3O-581,,9
250,METHYLACYLYLCOA-HYDROXY-RXN,RIGHT-TO-LEFT,9
251,RXN-9168,,9
252,ISOCITRATE-DEHYDROGENASE-NAD+-RXN,LEFT-TO-RIGHT,9
253,RXN-8773,,9
254,HEPARITIN-SULFOTRANSFERASE-RXN,,9
255,RXN-720,,9
256,RXN-8114,,9
257,GLUCDEHYDROG-RXN,LEFT-TO-RIGHT,9
258,PABASYN-RXN,LEFT-TO-RIGHT,9
259,RXN66-312,LEFT-TO-RIGHT,9
260,RXN-5464,LEFT-TO-RIGHT,9
261,RXN0-2023,,9
262,LACCOA-RXN,,9
263,2.7.1.134-RXN,,9
264,2.4.1.198-RXN,,9
265,SERINE-O-ACETTRAN-RXN,,9
266,RXN-2141,,9
267,RXN-8890,,9
268,TYROSINE-3-MONOOXYGENASE-RXN,LEFT-TO-RIGHT,9
269,AMYLOMALT-RXN,RIGHT-TO-LEFT,9
270,4.6.1.10-RXN,,9
271,L-LACTATE-DEHYDROGENASE-RXN,RIGHT-TO-LEFT,9
272,MALSYN-RXN,,9
273,ORNITHINE-RACEMASE-RXN,,9
274,RXN-7184,,9
275,DIOHBUTANONEPSYN-RXN,,9
276,R543-RXN,,9
277,INOSINEKIN-RXN,,9
278,R81-RXN,,9
279,R141-RXN,,9
280,3.4.24.11-RXN,,9
281,ALANINE--GLYOXYLATE-AMINOTRANSFERASE-RXN,LEFT-TO-RIGHT,9
282,3.1.4.11-RXN,LEFT-TO-RIGHT,9
283,RXN-6382,,9
284,RXN0-3921,,9
285,2.6.1.18-RXN,,9
286,4-HYDROXYBENZOATE--COA-LIGASE-RXN,,9
287,UROGENDECARBOX-RXN,LEFT-TO-RIGHT,9
288,GAMMA-GLUTAMYLCYCLOTRANSFERASE-RXN,LEFT-TO-RIGHT,9
289,RXN-1501,,9
290,RXN-9644,,9
291,RXN66-10,,9
292,RXN-9950,,9
293,RXN0-5182,LEFT-TO-RIGHT,9
294,L-GULONOLACTONE-OXIDASE-RXN,,9
295,D-XYLULOSE-REDUCTASE-RXN,,9
296,AMBENCOATHAUERA-RXN,,9
297,RXN0-743,,9
298,6PGLUCONOLACT-RXN,LEFT-TO-RIGHT,9
299,THYKI-RXN,LEFT-TO-RIGHT,9
300,1.1.1.271-RXN,RIGHT-TO-LEFT,9
301,RXN-8755,,9
302,RXN-1102,,9
303,R128-RXN,,9
304,HISTONE-LYSINE-N-METHYLTRANSFERASE-RXN,,9
305,CITRAMALYL-COA-LYASE-RXN,LEFT-TO-RIGHT,9
306,F16BDEPHOS-RXN,LEFT-TO-RIGHT,9
307,RXN-6523,,9
308,2.7.8.27-RXN,,9
309,R301-RXN,,9
310,RXN-1882,,9
311,5-NUCLEOTID-RXN,,9
312,3.4.24.18-RXN,,9
313,SUCCINATE-SEMIALDEHYDE-DEHYDROGENASE-RXN,LEFT-TO-RIGHT,9
314,R-2-METHYLMALATE-DEHYDRATASE-RXN,,9
315,2.4.99.1-RXN,,9
316,RXN-8141,LEFT-TO-RIGHT,9
317,ARGSUCCINLYA-RXN,LEFT-TO-RIGHT,9
318,RXN-9281,,9
319,DEOXYRIBOSE-P-ALD-RXN,LEFT-TO-RIGHT,9
320,ASPAMINOTRANS-RXN,REVERSIBLE,9
321,1.1.1.211-RXN,,9
322,TRYPTOPHAN-2-DIOXYGENASE-RXN,,9
323,HYDROXYMETHYLGLUTARYL-COA-SYNTHASE-RXN,LEFT-TO-RIGHT,9
324,ALLANTOINASE-RXN,LEFT-TO-RIGHT,9
325,RXN-8910,,9
326,PROPCOASYN-RXN,,9
327,3.2.1.17-RXN,,9
328,RXN-8120,,9
329,S-2-METHYLMALATE-DEHYDRATASE-RXN,,9
330,RXN-9318,LEFT-TO-RIGHT,9
331,BETA-GLUCURONID-RXN,,9
332,RXN-1408,,9
333,CHORISMATE-SYNTHASE-RXN,,9
334,2.4.1.37-RXN,,9
335,MYO-INOSITOL-1-PHOSPHATE-SYNTHASE-RXN,LEFT-TO-RIGHT,9
336,KDPGALDOL-RXN,,9
337,RXN66-148,,9
338,RXN-4231,,9
339,METHYLASPARTATE-AMMONIA-LYASE-RXN,,9
340,RXN-9368,,9
341,TOCOPHEROL-O-METHYLTRANSFERASE-RXN,,9
342,RXN3DJ-13,LEFT-TO-RIGHT,9
343,AKBLIG-RXN,RIGHT-TO-LEFT,9
344,2.3.1.97-RXN,,9
345,RXN66-2,,9
346,RXN-8955,,9
347,RXN-9289,,9
348,2.1.1.126-RXN,,9
349,RXN-8800,,9
350,RXN-1105,,9
351,RXN-7698,RIGHT-TO-LEFT,9
352,DIACYLGLYCEROL-O-ACYLTRANSFERASE-RXN,LEFT-TO-RIGHT,9
353,DGDPKIN-RXN,,9
354,FATTY-ACID-SYNTHASE-RXN,,9
355,RXN3DJ-11230,LEFT-TO-RIGHT,9
356,RXN-10055,,9
357,UNDECAPRENYL-DIPHOSPHATASE-RXN,,9
358,CITRAMALATE-LYASE-RXN,,9
359,RXN-5066,,9
360,RXN-9585,,9
361,ARYLSULFAT-RXN,,9
362,RXN-7751,,9
363,3-HYDROXYBUTYRATE-DEHYDROGENASE-RXN,,9
364,RXN66-13,,9
365,RXN-9310,,9
366,RXN-6981,,9
367,RXN-1826,,9
368,RXN-9261,,9
369,RXN1F-101,,9
370,DTDPDEHYRHAMREDUCT-RXN,,9
371,TETRAACYLDISACC4KIN-RXN,,9
372,RXN-8461,LEFT-TO-RIGHT,9
373,RXN-9851,,9
374,RXN-715,,9
375,LANOSTEROL-SYNTHASE-RXN,,9
376,RXN-8730,,9
377,PRPPSYN-RXN,,9
378,RXN-6544,,9
379,BRANCHED-CHAINAMINOTRANSFERLEU-RXN,LEFT-TO-RIGHT,9
380,RXN-9274,,9
381,GUANYL-KIN-RXN,,9
382,RXN-7626,,9
383,DCTP-DEAM-RXN,LEFT-TO-RIGHT,9
384,3.1.13.1-RXN,,9
385,3.6.3.10-RXN,,9
386,RXN-8486,LEFT-TO-RIGHT,9
387,STRICTOSIDINE-SYNTHASE-RXN,,9
388,RXN-9296,,9
389,RXN0-308,LEFT-TO-RIGHT,9
390,RXN-7628,,9
391,R601-RXN,LEFT-TO-RIGHT,9
392,1.14.13.71-RXN,,9
393,2.7.8.11-RXN,LEFT-TO-RIGHT,9
394,RXN-8315,LEFT-TO-RIGHT,9
395,RXN-9234,,9
396,RXN0-5462,,9
397,TYROSINE-DECARBOXYLASE-RXN,,9
398,SUCCSEMIALDDEHYDROG-RXN,LEFT-TO-RIGHT,9
399,LYXISOM-RXN,,9
400,2.4.1.36-RXN,,9
401,1TRANSKETO-RXN,RIGHT-TO-LEFT,9
402,3.4.21.94-RXN,,9
403,UDPGLUCEPIM-RXN,RIGHT-TO-LEFT,9
404,2.1.1.125-RXN,,9
405,6-PHOSPHOFRUCTO-2-KINASE-RXN,,9
406,RXN-6283,,9
407,4.2.1.43-RXN,,9
408,ACONITATEHYDR-RXN,LEFT-TO-RIGHT,9
409,AROMATIC-L-AMINO-ACID-DECARBOXYLASE-RXN,LEFT-TO-RIGHT,9
410,RXN-777,,9
411,2-DEHYDROPANTOATE-REDUCT-RXN,,9
412,RXN-9157,,9
413,5-AMINOLEVULINIC-ACID-SYNTHASE-RXN,LEFT-TO-RIGHT,9
414,NAPHTHOATE-SYN-RXN,,9
415,2-OCTAPRENYLPHENOL-HYDROX-RXN,,9
416,RXN-8950,,9
417,RXN-904,,9
418,RXN1F-10,,9
419,RXN0-2301,,9
420,TRIACYLGLYCEROL-LIPASE-RXN,LEFT-TO-RIGHT,9
421,L-ASPARTATE-OXID-RXN,,9
422,RXN0-5260,LEFT-TO-RIGHT,9
423,RXN-8182,,9
424,1.3.99.5-RXN,,9
425,RXN-9736,,9
426,PHOSMANMUT-RXN,RIGHT-TO-LEFT,9
427,RXN-9828,,9
428,CARNITINE-O-PALMITOYLTRANSFERASE-RXN,,9
429,RXN-8442,,9
430,1.1.4.1-RXN,,9
431,1.14.11.26-RXN,,9
432,H2PTERIDINEPYROPHOSPHOKIN-RXN,LEFT-TO-RIGHT,9
433,RXN-8823,,9
434,FPPSYN-RXN,LEFT-TO-RIGHT,9
435,GCVMULTI-RXN,LEFT-TO-RIGHT,9
436,RXN-7586,,9
437,4.1.1.72-RXN,,9
438,RHAMNULOKIN-RXN,,9
439,LXULRU5P-RXN,,9
440,RXN-1828,,9
441,MALATE--COA-LIGASE-RXN,,9
442,RXN-5284,,9
443,CYTDEAM-RXN,LEFT-TO-RIGHT,9
444,3.4.14.11-RXN,,9
445,ORNDECARBOX-RXN,LEFT-TO-RIGHT,9
446,HYPOTAURINE-DEHYDROGENASE-RXN,,9
447,RXN66-305,,9
448,ACETYLHOMOSER-CYS-RXN,,9
449,LINOLEOYL-RXN,,9
450,RXN-8902,LEFT-TO-RIGHT,9
451,RXN-7764,,9
452,RXN66-281,,9
453,PROLINE-MULTI,LEFT-TO-RIGHT,9
454,RXN-9599,,9
455,CYTIDINEKIN-RXN,LEFT-TO-RIGHT,9
456,RXN66-316,LEFT-TO-RIGHT,9
457,PHENYLPYRUVATE-DECARBOXYLASE-RXN,,9
458,BENZALDEHYDE-DEHYDROGENASE-NAD+-RXN,,9
459,RXN-9981,,9
460,NADPYROPHOSPHAT-RXN,LEFT-TO-RIGHT,9
461,3.2.1.113-RXN,,9
462,2.7.1.133-RXN,,9
463,GUANOSINE-DIPHOSPHATASE-RXN,,9
464,RXN-1401,,9
465,RXN-5283,,9
466,1.13.11.6-RXN,LEFT-TO-RIGHT,9
467,RXN-7183,LEFT-TO-RIGHT,9
468,GLUC1PADENYLTRANS-RXN,,9
469,RXN-7744,,9
470,1.3.1.25-RXN,,9
471,RXN-9543,,9
472,RXN-1381,LEFT-TO-RIGHT,9
473,UDPNACETYLMURAMATEDEHYDROG-RXN,RIGHT-TO-LEFT,9
474,3-ISOPROPYLMALDEHYDROG-RXN,,9
475,1.1.1.239-RXN,,9
476,RXN-8075,,9
477,GALACTURIDYLYLTRANS-RXN,LEFT-TO-RIGHT,9
478,3.2.1.33-RXN,LEFT-TO-RIGHT,9
479,RXN0-5146,LEFT-TO-RIGHT,9
480,ALCOHOL-DEHYDROG-GENERIC-RXN,,9
481,RXN-9006,,9
482,ALPHAGALACTOSID-RXN,,9
483,3.6.4.5-RXN,,9
484,RXN-9601,,9
485,SORBITOL-6-PHOSPHATASE-RXN,,9
486,RXN-7186,,9
487,2.6.1.80-RXN,,9
488,R13-RXN,,9
489,HYDROXYMETHYLGLUTARYL-COA-LYASE-RXN,LEFT-TO-RIGHT,9
490,RXN66-320,,9
491,RXNI-2,,9
492,GLUTKIN-RXN,LEFT-TO-RIGHT,9
493,2.4.1.151-RXN,,9
494,ACETYL-COA-HYDROLASE-RXN,,9
495,RXN0-5391,LEFT-TO-RIGHT,9
496,RXN-7746,,9
497,4.3.1.14-RXN,,9
498,DIHYDROFOLATEREDUCT-RXN,RIGHT-TO-LEFT,9
499,RXN-9993,,9
500,ACYL-COA-HYDROLASE-RXN,,9
501,R22-RXN,,9
502,2.4.1.214-RXN,,9
503,RXN-711,,9
504,METHYL-COM-HTP-RXN,LEFT-TO-RIGHT,9
505,RXN-9467,,9
506,RXN-5861,,9
507,PEPTIDYLPROLYL-ISOMERASE-RXN,,9
508,3.4.13.19-RXN,,9
509,6.3.2.7-RXN,,9
510,MUCONOLACTONE-DELTA-ISOMERASE-RXN,,9
511,RXN-8382,,9
512,RXN-8824,,9
513,RXN-6641,LEFT-TO-RIGHT,9
514,RXN-9015,,9
515,DTDPDEHYDRHAMEPIM-RXN,,9
516,RXN-4763,,9
517,2.7.1.158-RXN,,9
518,RXN-1825,,9
519,LONG-CHAIN-ENOYL-COA-HYDRATASE-RXN,,9
520,2-KETO-ADIPATE-DEHYDROG-RXN,,9
521,FUC4NACTRANS-RXN,,9
522,RXN-9262,,9
523,RXN-5882,,9
524,3-SULFINYL-PYRUVATE-SPON-RXN,LEFT-TO-RIGHT,9
525,PPENTOMUT-RXN,LEFT-TO-RIGHT,9
526,RXN-10068,,9
527,RXN-7590,,9
528,ALPHA-AMYL-RXN,,9
529,CERAMIDE-CHOLINEPHOSPHOTRANSFERASE-RXN,,9
530,RXN-774,,9
531,RXN-7644,LEFT-TO-RIGHT,9
532,RXN-5461,,9
533,6.2.1.28-RXN,,9
534,PHOSPHASERDECARB-RXN,LEFT-TO-RIGHT,9
535,3.1.26.3-RXN,,9
536,3.6.3.4-RXN,,9
537,4-HYDROXYGLUTAMATE-AMINOTRANSFERASE-RXN,LEFT-TO-RIGHT,9
538,SULFATE-ADENYLYLTRANS-RXN,LEFT-TO-RIGHT,9
539,1.2.3.14-RXN,,9
540,RXN-9348,,9
541,RXN-8797,,9
542,PEPTIDE-ASPARTATE-BETA-DIOXYGENASE-RXN,,9
543,STREPTOMYCIN-6-KINASE-RXN,,9
544,RXN-779,,9
545,GLUCONOKIN-RXN,LEFT-TO-RIGHT,9
546,PGLYCEROLTRANSI-RXN,,9
547,RXN-8813,,9
548,GLUTAMIDOTRANS-RXN,,9
549,DEOXYINOPHOSPHOR-RXN,LEFT-TO-RIGHT,9
550,D-ASPARTATE-OXIDASE-RXN,,9
551,PROPIONATE-COA-TRANSFERASE-RXN,LEFT-TO-RIGHT,9
552,RXN-3701,,9
553,4.3.1.17-RXN,,9
554,RXN-5781,LEFT-TO-RIGHT,9
555,2.7.7.57-RXN,,9
556,4.2.3.26-RXN,,9
557,5.3.1.23-RXN,,9
558,RXN1F-168,,9
559,RXN66-20,,9
560,PHOSPHOKETOLASE-RXN,,9
561,AMIDASE-RXN,,9
562,2.3.1.75-RXN,,9
563,1.11.1.12-RXN,LEFT-TO-RIGHT,9
564,L-LYSINE-AMINOTRANSFERASE-RXN,,9
565,ADCLY-RXN,LEFT-TO-RIGHT,9
566,RXN-9970,,9
567,ARYLDIALKYL-PHOSPHATASE-RXN,,9
568,AGMATIN-RXN,,9
569,2.7.8.15-RXN,LEFT-TO-RIGHT,9
570,3.1.3.77-RXN,,9
571,RXN-9643,,9
572,RXN-9007,,9
573,RXN66-3,LEFT-TO-RIGHT,9
574,RXN66-314,,9
575,CHOLESTANETRIOL-26-MONOOXYGENASE-RXN,,9
576,PROPIONATE--COA-LIGASE-RXN,,9
577,RXN0-2522,LEFT-TO-RIGHT,9
578,RXN-863,,9
579,ENTMULTI-RXN,,9
580,PHOSPHATIDYLINOSITOL-3-PHOSPHATASE-RXN,,9
581,LYSDECARBOX-RXN,,9
582,RXN-7605,LEFT-TO-RIGHT,9
583,2.4.1.117-RXN,LEFT-TO-RIGHT,9
584,UDPMANNACADEHYDROG-RXN,,9
585,RXN-8905,,9
586,2.7.1.153-RXN,,9
587,NITRITREDUCT-RXN,,9
588,SARCOSINE-DEHYDROGENASE-RXN,,9
589,RXN-6271,,9
590,D-ARABINITOL-4-DEHYDROGENASE-RXN,,9
591,RXN-9545,,9
592,RXN-1404,,9
593,GLUCOSAMINE-6-P-DEAMIN-RXN,LEFT-TO-RIGHT,9
594,ACSERLY-RXN,,9
595,RXN-8975,,9
596,3-OXOADIPATE-ENOL-LACTONASE-RXN,,9
597,DTDPGLUCOSEPP-RXN,,9
598,RXN6666-6,LEFT-TO-RIGHT,9
599,ACETOACETYL-COA-TRANSFER-RXN,,9
600,ACETOLACTREDUCTOISOM-RXN,,9
601,METHYLENETHFDEHYDROG-NADP-RXN,REVERSIBLE,9
602,RXN66-62,,9
603,3.2.1.10-RXN,,9
604,2.4.1.11-RXN,,9
605,RXN-9169,,9
606,RXN-4729,,9
607,PROTOPORGENOXI-RXN,LEFT-TO-RIGHT,9
608,RXN-2121,,9
609,3.1.4.17-RXN,,9
610,MANNPDEHYDROG-RXN,,9
611,HISTCYCLOHYD-RXN,,9
612,RXN-3766,,9
613,RXN-8953,,9
614,RXN-4735,,9
615,ACONITATE-DECARBOXYLASE-RXN,,9
616,RXN-3741,LEFT-TO-RIGHT,9
617,3.6.3.16-RXN,,9
618,ARGDECARBOX-RXN,,9
619,GLUTAMATE-N-ACETYLTRANSFERASE-RXN,,9
620,ADENOSYLHOMOCYSTEINASE-RXN,LEFT-TO-RIGHT,9
621,RXN-8172,REVERSIBLE,9
622,PALMITOYL-COA-HYDROLASE-RXN,,9
623,NMNNUCLEOSID-RXN,,9
624,6.3.2.26-RXN,,9
625,P-PANTOCYSLIG-RXN,LEFT-TO-RIGHT,9
626,ARGININE-2-MONOOXYGENASE-RXN,LEFT-TO-RIGHT,9
627,RXN-9844,,9
628,ADDALT-RXN,LEFT-TO-RIGHT,9
629,HISTOLDEHYD-RXN,,9
630,PROCOLLAGEN-LYSINE-5-DIOXYGENASE-RXN,,9
631,2.7.1.90-RXN,,9
632,HISTIDINE-DECARBOXYLASE-RXN,LEFT-TO-RIGHT,9
633,RXN-7619,,9
634,RXN-8567,LEFT-TO-RIGHT,9
635,HYDROXYPRODEHYDROG-RXN,,9
636,GLUTACONYL-COA-DECARBOXYLASE-RXN,LEFT-TO-RIGHT,9
637,1.14.20.1-RXN,,9
638,RXN-865,,9
639,RXN-9979,,9
640,RXN3O-4110,,9
641,RXN-714,,9
642,TRYPTOPHAN-AMINOTRANSFERASE-RXN,,9
643,RXN-8720,,9
644,3.6.3.1-RXN,,9
645,3.5.1.26-RXN,,9
646,RXN-8173,REVERSIBLE,9
647,DNA-LIGASE-ATP-RXN,,9
648,2.4.1.142-RXN,LEFT-TO-RIGHT,9
649,UDPNACETYLGLUCOSAMENOLPYRTRANS-RXN,LEFT-TO-RIGHT,9
650,GDPMANDEHYDRA-RXN,LEFT-TO-RIGHT,9
651,DEPHOSPHOCOAKIN-RXN,LEFT-TO-RIGHT,9
652,DIMETHYLGLYCINE-DEHYDROGENASE-RXN,,9
653,RXN-7712,,9
654,RXN3DJ-118,LEFT-TO-RIGHT,9
655,RXN0-5181,,9
656,KYNURENINASE-RXN,LEFT-TO-RIGHT,9
657,PHENGLYOXRED-RXN,,9
658,H2PTEROATESYNTH-RXN,LEFT-TO-RIGHT,9
659,RXN-9173,,9
660,DIHYDROPICRED-RXN,,9
661,R281-RXN,,9
662,RXN-712,,9
663,INORGPYROPHOSPHAT-RXN,,9
664,RXN-8957,,9
665,RXN-8635,LEFT-TO-RIGHT,9
666,RXN-4734,,9
667,R205-RXN,,9
668,GUANINE-DEAMINASE-RXN,,9
669,DAHPSYN-RXN,,9
670,UTPHEXPURIDYLYLTRANS-RXN,,9
671,ACYLPHOSPHATASE-RXN,,9
672,ECDYSONE-OXIDASE-RXN,,9
673,RXN-7801,,9
674,ALKYLGLYCERONE-PHOSPHATE-SYNTHASE-RXN,,9
675,RXN-8725,,9
676,RXN-6425,LEFT-TO-RIGHT,9
677,RXN-9242,,9
678,RXN-961,,9
679,RXN-4301,,9
680,RXN66-14,,9
681,RXN-6763,LEFT-TO-RIGHT,9
682,RXN-9346,,9
683,RXN-9236,,9
684,BRANCHED-CHAINAMINOTRANSFERILEU-RXN,REVERSIBLE,9
685,RXN-4229,,9
686,RXN-4141,LEFT-TO-RIGHT,9
687,LIPIDXSYNTHESIS-RXN,,9
688,CATECHOL-23-DIOXYGENASE-RXN,,9
689,O-SUCCINYLBENZOATE-COA-SYN-RXN,,9
690,H2NEOPTERINALDOL-RXN,LEFT-TO-RIGHT,9
691,RXN-7624,,9
692,TRANS-RXN-185,LEFT-TO-RIGHT,9
693,CREATININASE-RXN,,9
694,RXN-8995,,9
695,2.5.1.41-RXN,,9
696,RXN-7711,RIGHT-TO-LEFT,9
697,1.14.12.1-RXN,,9
698,RXN0-300,,9
699,UDPACYLGLCNACDEACETYL-RXN,,9
700,RXN-7630,,9
701,ARGININE-KINASE-RXN,,9
702,RXN66-19,,9
703,RXN6666-4,LEFT-TO-RIGHT,9
704,ACETYLGLUTKIN-RXN,,9
705,TRANS-RXN-191,,9
706,AMINOBUTDEHYDROG-RXN,,9
707,DIHYDRONEOPTERIN-MONO-P-DEPHOS-RXN,LEFT-TO-RIGHT,9
708,GLUCURONATE-REDUCTASE-RXN,,9
709,AMINE-OXIDASE-FLAVIN-CONTAINING-RXN,,9
710,2-ISOPROPYLMALATESYN-RXN,,9
711,FESGSHTHIO-RXN,,9
712,GLUTATHIONE-PEROXIDASE-RXN,LEFT-TO-RIGHT,9
713,RXN-8898,,9
714,RXNQT-4191,,9
715,ACETATE--COA-LIGASE-RXN,REVERSIBLE,9
716,MTAMBARKMULTI-RXN,,9
717,RXN-5721,LEFT-TO-RIGHT,9
718,6.2.1.29-RXN,,9
719,3-OCTAPRENYL-4-OHBENZOATE-DECARBOX-RXN,,9
720,2.4.2.27-RXN,,9
721,RXN-8775,,9
722,RXN0-5116,,9
723,4.2.3.12-RXN,LEFT-TO-RIGHT,9
724,RXN-1603,LEFT-TO-RIGHT,9
725,RXN-9003,,9
726,RXN3DJ-11100,,9
727,2.4.1.224-RXN,,9
728,3.4.22.34-RXN,,9
729,NAG1P-URIDYLTRANS-RXN,LEFT-TO-RIGHT,9
730,2.1.1.71-RXN,,9
731,GMP-SYN-NH3-RXN,,9
732,ACETYL-COA-ACETYLTRANSFER-RXN,REVERSIBLE,9
733,OCTANOL-DEHYDROGENASE-RXN,,9
734,PHOSCHOL-RXN,LEFT-TO-RIGHT,9
735,RXN-9370,,9
736,RXN0-5121,,9
737,RXN-7589,,9
738,TYROSINE-ESTER-SULFOTRANSFERASE-RXN,,9
739,XMPXAN-RXN,LEFT-TO-RIGHT,9
740,RXN3O-680,,9
741,CHONDROITIN-6-SULFOTRANSFERASE-RXN,,9
742,RXN0-5122,,9
743,3.4.13.21-RXN,,9
744,QUINOLINATE-SYNTHA-RXN,,9
745,RXN-8997,,9
746,RXN66-83,,9
747,MANNONDEHYDRAT-RXN,,9
748,RXN-10054,LEFT-TO-RIGHT,9
749,LYSOPHOSPHOLIPASE-RXN,,9
750,RXN-8901,LEFT-TO-RIGHT,9
751,RXN66-306,RIGHT-TO-LEFT,9
752,2TRANSKETO-RXN,LEFT-TO-RIGHT,9
753,MANNOSE-6-PHOSPHATE-6-REDUCTASE-RXN,,9
754,OROPRIBTRANS-RXN,RIGHT-TO-LEFT,9
755,RXN-9639,,9
756,3.4.17.22-RXN,,9
757,ASPDECARBOX-RXN,,9
758,VALINE-PYRUVATE-AMINOTRANSFER-RXN,,9
759,RXN-4736,,9
760,CARNITINE-O-OCTANOYLTRANSFERASE-RXN,,9
761,CYSTATHIONINE-BETA-LYASE-RXN,,9
762,RXN-8244,,9
763,RXN-5921,,9
764,CYSTAGLY-RXN,LEFT-TO-RIGHT,9
765,ACETOACETYL-COA-REDUCTASE-RXN,,9
766,LACTALDDEHYDROG-RXN,,9
767,AMP-DEAMINASE-RXN,,9
768,RXN0-5304,,9
769,URIDINEKIN-RXN,,9
770,HYDROXYBENZALDEHYDE-OXIDATION-NAD-RXN,,9
771,RXN-8279,,9
772,RXN-9598,,9
773,BRANCHED-CHAINAMINOTRANSFERVAL-RXN,LEFT-TO-RIGHT,9
774,RXN-7793,,9
775,RXN3O-4113,,9
776,1.1.1.43-RXN,,9
777,AICARSYN-RXN,LEFT-TO-RIGHT,9
778,3.4.11.9-RXN,,9
779,RXN1F-164,,9
780,RXN-3522,,9
781,RXN66-318,LEFT-TO-RIGHT,9
782,AMPSYN-RXN,LEFT-TO-RIGHT,9
783,RXN0-4281,,9
784,SUCCDIAMINOPIMDESUCC-RXN,,9
785,RXN3DJ-25,LEFT-TO-RIGHT,9
786,RXN-8990,LEFT-TO-RIGHT,9
787,DARABKIN-RXN,,9
788,UDP-GLUCURONOSYLTRANSFERASE-RXN,,9
789,RXN0-5473,,9
790,RXN-8988,LEFT-TO-RIGHT,9
791,RXN-9671,,9
792,LONG-CHAIN-ACYL-COA-DEHYDROGENASE-RXN,,9
793,RXN-7607,,9
794,RXN-2562,,9
795,RXN-9641,,9
796,CARDIOLIPSYN-RXN,,9
797,KDO-8PSYNTH-RXN,LEFT-TO-RIGHT,9
798,RXN-9008,,9
799,RXN-9243,,9
800,RXN-7800,LEFT-TO-RIGHT,9
801,SUCCINYLDIAMINOPIMTRANS-RXN,,9
802,RXN-5643,,9
803,RXN0-5183,LEFT-TO-RIGHT,9
804,PGLUCONDEHYDRAT-RXN,,9
805,RXN-8083,,9
806,CYTIKIN-RXN,,9
807,RXN-8960,,9
808,2.7.7.14-RXN,LEFT-TO-RIGHT,9
809,THRESYN-RXN,,9
810,RIBOFLAVINKIN-RXN,,9
811,3-OXOADIPATE-COA-TRANSFERASE-RXN,,9
812,THREDEHYD-RXN,,9
813,GMKALT-RXN,,9
814,RXN-5901,,9
815,RXN-2602,,9
816,RXN-9000,,9
817,GLYCERATE-DEHYDROGENASE-RXN,,9
818,RXN66-25,,9
819,RXN-7931,,9
820,RXN-4542,,9
821,ISOVALERYL-COA-FAD-RXN,,9
822,RXN-5341,,9
823,HOMOSERKIN-RXN,,9
824,RXN-8636,,9
825,RXN-10483,,9
826,3-CH3-2-OXOBUTANOATE-OH-CH3-XFER-RXN,,9
827,2.3.1.133-RXN,,9
828,5-AMINOPENTANAMIDASE-RXN,,9
829,MANDELATE-DEHYDROGENASE-RXN,,9
830,R125-RXN,,9
831,3.5.1.80-RXN,,9
832,2-OCTAPRENYL-METHOXY-BENZOQ-METH-RXN,,9
833,ALLANTOATE-DEIMINASE-RXN,LEFT-TO-RIGHT,9
834,RXN-9990,LEFT-TO-RIGHT,9
835,ARYLDIALKYLPHOSPHATASE-RXN,,9
836,RXN-9845,,9
837,LEUKOTRIENE-A4-HYDROLASE-RXN,,9
838,3.6.4.4-RXN,,9
839,RIB5PISOM-RXN,RIGHT-TO-LEFT,9
840,PHOSACETYLTRANS-RXN,,9
841,MYO-INOSITOL-2-DEHYDROGENASE-RXN,,9
842,RXN0-6259,,9
843,PYRROLINECARBDEHYDROG-RXN,,9
844,GLUTARATE-SEMIALDEHYDE-DEHYDROGENASE-RXN,,9
845,GLU6PDEHYDROG-RXN,LEFT-TO-RIGHT,9
846,2.7.7.34-RXN,LEFT-TO-RIGHT,9
847,TREHALOSEPHOSPHA-RXN,LEFT-TO-RIGHT,9
848,AMINO-CARBOXYMUCONATE-SEMIALDEHYDE-RXN,,9
849,PROTOCATECHUATE-34-DIOXYGENASE-RXN,,9
850,RIBITOL-2-DEHYDROGENASE-RXN,,9
851,2.4.1.225-RXN,,9
852,METHYLITACONATE-DELTA-ISOMERASE-RXN,,9
853,HOMOGENTISATE-12-DIOXYGENASE-RXN,LEFT-TO-RIGHT,9
854,QUINOPRIBOTRANS-RXN,RIGHT-TO-LEFT,9
855,UROCANATE-HYDRATASE-RXN,,9
856,RXN-905,,9
857,RXN-9174,,9
858,CARBONYL-REDUCTASE-NADPH-RXN,,9
859,2.1.1.114-RXN,,9
860,ADENYLYLSULFKIN-RXN,LEFT-TO-RIGHT,9
861,RXN66-323,,9
862,FUCPALDOL-RXN,,9
863,5-METHYLTHIORIBOSE-KINASE-RXN,,9
864,INOSINE-NUCLEOSIDASE-RXN,,9
865,RXN-4726,,9
866,RXN-8119,,9
867,GLYCINE-FORMIMINOTRANSFERASE-RXN,,9
868,RXN-9969,,9
869,R542-RXN,,9
870,2.7.1.127-RXN,,9
871,RXN-9227,,9
872,3.4.24.24-RXN,,9
873,RXN-9640,,9
874,RXN0-5199,LEFT-TO-RIGHT,9
875,RXN-8958,,9
876,3.1.3.46-RXN,,9
877,CHOLESTEROL-7-ALPHA-MONOOXYGENASE-RXN,,9
878,RXN-9135,,9
879,RXN-9584,,9
880,325-BISPHOSPHATE-NUCLEOTIDASE-RXN,,9
881,RXN-1602,LEFT-TO-RIGHT,9
882,RXN-10139,,9
883,RXN-8746,LEFT-TO-RIGHT,9
884,RXN-7226,,9
885,RXN-3742,LEFT-TO-RIGHT,9
886,RXN-8122,,9
887,L-IDITOL-2-DEHYDROGENASE-RXN,,9
888,FUCULOKIN-RXN,,9
889,RXN-9587,,9
890,AMINOPARATHION-PHOSPHATASE-RXN,LEFT-TO-RIGHT,9
891,URA-PHOSPH-RXN,LEFT-TO-RIGHT,9
892,RXN-9896,LEFT-TO-RIGHT,9
893,RXN-3781,,9
894,RIBOFLAVINSYNREDUC-RXN,,9
895,RXN-5641,,9
896,3.4.24.21-RXN,,9
897,CYTIDEAM-RXN,LEFT-TO-RIGHT,9
898,RXN-8772,,9
899,H2NEOPTERINP3PYROPHOSPHOHYDRO-RXN,LEFT-TO-RIGHT,9
900,TETHYDPICSUCC-RXN,,9
901,RXN-8175,LEFT-TO-RIGHT,9
902,N-ACETYLTRANSFER-RXN,,9
903,RXN-8996,,9
904,RIBULOSE-BISPHOSPHATE-CARBOXYLASE-RXN,,9
905,RXN-3902,,9
906,ISOCITDEH-RXN,,9
907,1.1.1.8-RXN,RIGHT-TO-LEFT,9
908,3.2.1.23-RXN,,9
909,RXN-7163,,9
910,2.5.1.43-RXN,,9
911,SHIKIMATE-KINASE-RXN,,9
912,RXN-8712,,9
913,PHOSPHOGLUCOKINASE-RXN,,9
914,RXN-713,,9
915,3-SULFINOALANINE-AMINOTRANSFERASE-RXN,LEFT-TO-RIGHT,9
916,RXN66-141,,9
917,RXN-9288,,9
918,GSAAMINOTRANS-RXN,,9
919,DADPKIN-RXN,,9
920,RXN-8771,,9
921,ACETATEKIN-RXN,,9
922,RXN-9629,,9
923,RXN-864,,9
924,CYTIDEAM2-RXN,LEFT-TO-RIGHT,9
925,LACTOSE-DEHYDRO-RXN,,9
926,RXN-717,,9
927,RXN-9271,,9
928,GLYCINE-N-ACYLTRANSFERASE-RXN,,9
929,RXN0-5126,,9
930,RXN-7143,,9
931,LACCASE-RXN,,9
932,RXN-9279,,9
933,RXN-2541,,9
934,RXN-9237,,9
935,3.6.3.9-RXN,,9
936,RXN-3521,,9
937,THIOESTER-RXN,,9
938,RXN-8121,,9
939,RXN-35,,9
940,2KETO-4METHYL-PENTANOATE-DEHYDROG-RXN,LEFT-TO-RIGHT,9
941,ACETYLCHOLINESTERASE-RXN,,9
942,RXN-9264,,9
943,GLUCONATE-2-DEHYDROGENASE-RXN,,9
944,GLUTAMATE-FORMIMINOTRANSFERASE-RXN,,9
945,1.97.1.2-RXN,,9
946,KETOHEXOKINASE-RXN,,9
947,TRANS-PENTAPRENYLTRANSFERASE-RXN,,9
948,HISTIDINE-AMMONIA-LYASE-RXN,,9
949,NADH-KINASE-RXN,,9
950,TAURINE-AMINOTRANSFERASE-RXN,,9
951,RXN66-310,LEFT-TO-RIGHT,9
952,RXN-8752,,9
953,LOGANATE-O-METHYLTRANSFERASE-RXN,,9
954,RXN-8443,,9
955,ADENOSINETRIPHOSPHATASE-RXN,,9
956,RXN0-5222,LEFT-TO-RIGHT,9
957,2.8.2.23-RXN,,9
958,RXN-1823,,9
959,IGPSYN-RXN,,9
960,BUTYRATE-KINASE-RXN,,9
961,4.2.3.19-RXN,,9
962,RXN-9265,,9
963,2.6.1.49-RXN,,9
964,RXN66-164,,9
965,RXN3O-130,LEFT-TO-RIGHT,9
966,RXN-9087,,9
967,6.3.2.10-RXN,,9
968,FATTY-ACYL-COA-SYNTHASE-RXN,,9
969,RXN-8032,,9
970,RXN-5282,,9
971,RXN-7573,,9
972,GST-RXN,,9
973,PHOSPHOGLUCMUT-RXN,REVERSIBLE,9
974,RXN1F-166,,9
975,VINYLACETYL-COA-DELTA-ISOMERASE-RXN,,9
976,2.4.2.26-RXN,,9
977,UROGENIIISYN-RXN,LEFT-TO-RIGHT,9
978,GUANIDINOBUTYRASE-RXN,LEFT-TO-RIGHT,9
979,3.6.1.49-RXN,,9
980,PMPOXI-RXN,,9
981,RXN-8968,,9
982,GLYCOPROTEIN-N-PALMITOYLTRANSFERASE-RXN,,9
983,RXN-7838,,9
984,NICOTINAMID-RXN,,9
985,OCTAPRENYL-METHYL-METHOXY-BENZOQ-OH-RXN,,9
986,DEOXYADENPHOSPHOR-RXN,RIGHT-TO-LEFT,9
987,RIBOFLAVIN-SYN-RXN,,9
988,GLYCERALDEHYDE-DEHYDRO-RXN,,9
989,R8-RXN,,9
990,BENZOATE-12-DIOXYGENASE-RXN,,9
991,METHYLCROTONYL-COA-CARBOXYLASE-RXN,LEFT-TO-RIGHT,9
992,3.4.11.18-RXN,,9
993,3.4.11.5-RXN,,9
994,LYSINE-2-MONOOXYGENASE-RXN,,9
995,RXN-8993,,9
996,ALTRODEHYDRAT-RXN,,9
997,35-CYCLIC-GMP-PHOSPHODIESTERASE-RXN,,9
998,RXN-7904,LEFT-TO-RIGHT,9
999,O-SUCCHOMOSERLYASE-RXN,,9
1000,RXN-721,,9
1001,NUCLEOSIDE-TRIPHOSPHATASE-RXN,,9
1002,THIOL-OXIDASE-RXN,,9
1003,RXN-8822,,9
1004,3.2.1.143-RXN,,9
1005,RXN-10716,,9
1006,RXN-7820,,9
1007,3.1.1.47-RXN,,9
1008,GLUTARYL-COA-DEHYDROGENASE-RXN,,9
1009,RXN6666-2,,9
1010,RXN-7182,,9
1011,THI-P-SYN-RXN,,9
1012,2.1.1.137-RXN,,9
1013,PROTOHEMEFERROCHELAT-RXN,LEFT-TO-RIGHT,9
1014,ALKAPHOSPHA-RXN,,9
1015,DEHYDOGLUCONOKINASE-RXN,,9
1016,CHD-RXN,,9
1017,2.4.1.41-RXN,,9
1018,LIPOPROTEIN-LIPASE-RXN,,9
1019,RXN-2622,,9
1020,GLYCOLATEDEHYDRO-RXN,,9
1021,RXN0-901,LEFT-TO-RIGHT,9
1022,OHBUTYRYL-COA-EPIM-RXN,LEFT-TO-RIGHT,9
1023,2.4.1.141-RXN,LEFT-TO-RIGHT,9
1024,PEPDEPHOS-RXN,REVERSIBLE,9
1025,ARGINASE-RXN,LEFT-TO-RIGHT,9
1026,HADTHAUERA-RXN,,9
1027,RXN-10639,LEFT-TO-RIGHT,9
1028,1-PHOSPHATIDYLINOSITOL-3-KINASE-RXN,,9
1029,RXN-6424,LEFT-TO-RIGHT,9
1030,IPPISOM-RXN,LEFT-TO-RIGHT,9
1031,UDP-NACMUR-ALA-LIG-RXN,LEFT-TO-RIGHT,9
1032,2.4.1.68-RXN,,9
1033,ALDEHYDE-DEHYDROGENASE-NADORNOP+-RXN,,9
1034,DOPACHROME-DELTA-ISOMERASE-RXN,,9
1035,6.3.4.16-RXN,,9
1036,DIHYDRODIPICSYN-RXN,,9
1037,RXN-9267,,9
1038,RXN1F-167,,9
1039,ORNCARBAMTRANSFER-RXN,LEFT-TO-RIGHT,9
1040,L-XYLULOSE-REDUCTASE-RXN,,9
1041,RXN-1407,,9
1042,TYROSINE-AMINOTRANSFERASE-RXN,LEFT-TO-RIGHT,9
1043,DHBDEHYD-RXN,,9
1044,ALARACECAT-RXN,,9
1045,RXN-9755,,9
1046,RXN-2561,,9
1047,RXN-1106,,9
1048,CATAL-RXN,LEFT-TO-RIGHT,9
1049,RXN-9263,,9
1050,RXN-9797,,9
1051,KDOTRANS2-RXN,,9
1052,RXN-5822,LEFT-TO-RIGHT,9
1053,RXN-5063,,9
1054,UDPKIN-RXN,LEFT-TO-RIGHT,9
1055,R221-RXN,,9
1056,TRYPTOPHAN-2-MONOOXYGENASE-RXN,,9
1057,2.7.1.68-RXN,,9
1058,RXN-9260,,9
1059,1.2.1.9-RXN,,9
1060,RXN-8799,,9
1061,ACETOOHBUTSYN-RXN,LEFT-TO-RIGHT,9
1062,1.14.13.72-RXN,,9
1063,RXN3O-117,,9
1064,RXN-9738,,9
1065,1.14.13.36-RXN,,9
1066,RXN-8714,,9
1067,RXN-9829,,9
1068,RXN0-302,,9
1069,RXN-10058,,9
1070,RXN-7710,,9
1071,RXN-7637,,9
1072,RXN-9638,,9
1073,GLUCONOLACT-RXN,,9
1074,PHOSPHATE-BUTYRYLTRANSFERASE-RXN,,9
1075,RXN66-170,,9
1076,DTDPGLUCDEHYDRAT-RXN,,9
1077,TRANS-RXN54L-3178,LEFT-TO-RIGHT,9
1078,3.4.24.19-RXN,,9
1079,RXN-7869,,9
1080,GLYCOLALD-DEHYDROG-RXN,,9
1081,RXN3DJ-170,LEFT-TO-RIGHT,9
1082,4.2.3.25-RXN,,9
1083,RXN-9266,,9
1084,R147-RXN,LEFT-TO-RIGHT,9
1085,ENOYL-COA-DELTA-ISOM-RXN,LEFT-TO-RIGHT,9
1086,BETAGALACTOSID-RXN,LEFT-TO-RIGHT,9
1087,GLYOXYLATE-REDUCTASE-NADP+-RXN,,9
1088,RXN-1082,,9
1089,RXN-8987,LEFT-TO-RIGHT,9
1090,RXN-7745,,9
1091,SAICARSYN-RXN,LEFT-TO-RIGHT,9
1092,ISOCIT-CLEAV-RXN,,9
1093,RXN-9371,,9
1094,CYSTATHIONASE-RXN,,9
1095,2.5.1.64-RXN,,9
1096,GDP-4-DEHYDRO-D-RHAMNOSE-REDUCTASE-RXN,RIGHT-TO-LEFT,9
1097,R309-RXN,,9
1098,RXN-9139,,9
1099,ADENYLATECYC-RXN,,9
1100,DIHYDROOROTOX-RXN,,9
1101,RXN66-147,,9
1102,RXN0-5216,LEFT-TO-RIGHT,9
1103,PANTEPADENYLYLTRAN-RXN,LEFT-TO-RIGHT,9
1104,RXN-8726,,9
1105,RXN-8163,,9
1106,1.1.1.145-RXN,,9
1107,ALTRO-OXIDOREDUCT-RXN,,9
1108,3.4.22.38-RXN,,9
1109,MANNONOXIDOREDUCT-RXN,,9
1110,1.14.13.95-RXN,,9
1111,NADPPHOSPHAT-RXN,LEFT-TO-RIGHT,9
1112,TREHALOSE6PSYN-RXN,LEFT-TO-RIGHT,9
1113,RXN-9586,,9
1114,RXN-2761,,9
1115,RXN-0,,9
1116,RXN-8718,,9
1117,NANE-RXN,LEFT-TO-RIGHT,9
1118,ASPARAGHYD-RXN,,9
1119,RXN-9666,LEFT-TO-RIGHT,9
1120,ACETALD-DEHYDROG-RXN,LEFT-TO-RIGHT,9
1121,RXN0-5124,,9
1122,2.7.1.148-RXN,,9
1123,THYM-PHOSPH-RXN,REVERSIBLE,9
1124,R312-RXN,,9
1125,CTPSYN-RXN,LEFT-TO-RIGHT,9
1126,RXN-8949,,9
1127,RXN-8386,,9
1128,1.2.3.13-RXN,,9
1129,OHMETPYRKIN-RXN,,9
1130,RXN-7692,,9
1131,R5-RXN,,9
1132,HISTIDPHOS-RXN,,9
1133,GLUCOSE-DEHYDROGENASE-ACCEPTOR-RXN,,9
1134,1.20.4.2-RXN,,9
1135,ADENPHOSPHOR-RXN,LEFT-TO-RIGHT,9
1136,RXN-1103,,9
1137,LYSINE--PYRUVATE-6-AMINOTRANSFERASE-RXN,,9
1138,RXN-4728,,9
1139,AMINOPHENOL-NITRITE-REDUCTASE-RXN,LEFT-TO-RIGHT,9
1140,5-METHYLTHIOADENOSINE-PHOSPHORYLASE-RXN,,9
1141,ACID-PHOSPHATASE-RXN,,9
1142,ECDYSONE-20-MONOOXYGENASE-RXN,,9
1143,2.1.1.5-RXN,,9
1144,RFFTRANS-RXN,,9
1145,6PFRUCTPHOS-RXN,LEFT-TO-RIGHT,9
1146,RXN-4466,,9
1147,CHOLINESTERASE-RXN,,9
1148,RXN-9282,,9
1149,3.2.1.52-RXN,,9
1150,3.1.1.23-RXN,LEFT-TO-RIGHT,9
1151,GLYCINE-AMINOTRANSFERASE-RXN,,9
1152,RXN1-42,,9
1153,O-SUCCINYLBENZOATE-COA-LIG-RXN,,9
1154,RXN-9229,,9
1155,RXN-5442,,9
1156,RXN-4443,,9
1157,1.2.1.2-RXN,,9
1158,2.6.1.7-RXN,LEFT-TO-RIGHT,9
1159,SEDOHEPTULOSE-BISPHOSPHATASE-RXN,,9
1160,F16ALDOLASE-RXN,REVERSIBLE,9
1161,1.2.1.25-RXN,LEFT-TO-RIGHT,9
1162,HYDROXY-MANDELATE-RACEMASE-RXN,,9
1163,RXN-8479,,9
1164,RXN0-366,,9
1165,RXN-9799,,9
1166,ALGINATE-SYNTHASE-RXN,,9
1167,GLYCEROL-3-PHOSPHATE-DEHYDROGENASE-RXN,,9
1168,RXN-6464,LEFT-TO-RIGHT,9
1169,RXN-8457,,9
1170,1.3.3.9-RXN,,9
1171,RXN-9316,LEFT-TO-RIGHT,9
1172,1.8.5.1-RXN,,9
1173,1.5.1.7-RXN,,9
1174,RXN-710,,9
1175,PEPTIDYLGLYCINE-MONOOXYGENASE-RXN,,9
1176,VAGL-RXN,,9
1177,RXN-8948,,9
1178,ARALKYLAMINE-N-ACETYLTRANSFERASE-RXN,,9
1179,RXN-821,,9
1180,GUANIDINOBUTANAMIDE-NH3-RXN,LEFT-TO-RIGHT,9
1181,SUCROSE-SYNTHASE-RXN,RIGHT-TO-LEFT,9
1182,RXN-8277,,9
1183,RXN-8281,,9
1184,AMINOBENZCOALIG-RXN,,9
1185,RXN66-28,,9
1186,RXN66-105,,9
1187,2.5.1.58-RXN,,9
1188,PHOSPHO-DETHIO-RXN,,9
1189,RXN-9846,,9
1190,1.1.99.25-RXN,,9
1191,MONOPHENOL-MONOOXYGENASE-RXN,,9
1192,FRUCTOKINASE-RXN,LEFT-TO-RIGHT,9
1193,GARTRANSFORMYL2-RXN,LEFT-TO-RIGHT,9
1194,R62-RXN,,9
1195,RXN-10723,LEFT-TO-RIGHT,9
1196,DCMP-DEAMINASE-RXN,,9
1197,RXN-1405,,9
1198,RXN66-103,,9
1199,FUMARYLACETOACETASE-RXN,LEFT-TO-RIGHT,9
1200,ALLYSINE-DEHYDROG-RXN,,9
1201,HISTAMINOTRANS-RXN,,9
1202,SUCC-FUM-OXRED-RXN,,9
1203,3.4.21.36-RXN,,9
1204,RXN-9189,,9
1205,1.1.1.261-RXN,,9
1206,ACETOOHBUTREDUCTOISOM-RXN,RIGHT-TO-LEFT,9
1207,RXN-2961,REVERSIBLE,9
1208,RXN-9175,,9
1209,TRANS-OCTAPRENYLTRANSTRANSFERASE-RXN,,9
1210,3.7.1.9-RXN,,9
1211,METHANOL-OXIDASE-RXN,,9
1212,HOMOSERDEAM-RXN,,9
1213,RXN-5581,,9
1214,RXN-9278,,9
1215,RXN-7225,,9
1216,1.3.99.15-RXN,,9
1217,NICONUCADENYLYLTRAN-RXN,LEFT-TO-RIGHT,9
1218,RXN66-313,LEFT-TO-RIGHT,9
1219,2.7.10.2-RXN,,9
1220,1.2.1.47-RXN,LEFT-TO-RIGHT,9
1221,2.8.3.9-RXN,,9
1222,RXN-9827,,9
1223,TIGLYLCOA-HYDROXY-RXN,REVERSIBLE,9
1224,RXN-8916,,9
1225,RXN-4721,,9
1226,DARABALDOL-RXN,,9
1227,RXN-6524,,9
1228,CARNITINE-3-DEHYDROGENASE-RXN,,9
1229,RXN-6549,,9
1230,RXN-10481,,9
1231,RXN0-1483,,9
1232,RXN-8976,,9
1233,RXN-5421,,9
1234,TRANS-RXN-186,LEFT-TO-RIGHT,9
1235,MHPELY-RXN,,9
1236,RXN-9086,,9
1237,RXN-761,,9
1238,4-HYDROXYBUTYRATE-DEHYDROGENASE-RXN,,9
1239,R9-RXN,,9
1240,3.4.16.2-RXN,,9
1241,RXN4FS-4,,9
1242,4OH2OXOGLUTARALDOL-RXN,LEFT-TO-RIGHT,9
1243,PREPHENATEDEHYDROG-RXN,,9
1244,RXN0-2382,,9
1245,1.13.11.9-RXN,,9
1246,METHYLACETOACETYLCOATHIOL-RXN,REVERSIBLE,9
1247,RXN-9273,,9
1248,RXN-1,,9
1249,RXN66-104,,9
1250,PROTEIN-LYSINE-6-OXIDASE-RXN,,9
1251,RXN66-162,,9
1252,RXN1F-162,,9
1253,MMUM-RXN,,9
1254,RXN-6545,,9
1255,RXN-8966,,9
1256,GLYRIBONUCSYN-RXN,LEFT-TO-RIGHT,9
1257,SULFINOALANINE-DECARBOXYLASE-RXN,,9
1258,GLYCINE-N-CHOLOYLTRANSFERASE-RXN,,9
1259,RXN1F-170,,9
1260,ERYTH4PDEHYDROG-RXN,,9
1261,CARNITINE-O-ACETYLTRANSFERASE-RXN,,9
1262,CDPKIN-RXN,REVERSIBLE,9
1263,RXNQT-4142,,9
1264,RXN-6201,LEFT-TO-RIGHT,9
1265,DARAB5PISOM-RXN,RIGHT-TO-LEFT,9
1266,RXN-7625,,9
1267,ISOCHORMAT-RXN,,9
1268,D-ALANINE-AMINOTRANSFERASE-RXN,,9
1269,3.2.1.49-RXN,,9
1270,RXN-4225,,9
1271,GALLATE-DECARBOXYLASE-RXN,,9
1272,RXN-2301,,9
1273,RXN66-165,,9
1274,RXN-7821,,9
1275,RXN-10756,,9
1276,2.5.1.42-RXN,,9
1277,SPONTPRO-RXN,REVERSIBLE,9
1278,CHONDROITIN-4-SULFOTRANSFERASE-RXN,,9
1279,HISTALDEHYD-RXN,,9
1280,RXN-9367,,9
1281,RXN-9928,LEFT-TO-RIGHT,9
1282,RXN-8808,,9
1283,RXN-7591,,9
1284,RXN-9002,,9
1285,3-DEHYDROSPHINGANINE-REDUCTASE-RXN,RIGHT-TO-LEFT,9
1286,RXN-6269,,9
1287,RXN-7567,,9
1288,RXN-9283,,9
1289,KETAMID-RXN,,9
1290,RXN-8161,,9
1291,3.4.21.4-RXN,,9
1292,OHMETHYLBILANESYN-RXN,LEFT-TO-RIGHT,9
1293,RXN-7580,,9
1294,ADENOSINE-KINASE-RXN,,9
1295,LYSACET-RXN,,9
1296,PEROXID-RXN,,9
1297,RXN-4737,,9
1298,PTAALT-RXN,,9
1299,RXN-5466,LEFT-TO-RIGHT,9
1300,RXN-9025,LEFT-TO-RIGHT,9
1301,3-ISOPROPYLMALISOM-RXN,,9
1302,RXN-9754,,9
1303,PYRUVATE-CARBOXYLASE-RXN,LEFT-TO-RIGHT,9
1304,BETA-PHOSPHOGLUCOMUTASE-RXN,,9
1305,CHOLINE-KINASE-RXN,LEFT-TO-RIGHT,9
1306,2.1.1.116-RXN,,9
1307,4-HYDROXYBENZOATE-3-MONOOXYGENASE-RXN,,9
1308,1.14.13.79-RXN,,9
1309,RXN-1382,LEFT-TO-RIGHT,9
1310,RXN-9980,,9
1311,1.14.11.2-RXN,,9
1312,RXN-1143,,9
1313,RXN-1126,,9
1314,CARBODEHYDRAT-RXN,,9
1315,3.4.23.34-RXN,,9
1316,RXN3O-4157,,9
1317,N-ACETYLGLUTPREDUCT-RXN,,9
1318,RXN-9466,,9
1319,L-LACTDEHYDROGFMN-RXN,,9
1320,GALLATE-1-BETA-GLUCOSYLTRANSFERASE-RXN,,9
1321,RXN-9277,,9
1322,RXN-778,,9
1323,RXN0-5184,,9
1324,RXN-7162,,9
1325,RXN-969,,9
1326,GLYC3PDEHYDROGBIOSYN-RXN,RIGHT-TO-LEFT,9
1327,RXN-7913,,9
1328,RXN-7224,,9
1329,RXN-9971,,9
1330,RXN-8961,,9
1331,RXN-8123,,9
1332,3.1.13.3-RXN,,9
1333,RXN-5469,LEFT-TO-RIGHT,9
1334,RXN1F-143,,9
1335,RXN66-303,,9
1336,GLYOXII-RXN,LEFT-TO-RIGHT,9
1337,SORB6PDEHYDROG-RXN,,9
1338,CREATININE-DEAMINASE-RXN,,9
1339,RXN0-5123,,9
1340,RXN0-3942,,9
1341,5.99.1.3-RXN,,9
1342,RXN-4733,,9
1343,RXN0-5125,,9
1344,RXN-7643,,9
1345,RXN-9850,,9
1346,TRANS-RXN-190,LEFT-TO-RIGHT,9
1347,RXN-8642,,9
1348,RXN0-2921,LEFT-TO-RIGHT,9
1349,RXN66-24,,9
1350,RXN-4142,LEFT-TO-RIGHT,9
1351,NADPH-DEHYDROGENASE-RXN,,9
1352,2.4.1.222-RXN,,9
1353,RXN-1122,,9
1354,RXN-1685,,9
1355,RXN-5470,LEFT-TO-RIGHT,9
1356,2.4.1.149-RXN,,9
1357,RXN0-5225,,9
1358,RXN-9317,LEFT-TO-RIGHT,9
1359,GPH-RXN,,9
1360,RXN-9841,,9
1361,NARINGENIN-CHALCONE-SYNTHASE-RXN,,9
1362,RXN-5422,,9
1363,RXN-8994,,9
1364,RXN-9471,,9
1365,RXN-9469,,9
1366,RXN-8527,,9
1367,PROPKIN-RXN,,9
1368,PANTOATE-BETA-ALANINE-LIG-RXN,,9
1369,CMPKI-RXN,LEFT-TO-RIGHT,9
1370,RXN6666-7,LEFT-TO-RIGHT,9
1371,RXN-8713,,9
1372,ARGININE-DEIMINASE-RXN,,9
1373,UDP-GLUCURONATE-DECARBOXYLASE-RXN,,9
1374,2.8.1.8-RXN,,9
1375,1.3.1.2-RXN,RIGHT-TO-LEFT,9
1376,ORNITHINE--OXO-ACID-AMINOTRANSFERASE-RXN,,9
1377,RXN0-2381,,9
1378,ALDEHYDE-OXIDASE-RXN,,9
1379,RXN-5462,LEFT-TO-RIGHT,9
1380,GLUCOSE-1-PHOSPHAT-RXN,,9
1381,RXN-9794,,9
1382,PHOSPHATIDATE-PHOSPHATASE-RXN,LEFT-TO-RIGHT,9
1383,MYO-INOSITOL-1OR-4-MONOPHOSPHATASE-RXN,LEFT-TO-RIGHT,9
1384,GLUTCYSLIG-RXN,LEFT-TO-RIGHT,9
1385,RXN-6401,,9
1386,RXN-5423,,9
1387,3.6.3.14-RXN,,9
1388,RXN-9241,,9
1389,3.4.19.6-RXN,,9
1390,2.3.1.143-RXN,,9
1391,R12-RXN,,9
1392,RXN-8278,,9
1393,GLYOXI-RXN,RIGHT-TO-LEFT,9
1394,GLUC1PURIDYLTRANS-RXN,REVERSIBLE,9
1395,RXN-7632,,9
1396,RXN-7871,,9
1397,GLUTAMATE-SYNTHASE-NADH-RXN,,9
1398,RXN-8618,,9
1399,SULFITE-REDUCT-RXN,,9
1400,PGLUCISOM-RXN,REVERSIBLE,9
1401,ADENPRIBOSYLTRAN-RXN,,9
1402,3.4.24.64-RXN,,9
1403,ALPHA-L-FUCOSIDASE-RXN,,9
1404,PRPPAMIDOTRANS-RXN,RIGHT-TO-LEFT,9
1405,5.5.1.2-RXN,,9
1406,ORNITHINE-CYCLODEAMINASE-RXN,,9
1407,RXN-5468,LEFT-TO-RIGHT,9
1408,GDP-6-DEOXY-D-TALOSE-4-DEHYDROGENASE-RXN,,9
1409,RXN-4521,,9
1410,PHOSPHOLIPASE-C-RXN,,9
1411,BENZOYLFORMATE-DECARBOXYLASE-RXN,,9
1412,RXN-8711,,9
1413,HEMEOSYN-RXN,,9
1414,SHIKIMATE-PQQ-RXN,,9
1415,RXN-8037,LEFT-TO-RIGHT,9
1416,RXN-8964,,9
1417,RIBOKIN-RXN,,9
1418,RXN-10717,,9
1419,5.1.99.4-RXN,,9
1420,RXN-8710,,9
1421,FHLMULTI-RXN,,9
1422,DIHYDROXYISOVALDEHYDRAT-RXN,,9
1423,GLUTRACE-RXN,LEFT-TO-RIGHT,9
1424,TYRAMINE-N-FERULOYLTRANSFERASE-RXN,,9
1425,3.1.4.47-RXN,,9
1426,RXN-7780,,9
1427,RXN-9597,,9
1428,3.4.22.1-RXN,,9
1429,3.5.5.1-RXN,,9
1430,RXN-9222,,9
1431,RXN-8801,,9
1432,PNPOXI-RXN,,9
1433,HYDROXYPYRUVATE-REDUCTASE-RXN,,9
1434,RXN66-241,LEFT-TO-RIGHT,9
1435,3.6.5.5-RXN,,9
1436,3.1.22.1-RXN,,9
1437,3.2.1.25-RXN,,9
1438,3.2.1.53-RXN,,9
1439,2.7.9.3-RXN,LEFT-TO-RIGHT,9
1440,RXN-8116,,9
1441,PROPIONYL-COA-CARBOXY-RXN,LEFT-TO-RIGHT,9
1442,TREHALA-RXN,LEFT-TO-RIGHT,9
1443,3.1.3.56-RXN,,9
1444,PHENYLALANINE-DECARBOXYLASE-RXN,LEFT-TO-RIGHT,9
1445,RXN66-61,,9
1446,GLUCOKIN-RXN,LEFT-TO-RIGHT,9
1447,HOMOCYSMET-RXN,LEFT-TO-RIGHT,9
1448,RXN-5065,,9
1449,MUCONATE-CYCLOISOMERASE-RXN,,9
1450,SUCROSE-PHOSPHORYLASE-RXN,,9
1451,RXN66-142,,9
1452,RXN-6282,,9
1453,GLYCOGEN-BRANCH-RXN,,9
1454,RXN-9285,,9
1455,RXN-7812,,9
1456,CYSTATHIONINE-BETA-SYNTHASE-RXN,LEFT-TO-RIGHT,9
1457,DLACTDEHYDROGFAD-RXN,LEFT-TO-RIGHT,9
1458,2.7.7.1-RXN,LEFT-TO-RIGHT,9
1459,RXN-7792,,9
1460,RXN-9364,,9
1461,RXN0-268,,9
1462,2.7.7.60-RXN,,9
1463,PSII-RXN,,9
1464,NICOTINATE-DEHYDROGENASE-RXN,,9
1465,KETOGLUTREDUCT-RXN,,9
1466,RXN-8753,,9
1467,TRIOSEPISOMERIZATION-RXN,REVERSIBLE,9
1468,CERAMIDASE-YEAST-RXN,,9
1469,RXN-7704,,9
1470,FORMATETHFLIG-RXN,LEFT-TO-RIGHT,9
1471,RXN-7181,LEFT-TO-RIGHT,9
1472,PHOSPHOLIPASE-A2-RXN,LEFT-TO-RIGHT,9
1473,RXN-9636,,9
1474,3.4.24.61-RXN,,9
1475,3.6.3.44-RXN,,9
1476,1.1.1.201-RXN,,9
1477,TRANSALDOL-RXN,LEFT-TO-RIGHT,9
1478,DIHYDROURACIL-DEHYDROGENASE-NAD+-RXN,,9
1479,RXN-6601,LEFT-TO-RIGHT,9
1480,RXN-2581,,9
1481,RXN-9798,,9
1482,5.4.2.10-RXN,,9
1483,2.7.7.15-RXN,LEFT-TO-RIGHT,9
1484,RXN-7737,,9
1485,HYDROXYPYRROLINEDEH-RXN,,9
1486,RXN-6383,,9
1487,DTMPKI-RXN,LEFT-TO-RIGHT,9
1488,PGLYCDEHYDROG-RXN,LEFT-TO-RIGHT,9
1489,RXN-9356,,9
1490,RXN-9347,,9
1491,RXN-9718,,9
1492,R314-RXN,,9
1493,2.7.4.10-RXN,,9
1494,4-NITROPHENYLPHOSPHATASE-RXN,,9
1495,GLY3KIN-RXN,,9
1496,RXN-9170,,9
1497,ACYLCOASYN-RXN,LEFT-TO-RIGHT,9
1498,RXN-3765,,9
1499,RXN3O-1118,LEFT-TO-RIGHT,9
1500,2.7.1.154-RXN,,9
1501,RXN-2962,LEFT-TO-RIGHT,9
1502,RXN3O-4042,,9
1503,RXN-8035,,9
1504,1.14.13.8-RXN,,9
1505,RXN-10728,,9
1506,RXN-4723,,9
1507,KDGALDOL-RXN,,9
1508,RXN-8717,,9
1509,3.6.1.50-RXN,,9
1510,XANPRIBOSYLTRAN-RXN,RIGHT-TO-LEFT,9
1511,RXN-8292,,9
1512,RXN-7909,RIGHT-TO-LEFT,9
1513,ERYTHRON4PDEHYDROG-RXN,,9
1514,3.2.1.24-RXN,,9
1515,R545-RXN,,9
1516,FUCISOM-RXN,,9
1517,2.7.7.33-RXN,,9
1518,RXN-716,,9
1519,METHYLMALONYL-COA-MUT-RXN,LEFT-TO-RIGHT,9
1520,RXN-9995,,9
1521,ENOYL-COA-HYDRAT-RXN,REVERSIBLE,9
1522,RXN-7657,,9
1523,2.4.1.83-RXN,LEFT-TO-RIGHT,9
1524,RXN0-5267,LEFT-TO-RIGHT,9
1525,3.4.21.61-RXN,,9
1526,3-DEHYDROQUINATE-DEHYDRATASE-RXN,,9
1527,2.4.1.221-RXN,,9
1528,S-ADENMETSYN-RXN,LEFT-TO-RIGHT,9
1529,2.7.7.13-RXN,LEFT-TO-RIGHT,9
1530,RXN-2901,,9
1531,IMIDAZOLONEPROPIONASE-RXN,,9
1532,BENZALDEHYDE-DEHYDROGENASE-NADP+-RXN,,9
1533,RXN-7185,,9
1534,RXN-3641,,9
1535,RXN-8853,RIGHT-TO-LEFT,9
1536,SEDOBISALDOL-RXN,,9
1537,DIHYDROXYMETVALDEHYDRAT-RXN,LEFT-TO-RIGHT,9
1538,RXN-4226,,9
1539,AMINEPHEN-RXN,LEFT-TO-RIGHT,9
1540,RXN-8998,,9
1541,3-DEHYDROQUINATE-SYNTHASE-RXN,,9
1542,2.1.1.19-RXN,RIGHT-TO-LEFT,9
1543,SULFITE-OXIDASE-RXN,LEFT-TO-RIGHT,9
1544,PDXJ-RXN,,9
1545,3.1.3.66-RXN,,9
1546,GLUTAMIN-RXN,,9
1547,UGD-RXN,LEFT-TO-RIGHT,9
1548,23-DIMETHYLMALATE-LYASE-RXN,,9
1549,RXN-7929,,9
1550,3.2.1.101-RXN,,9
1551,RXN-5881,,9
1552,RXN-8724,,9
1553,RXN-1125,,9
1554,PNP-RXN,,9
1555,PRAISOM-RXN,,9
1556,RXN-36,,9
1557,3.2.1.48-RXN,,9
1558,FADSYN-RXN,,9
1559,OAHTHAUERA-RXN,,9
1560,RXN66-321,,9
1561,RXN66-11,,9
1562,2.5.1.60-RXN,,9
1563,HEME-OXYGENASE-DECYCLIZING-RXN,LEFT-TO-RIGHT,9
1564,RXN-9167,,9
1565,HYDROXYBENZALDEHYDE-OXIDATION-NADP-RXN,,9
1566,DCDPKIN-RXN,LEFT-TO-RIGHT,9
1567,RXN0-5127,,9
1568,RXN-8821,,9
1569,ALANINE-AMINOTRANSFERASE-RXN,REVERSIBLE,9
1570,RXN-9138,,9
1571,RXNQT-4301,,9
1572,THREONINE-ALDOLASE-RXN,LEFT-TO-RIGHT,9
1573,RXN0-5226,,9
1574,TRANS-CINNAMATE-2-MONOOXYGENASE-RXN,,9
1575,RXN-8166,,9
1576,3.1.2.23-RXN,LEFT-TO-RIGHT,9
1577,FRUCTOSE-6-PHOSPHATE-PHOSPHOKETOLASE-RXN,,9
1578,RXN1F-163,,9
1579,RXN66-15,,9
1580,RXN-8447,LEFT-TO-RIGHT,9
1581,KETOLACTOSE-RXN,,9
1582,4.1.1.80-RXN,,9
1583,GLUCOSAMINEPNACETYLTRANS-RXN,LEFT-TO-RIGHT,9
1584,RXN-9280,,9
1585,RXN-7781,,9
1586,RXN66-168,,9
1587,RXN-9623,,9
1588,RXN3O-1380,,9
1589,GLYMALTOPHOSPHORYL-RXN,,9
1590,RXN-902,,9
1591,RXN-34,,9
1592,3.1.6.12-RXN,,9
1593,3.4.14.5-RXN,,9
1594,PUTTRANSAM-RXN,,9
1595,ALPHA-KETOBUTYRATE-DEHYDROG-RXN,,9
1596,RXN66-16,,9
1597,DOLICHOL-KINASE-RXN,,9
1598,RXN-7779,,9
1599,RXN-9991,,9
1600,2.5.1.39-RXN,,9
1601,SARCOX-RXN,,9
1602,RXN-4228,,9
1603,D-RIBULOKIN-RXN,,9
1604,2.5.1.21-RXN,,9
1605,ASPARTATE-SEMIALDEHYDE-DEHYDROGENASE-RXN,,9
1606,ARACHIDONATE--COA-LIGASE-RXN,,9
1607,RXN-9344,,9
1608,3.1.3.57-RXN,,9
1609,RXN-7699,,9
1610,SERINE-GLYOXYLATE-AMINOTRANSFERASE-RXN,,9
1611,RXN-8093,,9
1612,RXN-8899,LEFT-TO-RIGHT,9
1613,RXN-1083,,9
1614,GALACTARDEHYDRA-RXN,,9
1615,2.7.11.18-RXN,,9
1616,RXN-9092,,9
1617,URACIL-PRIBOSYLTRANS-RXN,RIGHT-TO-LEFT,9
1618,HOMOSERINE-O-ACETYLTRANSFERASE-RXN,,9
1619,GTP-CYCLOHYDRO-II-RXN,,9
1620,RXN-8973,,9
1621,ARYLFORMAMIDASE-RXN,LEFT-TO-RIGHT,9
1622,CHOLESTANETETRAOL-26-DEHYDROGENASE-RXN,,9
1623,TRE6PHYDRO-RXN,,9
1624,ARGSUCCINSYN-RXN,LEFT-TO-RIGHT,9
1625,RXN-8243,LEFT-TO-RIGHT,9
1626,MALEATE-ISOMERASE-RXN,,9
1627,ATP-CITRATE-PRO-S--LYASE-RXN,RIGHT-TO-LEFT,9
1628,3.4.21.92-RXN,,9
1629,ASNSYNB-RXN,,9
1630,RXN1F-20,,9
1631,DIACYLGLYKIN-RXN,,9
1632,RXN-7835,,9
1633,RXN-9839,,9
1634,RXN-7694,,9
1635,RXN-7813,,9
1636,RXN-9672,,9
1637,RXN-8086,,9
1638,3.4.21.26-RXN,,9
1639,3.1.21.1-RXN,,9
1640,RXN-7682,,9
1641,2.7.1.145-RXN,,9
1642,3.4.24.59-RXN,,9
1643,RXN-9372,,9
1644,LYSINE-RACEMASE-RXN,,9
1645,PSERTRANSAMPYR-RXN,,9
1646,GLUTATHIONE-SYN-RXN,LEFT-TO-RIGHT,9
1647,RXN-1142,,9
1648,RXN66-167,,9
1649,HYPOXANPRIBOSYLTRAN-RXN,,9
1650,RXN-8967,,9
1651,GLUCONATE-DEHYDRATASE-RXN,,9
1652,DIAMINOPIMDECARB-RXN,,9
1653,1.5.1.15-RXN,LEFT-TO-RIGHT,9
1654,NADNUCLEOSID-RXN,,9
1655,NACGLCTRANS-RXN,LEFT-TO-RIGHT,9
1656,5.99.1.2-RXN,,9
1657,HOMOSERDEHYDROG-RXN,,9
1658,3.4.13.9-RXN,,9
1659,MEPROPCOA-FAD-RXN,LEFT-TO-RIGHT,9
1660,RXN-10067,,9
1661,3.4.24.56-RXN,,9
1662,RXN-8965,,9
1663,HEXOKINASE-RXN,,9
1664,GPPSYN-RXN,LEFT-TO-RIGHT,9
1665,3-HYDROXYISOBUTYRYL-COA-HYDROLASE-RXN,LEFT-TO-RIGHT,9
1666,RXN0-742,,9
1667,RXN66-18,,9
1668,RXN-9024,LEFT-TO-RIGHT,9
1669,DIPHOSPHOMEVALONTE-DECARBOXYLASE-RXN,LEFT-TO-RIGHT,9
1670,XYLISOM-RXN,LEFT-TO-RIGHT,9
1671,2OXOGLUTARATEDEH-RXN,LEFT-TO-RIGHT,9
1672,STREPTOMYCIN-6-PHOSPHATASE-RXN,,9
1673,GLUTAMATE-DEHYDROGENASE-NADP+-RXN,REVERSIBLE,9
1674,RXN-3562,,9
1675,TRYPTOPHAN-5-MONOOXYGENASE-RXN,LEFT-TO-RIGHT,9
1676,RXN-8660,,9
1677,2.3.1.80-RXN,LEFT-TO-RIGHT,9
1678,MALATE-DEHYDROGENASE-ACCEPTOR-RXN,,9
1679,RXNN-404,,9
1680,RXN-9675,,9
1681,GLUTDEHYD-RXN,RIGHT-TO-LEFT,9
1682,CHITIN-DEACETYLASE-RXN,,9
1683,RXN-9581,,9
1684,2.1.1.103-RXN,,9
1685,RXN-8482,LEFT-TO-RIGHT,9
1686,RXN66-17,,9
1687,RXN-1824,,9
1688,UDP-NACMURALGLDAPLIG-RXN,LEFT-TO-RIGHT,9
1689,DALADALALIG-RXN,LEFT-TO-RIGHT,9
1690,RXN-8915,,9
1691,RXN-9996,,9
1692,RXN-7795,,9
1693,RXN-9624,,9
1694,RXN-9796,,9
1695,ACYL-COA-OXIDASE-RXN,LEFT-TO-RIGHT,9
1696,URKI-RXN,LEFT-TO-RIGHT,9
1697,RXN-719,,9
1698,ETHYL-RXN,,9
1699,PHOSPHOLIPASE-A1-RXN,LEFT-TO-RIGHT,9
1700,RXN-5472,LEFT-TO-RIGHT,9
1701,3.4.11.2-RXN,,9
1702,GSHTRAN-RXN,LEFT-TO-RIGHT,9
1703,PYRIMSYN3-RXN,,9
1704,1.5.4.1-RXN,,9
1705,RXN-8891,,9
1706,1.11.1.15-RXN,,9
1707,3.1.13.4-RXN,,9
1708,3.4.24.57-RXN,,9
1709,RXN-9023,LEFT-TO-RIGHT,9
1710,RXN-7622,,9
1711,NITRIC-OXIDE-SYNTHASE-RXN,LEFT-TO-RIGHT,9
1712,DIPHTHINE-SYNTHASE-RXN,,9
1713,ALDEHYDE-REDUCTASE-RXN,,9
1714,RXN-8444,,9
1715,3.4.24.70-RXN,,9
1716,GLYOHMETRANS-RXN,REVERSIBLE,9
1717,2.7.1.151-RXN,,9
1718,OXALYL-COA-DECARBOXYLASE-RXN,,9
1719,GLUTARYL-COA-DEHYDROG-RXN,LEFT-TO-RIGHT,9
1720,RXN3O-73,,9
1721,2.4.1.133-RXN,,9
1722,RXN-8483,LEFT-TO-RIGHT,9
1723,1PFRUCTPHOSN-RXN,,9
1724,PHOSPHOMEVALONATE-KINASE-RXN,LEFT-TO-RIGHT,9
1725,PSEUDOURIDYLATE-SYNTHASE-RXN,,9
1726,RXN-7609,,9
1727,L-GLN-FRUCT-6-P-AMINOTRANS-RXN,LEFT-TO-RIGHT,9
1728,PHENYLPCARB-RXN,,9
1729,LINAMARIN-SYNTHASE-RXN,,9
1730,3-HYDROXBUTYRYL-COA-DEHYDRATASE-RXN,,9
1731,RXN-7798,,9
1732,1.14.19.3-RXN,LEFT-TO-RIGHT,9
1733,1.2.1.40-RXN,,9
1734,RXN-6182,LEFT-TO-RIGHT,9
1735,RXN-3443,,9
1736,RXN0-5120,,9
1737,XANTHINE-OXIDASE-RXN,,9
1738,RXN-9800,,9
1739,RXN-9287,,9
1740,RXN-2542,,9
1741,RXN-5444,,9
1742,RXN-7805,,9
1743,RXN-7570,,9
1744,DIHYDROFOLATESYNTH-RXN,LEFT-TO-RIGHT,9
1745,RXN-10724,LEFT-TO-RIGHT,9
1746,RXN-7839,,9
1747,RXN-4732,,9
1748,RXN-8109,,9
1749,SUCCINATE-DEHYDROGENASE-UBIQUINONE-RXN,LEFT-TO-RIGHT,9
1750,2.4.1.244-RXN,,9
1751,UMPKI-RXN,LEFT-TO-RIGHT,9
1752,2.7.10.1-RXN,,9
1753,RXN-775,,9
1754,DIHYDROOROT-RXN,RIGHT-TO-LEFT,9
1755,RXN-5403,,9
1756,RXN-7204,,9
1757,R23-RXN,,9
1758,RXN-8974,,9
1759,3.1.3.67-RXN,,9
1760,3-HYDROXYISOBUTYRATE-DEHYDROGENASE-RXN,LEFT-TO-RIGHT,9
1761,RXN-9674,,9
1762,RXN-6462,LEFT-TO-RIGHT,9
1763,6PGLUCONDEHYDROG-RXN,,9
1764,LTAA-RXN,,9
1765,ASPCARBTRANS-RXN,LEFT-TO-RIGHT,9
1766,ITACONYL-COA-HYDRATASE-RXN,RIGHT-TO-LEFT,9
1767,GLCNACPTRANS-RXN,,9
1768,RXN-7968,,9
1769,SQUALENE-MONOOXYGENASE-RXN,,9
1770,R6-RXN,,9
1771,RXN66-169,,9
1772,RXN-4241,,9
1773,RXN66-161,,9
1774,5.5.1.13-RXN,,9
1775,RXN0-882,,9
1776,RXN-MG-PROTOPORPHYRIN-METHYLESTER-SYN,,9
1777,SCYLLO-INOSAMINE-KINASE-RXN,,9
1778,HYDROGENSULFITE-REDUCTASE-RXN,,9
1779,ACYLCOADEHYDROG-RXN,LEFT-TO-RIGHT,9
1780,KETOBUTFORMLY-RXN,,9
1781,RXN-9269,,9
1782,RXN-8719,,9
1783,3.1.6.13-RXN,,9
1784,RXN-4725,,9
1785,1.5.1.8-RXN,,9
1786,GLYCPDIESTER-RXN,LEFT-TO-RIGHT,9
1787,RXN66-166,,9
1788,MALATE-DEHYDROGENASE-NADP+-RXN,,9
1789,PHENACEOX-RXN,,9
1790,URPHOS-RXN,LEFT-TO-RIGHT,9
1791,RXN-8912,LEFT-TO-RIGHT,9
1792,R11-RXN,,9
1793,RXN-1641,LEFT-TO-RIGHT,9
1794,RXN-8716,,9
1795,1.14.21.6-RXN,,9
1796,RXN-9259,,9
1797,GALACTOKIN-RXN,LEFT-TO-RIGHT,9
1798,3.2.1.141-RXN,,9
1799,RXN-1461,,9
1800,RXN-3601,,9
1801,2PGADEHYDRAT-RXN,REVERSIBLE,9
1802,4-HYDROXYMANDELATE-OXY-RXN,,9
1803,RXN-6541,,9
1804,AIRS-RXN,LEFT-TO-RIGHT,9
1805,RXN-6423,LEFT-TO-RIGHT,9
1806,RXN0-5258,LEFT-TO-RIGHT,9
1807,UDP-N-ACETYLGLUCOSAMINE-4-EPIMERASE-RXN,,9
1808,RXN66-311,LEFT-TO-RIGHT,9
1809,MANNITOL-1-PHOSPHATASE-RXN,,9
1810,RXN0-5390,LEFT-TO-RIGHT,9
1811,RXN-7082,,9
1812,3.6.5.4-RXN,,9
1813,RXN-7811,,9
1814,LACTOYL-COA-DEHYDRATASE-RXN,,9
1815,RXN-8751,,9
1816,1.1.1.255-RXN,,9
1817,AICARTRANSFORM-RXN,LEFT-TO-RIGHT,9
1818,L-ASCORBATE-OXIDASE-RXN,,9
1819,RXN-37,,9
1820,2.4.1.223-RXN,,9
1821,4-COUMARATE--COA-LIGASE-RXN,LEFT-TO-RIGHT,9
1822,RXN-8197,,9
1823,RXN-8480,,9
1824,R15-RXN,,9
1825,FORMYLTHFDEFORMYL-RXN,LEFT-TO-RIGHT,9
1826,RXN-8798,,9
1827,HOMOCYSTEINE-S-METHYLTRANSFERASE-RXN,,9
1828,RXN-8999,,9
1829,PHOSNACMURPENTATRANS-RXN,LEFT-TO-RIGHT,9
1830,RXN-7919,,9
1831,RXN66-1,LEFT-TO-RIGHT,9
1832,UDPMANACATRANS-RXN,,9
1833,RXN-9737,,9
1834,MYO-INOSITOL-1-KINASE-RXN,,9
1835,ACONITATEDEHYDR-RXN,LEFT-TO-RIGHT,9
1836,RXN-1406,,9
1837,RXN66-319,RIGHT-TO-LEFT,9
1838,RXN-9369,,9
1839,TRANS-RXN-167A,LEFT-TO-RIGHT,9
1840,RXN-8991,,9
1841,DIHYDLIPOXN-RXN,,9
1842,RXN-8036,,9
1843,DHDOGALDOL-RXN,,9
1844,OHACYL-COA-DEHYDROG-RXN,LEFT-TO-RIGHT,9
1845,SERINE--GLYOXYLATE-AMINOTRANSFERASE-RXN,,9
1846,ISOFLAVONE-2-HYDROXYLASE-RXN,,9
1847,2-MEBUCOA-FAD-RXN,,9
1848,1.8.4.9-RXN,,9
1849,SPERMIDINESYN-RXN,LEFT-TO-RIGHT,9
1850,GTP-CYCLOHYDRO-I-RXN,LEFT-TO-RIGHT,9
1851,PYRNUTRANSHYDROGEN-RXN,,9
1852,TRYPTOPHAN-23-DIOXYGENASE-RXN,,9
1853,RXN-5443,,9
1854,RXN-10057,,9
1855,PEPTIDYLAMIDOGLYCOLATE-LYASE-RXN,,9
1856,R524-RXN,,9
1857,PGPPHOSPHA-RXN,LEFT-TO-RIGHT,9
1858,2-OCTAPRENYL-6-METHOXYPHENOL-HYDROX-RXN,,9
1859,NAD-SYNTH-NH3-RXN,,9
1860,RXN-7629,,9
1861,5.1.1.17-RXN,,9
1862,RXN66-27,,9
1863,PHOSACETYLGLUCOSAMINEMUT-RXN,LEFT-TO-RIGHT,9
1864,5-FORMYL-THF-CYCLO-LIGASE-RXN,LEFT-TO-RIGHT,9
1865,PHENOLPHOS-RXN,,9
1866,HYDROXYBENZOYLFORMATE-DECARBOXYLASE-RXN,,9
1867,RXN-2103,,9
1868,RXN-3142,,9
1869,RXN-8478,LEFT-TO-RIGHT,9
1870,RXN-9286,,9
1871,UDPGLCNACEPIM-RXN,,9
1872,RXN3O-1983,,9
1873,CYSPH-RXN,,9
1874,RXN-9311,,9
1875,GLYCOPHOSPHORYL-RXN,LEFT-TO-RIGHT,9
1876,2-OCTAPRENYL-6-OHPHENOL-METHY-RXN,,9
1877,4.1.1.32-RXN,,9
1878,RXN-2621,,9
1879,NAD-SYNTH-GLN-RXN,LEFT-TO-RIGHT,9
1880,CARBOXYLESTERASE-RXN,,9
1881,RXN66-317,LEFT-TO-RIGHT,9
1882,RXN-6903,,9
1883,RXN-9842,,9
1884,RXN-2762,,9
1885,TRANS-RXN-207,LEFT-TO-RIGHT,9
1886,3.2.1.76-RXN,,9
1887,RXN-8972,,9
1888,PHENYLALANINE-AMMONIA-LYASE-RXN,,9
1889,S-NORLAUDANOSOLINE-SYNTHASE-RXN,,9
1890,RXN0-1401,,9
1891,RXN-8911,,9
1892,2.3.1.157-RXN,,9
1893,RXN-6421,,9
1894,RXN-7873,,9
1895,NITRATE-REDUCTASE-NADH-RXN,,9
1896,DARABISOM-RXN,,9
1897,RXN0-299,,9
1898,3.6.1.52-RXN,,9
1899,RXN3O-328,,9
1900,RXN0-5118,,9
1901,R546-RXN,,9
1902,RIBOPHOSPHAT-RXN,,9
1903,R83-RXN,,9
1904,2.4.1.129-RXN,,9
1905,BETA-LYSINE-56-AMINOMUTASE-RXN,,9
1906,RXN-718,,9
1907,RXN-9669,,9
1908,SAMDECARB-RXN,LEFT-TO-RIGHT,9
1909,R302-RXN,RIGHT-TO-LEFT,9
1910,DIMETHYLARGININASE-RXN,,9
1911,MALYL-COA-LYASE-RXN,,9
1912,S-FORMYLGLUTATHIONE-HYDROLASE-RXN,LEFT-TO-RIGHT,9
1913,3.4.14.10-RXN,,9
1914,R7-RXN,,9
1915,RXN-4727,,9
1916,RXN-7708,,9
1917,DHS-PHOSPHATASE-RXN,,9
1918,URATE-OXIDASE-RXN,LEFT-TO-RIGHT,9
1919,TSA-REDUCT-RXN,,9
1920,FORMATE-DEHYDROGENASE-NADP+-RXN,,9
1921,L-ARABINONOLACTONASE-RXN,,9
1922,IMPCYCLOHYDROLASE-RXN,RIGHT-TO-LEFT,9
1923,RXN-8383,,9
1924,RXN3O-75,,9
1925,METHYLASPARTATE-MUTASE-RXN,,9
1926,GALPMUT-RXN,,9
1927,RXN66-21,,9
1928,RXN-7668,LEFT-TO-RIGHT,9
1929,MEVALONATE-KINASE-RXN,LEFT-TO-RIGHT,9
1930,GUANYLCYC-RXN,,9
1931,3.5.1.52-RXN,,9
1932,RXN-8707,,9
1933,RXN-9106,,9
1934,RXN-3602,,9
1935,MALIC-NADP-RXN,LEFT-TO-RIGHT,9
1936,GLYCERONE-KINASE-RXN,,9
1937,LYXK-RXN,,9
1938,R82-RXN,,9
1939,R310-RXN,,9
1940,1.1.1.259-RXN,,9
1941,1.14.13.78-RXN,,9
1942,RXN-8723,,9
1943,RXN-7693,,9
1944,RXN0-1461,LEFT-TO-RIGHT,9
1945,RXN-7585,,9
1946,N-CARBAMOYLPUTRESCINE-AMIDASE-RXN,,9
1947,3PGAREARR-RXN,REVERSIBLE,9
1948,HEMN-RXN,,9
1949,3.4.11.14-RXN,,9
1950,IMP-DEHYDROG-RXN,REVERSIBLE,9
1951,RXN-5463,LEFT-TO-RIGHT,9
1952,DCHTHAUERA-RXN,,9
1953,3.3.2.10-RXN,,9
1954,SPHINGANINE-KINASE-RXN,,9
1955,GLUTATHIONE-REDUCT-NADPH-RXN,RIGHT-TO-LEFT,9
1956,AMP-DEPHOSPHORYLATION-RXN,,9
1957,PYRIDOXKIN-RXN,,9
1958,RXN-9987,LEFT-TO-RIGHT,9
1959,PHENDEHYD-RXN,,9
1960,5.4.2.5-RXN,,9
1961,3.1.26.5-RXN,,9
1962,RXN-8747,,9
1963,RHAMNISOM-RXN,,9
1964,2.1.4.2-RXN,,9
1965,RXN-2122,,9
1966,RXN0-1021,,9
1967,RXN-8665,LEFT-TO-RIGHT,9
1968,RXN-7706,,9
1969,RXN-8088,,9
1970,SUCROSE-PHOSPHATASE-RXN,,9
1971,2.7.1.139-RXN,,9
1972,RXN-9753,,9
1973,24-DIAMINOPENTANOATE-DEHYDROGENASE-RXN,,9
1974,DHHB-METHYLTRANSFER-RXN,,9
1975,RXN-7743,,9
1976,RXN-8387,,9
1977,OROTPDECARB-RXN,LEFT-TO-RIGHT,9
1978,PSERPHOSPHA-RXN,,9
1979,RXN-8889,,9
1980,GLYOCARBOLIG-RXN,,9
1981,RXN-2364,,9
1982,NAD-KIN-RXN,LEFT-TO-RIGHT,9
1983,RXN-2902,,9
1984,RXN-8082,,9
1985,3.5.2.18-RXN,,9
1986,CALCIDIOL-1-MONOOXYGENASE-RXN,,9
1987,RXN-7810,,9
1988,RXN-9642,,9
1989,TAURINE-DEHYDROGENASE-RXN,,9
1990,HYDROXYPHENYLPYRUVATE-REDUCTASE-RXN,RIGHT-TO-LEFT,9
1991,2.1.1.140-RXN,,9
1992,RXN-7001,,9
1993,1.1.1.262-RXN,,9
1994,PHEAMINOTRANS-RXN,,9
1995,RXN-8460,,9
1996,BHBDCLOS-RXN,,9
1997,AKPTHIOL-RXN,,9
1998,3.4.22.15-RXN,,9
1999,2.3.1.156-RXN,,9
2000,RXN-4465,,9
2001,D-PPENTOMUT-RXN,LEFT-TO-RIGHT,9
2002,THYMIDYLATESYN-RXN,LEFT-TO-RIGHT,9
2003,PSERTRANSAM-RXN,RIGHT-TO-LEFT,9
2004,RXN-8108,,9
2005,TESTOSTERONE-17-BETA-DEHYDROGENASE-RXN,,9
2006,PRIBFAICARPISOM-RXN,,9
2007,GLYC3PDEHYDROG-RXN,LEFT-TO-RIGHT,9
2008,3.6.1.47-RXN,,9
2009,1.5.1.20-RXN,RIGHT-TO-LEFT,9
2010,2.6.1.58-RXN,,9
2011,AMP-NUCLEOSID-RXN,,9
2012,1.1.1.87-RXN,,9
2013,DMK-RXN,,9
2014,GUANPHOSPHOR-RXN,,9
2015,ADENOSINE-NUCLEOSIDASE-RXN,,9
2016,RXN-6021,,9
2017,RXN-10,,9
2018,GLUTDECARBOX-RXN,,9
2019,RXN-7203,,9
2020,UDP-NACMURALA-GLU-LIG-RXN,LEFT-TO-RIGHT,9
2021,DTDPKIN-RXN,LEFT-TO-RIGHT,9
2022,RXN-7797,,9
2023,R547-RXN,LEFT-TO-RIGHT,9
2024,RXN-9228,,9
2025,RXN-8854,RIGHT-TO-LEFT,9
2026,ISOCHORSYN-RXN,,9
2027,URUR-RXN,LEFT-TO-RIGHT,9
2028,RXN3DJ-35528,LEFT-TO-RIGHT,9
2029,RXN-9004,,9
2030,2.1.3.1-RXN,,9
2031,RXN-8722,,9
2032,6.2.1.34-RXN,,9
2033,RXN66-26,,9
2034,AIRCARBOXY-RXN,RIGHT-TO-LEFT,9
2035,RXN66-221,LEFT-TO-RIGHT,9
2036,GLUTAMINESYN-RXN,LEFT-TO-RIGHT,9
2037,RXN-8118,,9
2038,RXN-5471,LEFT-TO-RIGHT,9
2039,4.4.1.14-RXN,,9
2040,PREPHENATEDEHYDRAT-RXN,,9
2041,5.4.99.15-RXN,,9
2042,RXN-9627,,9
2043,RXN-10482,,9
2044,ALPHAALPHA-TREHALOSE-PHOSPHORYLASE-RXN,,9
2045,RXN-9235,,9
2046,RXN-4764,,9
2047,R544-RXN,LEFT-TO-RIGHT,9
2048,RXN-7631,,9
2049,ACNEULY-RXN,LEFT-TO-RIGHT,9
2050,PYRUVDEH-RXN,,9
2051,1.14.11.1-RXN,LEFT-TO-RIGHT,9
2052,RXN-7700,RIGHT-TO-LEFT,9
2053,RXNQT-4141,,9
2054,RXN0-884,,9
2055,RXN-1104,,9
2056,RXN-9345,,9
2057,NADH-DEHYDROGENASE-RXN,,9
2058,3.5.2.14-RXN,,9
2059,RXN-8947,,9
2060,DXS-RXN,,9
2061,UDP-NACMURALGLDAPAALIG-RXN,LEFT-TO-RIGHT,9
2062,NITRATE-REDUCTASE-NADPH-RXN,,9
2063,RXN-7697,LEFT-TO-RIGHT,9
2064,RXN-9270,,9
2065,2.4.99.10-RXN,,9
2066,LYSINE-23-AMINOMUTASE-RXN,,9
2067,RXN-6002,,9
2068,2.4.1.114-RXN,,9
2069,PYRAMKIN-RXN,,9
2070,RXN-10721,LEFT-TO-RIGHT,9
2071,D-AMINO-ACID-OXIDASE-RXN,,9
2072,RXN1F-99,,9
2073,RXN-9852,,9
2074,4.3.1.4-RXN,,9
2075,RXN-5402,,9
2076,RXN-8727,,9
2077,1.2.1.13-RXN,,9
2078,ACYLNEURAMINATE-CYTIDYLYLTRANSFERASE-RXN,,9
2079,TRANSENOYLCOARED-RXN,,9
2080,ALCOHOL-DEHYDROGENASE-NADPORNOP+-RXN,,9
2081,1-PHOSPHATIDYLINOSITOL-KINASE-RXN,,9
2082,RXN-7640,,9
2083,SUCCINATE--COA-LIGASE-GDP-FORMING-RXN,,9
2084,2.1.1.77-RXN,,9
2085,3.5.2.17-RXN,LEFT-TO-RIGHT,9
2086,RXN-9226,,9
2087,PRTRANS-RXN,,9
2088,CARBPSYN-RXN,LEFT-TO-RIGHT,9
2089,KETOGAL-DEHYDROXY-RXN,,9
2090,RXN-1402,,9
2091,SUPEROX-DISMUT-RXN,LEFT-TO-RIGHT,9
2092,ACECOATRANS-RXN,,9
2093,RXN-8110,,9
2094,2.1.1.20-RXN,,9
2095,RXN-8810,,9
2096,RXN-7836,,9
2097,3.4.23.36-RXN,,9
2098,RXN0-5408,,9
2099,IMIDPHOSDEHYD-RXN,,9
2100,RXN-1403,,9
2101,3.2.1.21-RXN,,9
2102,GLUTSEMIALDEHYDROG-RXN,RIGHT-TO-LEFT,9
2103,RXN-7617,,9
2104,RXN-5465,,9
2105,RXN-8709,,9
2106,RXN-8754,,9
2107,DXPREDISOM-RXN,,9
2108,3.2.1.114-RXN,,9
2109,CHORPYRLY-RXN,,9
2110,R223-RXN,,9
2111,RXN-4230,,9
2112,RXN-9847,,9
2113,RXN-7633,,9
2114,RXN-3541,,9
2115,R313-RXN,,9
2116,RXN-8115,,9
2117,RXN66-101,,9
2118,GLYOXIII-RXN,,9
2119,APIGNAR-RXN,,9
2120,RXN-8481,,9
2121,PYRUVFORMLY-RXN,,9
2122,BILIVERDIN-REDUCTASE-RXN,RIGHT-TO-LEFT,9
2123,SERINE--PYRUVATE-AMINOTRANSFERASE-RXN,,9
2124,CPM-KDOSYNTH-RXN,LEFT-TO-RIGHT,9
2125,RXN-9230,,9
2126,S-2-HYDROXY-ACID-OXIDASE-RXN,,9
2127,RXN-8952,,9
2128,SUCCCOASYN-RXN,RIGHT-TO-LEFT,9
2129,RXN-8812,,9
2130,RXN-7908,LEFT-TO-RIGHT,9
2131,DIMETHYLMALEATE-HYDRATASE-RXN,,9
2132,TYRAMINOTRANS-RXN,,9
2133,RXN-9,,9
2134,PHOSGLYPHOS-RXN,REVERSIBLE,9
2135,2KETO-3METHYLVALERATE-RXN,LEFT-TO-RIGHT,9
2136,ARABISOM-RXN,,9
2137,GAPOXNPHOSPHN-RXN,REVERSIBLE,9
2138,RXN-8888,LEFT-TO-RIGHT,9
2139,RXN-8094,,9
2140,DOPAMINE-BETA-MONOOXYGENASE-RXN,LEFT-TO-RIGHT,9
2141,RXN-10799,,9
2142,RXN-4730,,9
2143,ANTHRANSYN-RXN,,9
2144,BETA-UREIDOPROPIONASE-RXN,LEFT-TO-RIGHT,9
2145,3.5.1.88-RXN,,9
2146,DIHYDROOROTATE-DEHYDROGENASE-RXN,,9
2147,GLYCEROL-KIN-RXN,LEFT-TO-RIGHT,9
2148,CYSTEINE-DIOXYGENASE-RXN,LEFT-TO-RIGHT,9
2149,RXN-8909,,9
2150,2.6.1.50-RXN,,9
2151,ASNSYNA-RXN,,9
2152,PHENYLALANINE-4-MONOOXYGENASE-RXN,LEFT-TO-RIGHT,9
2153,RXN66-12,,9
2154,1.1.1.178-RXN,REVERSIBLE,9
2155,SPHINGOMYELIN-PHOSPHODIESTERASE-RXN,,9
2156,ACETYL-COA-CARBOXYLTRANSFER-RXN,,9
2157,METHIONINE-S-METHYLTRANSFERASE-RXN,,9
2158,CATECHOL-12-DIOXYGENASE-RXN,,9
2159,RXNQT-4300,,9
2160,RXN-6321,,9
2161,3.4.21.62-RXN,,9
2162,RXN-4444,,9
2163,R222-RXN,,9
2164,ALLANTOICASE-RXN,LEFT-TO-RIGHT,9
2165,RXN-3341,,9
2166,RXN-7933,,9
2167,RXN66-144,,9
2168,TRANS-HEXAPRENYLTRANSTRANSFERASE-RXN,LEFT-TO-RIGHT,9
2169,ADENYL-KIN-RXN,,9
2170,RXN66-81,,9
2171,RXN-773,,9
2172,PHOSPHAGLYPSYN-RXN,LEFT-TO-RIGHT,9
2173,5.3.3.14-RXN,,9
2174,RXN66-82,,9
2175,PNKIN-RXN,,9
2176,RXN-9840,,9
2177,SUCCORN-AMINOTRANSFERASE-RXN,,9
2178,RXN-8850,,9
2179,RXN-2802,,9
2180,RXN-8811,,9
2181,CHITIN-SYNTHASE-RXN,,9
2182,RXN3O-54,,9
2183,ADENYLYLSULFATE-REDUCTASE-RXN,,9
2184,RXN-9319,LEFT-TO-RIGHT,9
2185,RXN-7799,,9
2186,1.1.1.291-RXN,,9
2187,GLUCUROISOM-RXN,,9
2188,3.1.6.14-RXN,,9
2189,RXN-4441,,9
2190,2-AMINOMUCONATE-REDUCTASE-RXN,,9
2191,ASPARTASE-RXN,,9
2192,2-OXOPENT-4-ENOATE-HYDRATASE-RXN,,9
2193,RXN-9626,,9
2194,RXN-9978,,9
2195,CHOLINE-O-ACETYLTRANSFERASE-RXN,,9
2196,ASPARTATEKIN-RXN,,9
2197,RXN66-145,,9
2198,GLUCOSYLCERAMIDASE-RXN,,9
2199,GUANOSINEKIN-RXN,,9
2200,RXN-9001,,9
2201,RXN-10720,LEFT-TO-RIGHT,9
2202,3.6.5.2-RXN,,9
2203,RXN-4724,,9
2204,RXN-7809,,9
2205,RXN0-5180,,9
2206,3.4.23.5-RXN,,9
2207,RIBOFLAVINSYNDEAM-RXN,,9
2208,MALATE-DEH-RXN,REVERSIBLE,9
2209,RXN-9927,LEFT-TO-RIGHT,9
2210,1.1.1.168-RXN,,9
2211,RXN-9582,,9
2212,TDPFUCACTRANS-RXN,,9
2213,GKI-RXN,LEFT-TO-RIGHT,9
2214,MANNPISOM-RXN,REVERSIBLE,9
2215,FUMHYDR-RXN,RIGHT-TO-LEFT,9
2216,RXN0-5289,,9
2217,RXN66-163,,9
2218,RXN-8715,,9
2219,GABATRANSAM-RXN,LEFT-TO-RIGHT,9
2220,GLUCOSE-6-PHOSPHATASE-RXN,,9
2221,RXN-9848,,9
2222,DUTP-PYROP-RXN,LEFT-TO-RIGHT,9
2223,RXN-4731,,9
2224,3.4.15.1-RXN,,9
2225,RXN-9670,,9
2226,RXN1F-72,,9
2227,HOMOCYSMETB12-RXN,LEFT-TO-RIGHT,9
2228,RXN0-3922,,9
2229,N-CARBAMOYLSARCOSINE-AMIDASE-RXN,,9
2230,4.2.1.107-RXN,,9
2231,3.4.16.6-RXN,,9
2232,ACETONE-CYANHYDRIN-LYASE-RXN,,9
2233,3.2.2.23-RXN,,9
2234,2.4.2.12-RXN,,9
2235,3.2.1.50-RXN,,9
2236,RXN-6622,LEFT-TO-RIGHT,9
2237,NAG6PDEACET-RXN,LEFT-TO-RIGHT,9
2238,RXN-6522,,9
2239,RXN-9988,LEFT-TO-RIGHT,9
2240,BADH-RXN,,9
2241,1.1.1.254-RXN,,9
2242,RXN-5064,,9
2243,RXN-10064,,9
2244,3.1.27.9-RXN,,9
2245,13-BETA-GLUCAN-SYNTHASE-RXN,,9
2246,1.21.3.1-RXN,,9
2247,ACETOLACTSYN-RXN,,9
2248,RXN-8992,,9
2249,RXN-8816,LEFT-TO-RIGHT,9
2250,RXN-9600,,9
2251,RXN-6902,,9
2252,GLUCISOM-RXN,,9
2253,3.4.23.1-RXN,,9
2254,RXN-8809,,9
2255,4-HYDROXYPHENYLPYRUVATE-DIOXYGENASE-RXN,LEFT-TO-RIGHT,9
2256,RXN66-304,,9
2257,RXN-9284,,9
2258,LYSINE-N-ACETYLTRANSFERASE-RXN,,9
2259,RXN-2881,LEFT-TO-RIGHT,9
2260,RXN0-5038,,9
2261,RXN0-5061,,9
2262,SERINE-C-PALMITOYLTRANSFERASE-RXN,LEFT-TO-RIGHT,9
2263,RXN0-3901,,9
2264,GALACTOSIDE-3-FUCOSYLTRANSFERASE-RXN,,9
2265,3-HYDROXY-KYNURENINASE-RXN,LEFT-TO-RIGHT,9
2266,RXN-7227,,9
2267,RXN-8919,,9
2268,2.7.1.150-RXN,,9
2269,RXN-5841,LEFT-TO-RIGHT,9
2270,RXN-1827,,9
2271,1.4.1.11-RXN,,9
2272,RXN-2102,,9
2273,RXN-4541,,9
2274,RXN-5082,,9
2275,R63-RXN,,9
2276,RXN-9673,LEFT-TO-RIGHT,9
2277,XYLULOKIN-RXN,LEFT-TO-RIGHT,9
2278,RXN-8820,,9
2279,RXN1F-169,,9
2280,1.1.1.220-RXN,RIGHT-TO-LEFT,9
2281,ETHANOLAMINEPHOSPHOTRANSFERASE-RXN,LEFT-TO-RIGHT,9
2282,RXN-8721,,9
2283,RXN-4464,,9
2284,RXN-8807,,9
2285,2.4.1.122-RXN,,9
2286,ACETYLORNTRANSAM-RXN,,9
2287,MRNA-GUANYLYLTRANSFERASE-RXN,,9
2288,PYRIDOXAL-OXIDASE-RXN,,9
2289,RXN-4762,,9
2290,3.4.24.26-RXN,,9
2291,LUMAZINESYN-RXN,,9
2292,RXN-5642,,9
2293,SHIKIMATE-5-DEHYDROGENASE-RXN,,9
2294,DIAMINOPIMEPIM-RXN,,9
2295,RXN-6841,,9
2296,SUCROSE-PHOSPHATE-SYNTHASE-RXN,,9
2297,AMINEOXID-RXN,,9
2298,3.5.1.92-RXN,,9
2299,GLYCOLALDREDUCT-RXN,,9
2300,RXN-4122,LEFT-TO-RIGHT,9
2301,4OHBENZOATE-OCTAPRENYLTRANSFER-RXN,,9
2302,RXN-8959,,9
2303,3.1.11.1-RXN,,9
2304,P-PANTOCYSDECARB-RXN,LEFT-TO-RIGHT,9
2305,3.6.1.17-RXN,,9
2306,TRANS-RXN-192,,9
2307,3.2.1.14-RXN,,9
2308,2.1.1.62-RXN,,9
2309,3.6.3.6-RXN,,9
2310,RXN-7669,LEFT-TO-RIGHT,9
2311,3.4.11.7-RXN,,9
2312,RXN-8654,,9
2313,ADENYLOSUCCINATE-SYNTHASE-RXN,LEFT-TO-RIGHT,9
2314,BETA-CAROTENE-1515-DIOXYGENASE-RXN,,9
2315,RXN-7142,,9
2316,GDP-MANNOSE-6-DEHYDROGENASE-RXN,,9
2317,3-HYDROXYPROPIONATE-DEHYDROGENASE-RXN,,9
2318,RXN-6384,,9
2319,ARYL-SULFOTRANSFERASE-RXN,,9
2320,GLUCOSE-1-DEHYDROGENASE-RXN,,9
2321,NUCLEOSIDE-DIP-KIN-RXN,,9
2322,FOLYLPOLYGLUTAMATESYNTH-RXN,,9
2323,RXN-7141,,9
2324,RXN-646,,9
2325,JUVENILE-HORMONE-ESTERASE-RXN,,9
2326,RXN-7774,,9
2327,HYDROXYMETHYLGLUTARYL-COA-REDUCTASE-RXN,LEFT-TO-RIGHT,9
2328,GART-RXN,LEFT-TO-RIGHT,9
2329,N-SULFOGLUCOSAMINE-SULFOHYDROLASE-RXN,,9
2330,TRANS-RXN-187,LEFT-TO-RIGHT,9
2331,SEPIAPTERIN-REDUCTASE-RXN,,9
2332,2.4.2.31-RXN,,9
2333,RXN-8748,,9
2334,1.1.1.181-RXN,,9
2335,3.4.21.9-RXN,,9
2336,SPHINGANINE-1-PHOSPHATE-ALDOLASE-RXN,,9
2337,RXN3O-102,,9
2338,RXNI-3,,9
2339,RXN0-5114,LEFT-TO-RIGHT,9
2340,NUCLEOSIDE-DIPHOSPHATASE-RXN,,9
2341,PYRIMSYN1-RXN,,9
2342,ADOMET-DMK-METHYLTRANSFER-RXN,,9
2343,TRANS-CINNAMATE-4-MONOOXYGENASE-RXN,,9
2344,RXN-6642,LEFT-TO-RIGHT,9
2345,2.1.1.128-RXN,,9
2346,KYNURENINE-3-MONOOXYGENASE-RXN,LEFT-TO-RIGHT,9
2347,RXN-5441,,9
2348,RXN-8167,,9
2349,GUANPRIBOSYLTRAN-RXN,,9
2350,CHORISMATEMUT-RXN,,9
2351,DIHYDROPYRIMIDINASE-RXN,LEFT-TO-RIGHT,9
2352,NUCLEOTIDASE-RXN,,9
2353,PROLINE-RACEMASE-RXN,,9
2354,RXN-9628,,9
2355,RXN-8113,,9
2356,FORMYLTETRAHYDROFOLATE-DEHYDROGENASE-RXN,,9
2357,KDO-8PPHOSPHAT-RXN,LEFT-TO-RIGHT,9
2358,RXN4FS-1,,9
2359,RXN-4121,LEFT-TO-RIGHT,9
2360,2-AMINOADIPATE-AMINOTRANSFERASE-RXN,,9
2361,2.4.1.101-RXN,,9
2362,RXN-8774,,9
2363,3.4.15.5-RXN,,9
2364,2.3.1.175-RXN,,9
2365,XANTHOSINEPHOSPHORY-RXN,LEFT-TO-RIGHT,9
2366,RXN6666-9,LEFT-TO-RIGHT,9
2367,GLUCOSE-6-PHOSPHATE-1-EPIMERASE-RXN,LEFT-TO-RIGHT,9
2368,RXN-7202,,9
2369,RXN-5445,,9
2370,METHYLMALONYL-COA-EPIM-RXN,RIGHT-TO-LEFT,9
2371,RXN4FS-2,,9
2372,GALACTUROISOM-RXN,,9
2373,3.1.26.4-RXN,,9
2374,3.1.22.4-RXN,,9
2375,2.1.1.72-RXN,,9
2376,RXN54L-4019,,9
2377,DEOXYRIBODIPYRIMIDINE-PHOTOLYASE-RXN,,9
2378,4.2.99.18-RXN,,9
2379,2.1.1.63-RXN,,9
2380,RNA-DIRECTED-DNA-POLYMERASE-RXN,,9
2381,2.1.1.73-RXN,,9
2382,DNA-CYTOSINE-5--METHYLTRANSFERASE-RXN,,9
2383,3.1.11.2-RXN,,9
2384,DNA-DIRECTED-DNA-POLYMERASE-RXN,,9
2385,RXN0-2601,,9
2386,RXN0-2602,,9
2387,RRNA-ADENINE-N6--METHYLTRANSFERASE-RXN,,9
2388,2.7.7.8-RXN,,9
2389,POLYNUCLEOTIDE-ADENYLYLTRANSFERASE-RXN,,9
2390,RRNA-GUANINE-N1--METHYLTRANSFERASE-RXN,,9
2391,NAD+-ADP-RIBOSYLTRANSFERASE-RXN,,9
2392,RNA-3-PHOSPHATE-CYCLASE-RXN,,9
2393,2.1.1.66-RXN,,9
2394,MRNA-GUANINE-N7--METHYLTRANSFERASE-RXN,,9
2395,DNA-DIRECTED-RNA-POLYMERASE-RXN,,9
2396,RRNA-GUANINE-N2--METHYLTRANSFERASE-RXN,,9
2397,TRNA-NUCLEOTIDYLTRANSFERASE-RXN,,9
2398,2.9.1.1-RXN,,9
2399,TRNA-ISOPENTENYLTRANSFERASE-RXN,,9
2400,RXN-4543,,9
2401,RXN490-3617,LEFT-TO-RIGHT,9
2402,TRNA-GUANINE-N2--METHYLTRANSFERASE-RXN,,9
2403,RXN-10039,LEFT-TO-RIGHT,9
2404,TRNA-ADENYLYLTRANSFERASE-RXN,,9
2405,RXN0-1281,,9
2406,2.7.1.160-RXN,,9
2407,RXN-4545,,9
2408,ARGINYLTRANSFERASE-RXN,,9
2409,METHIONYL-TRNA-FORMYLTRANSFERASE-RXN,,9
2410,TRNA-PSEUDOURIDINE-SYNTHASE-I-RXN,,9
2411,TRNA-ADENINE-N6--METHYLTRANSFERASE-RXN,,9
2412,RXN0-1081,,9
2413,2.1.1.61-RXN,,9
2414,AMINOCYL-TRNA-HYDROLASE-RXN,,9
2415,TRNA-GUANINE-N7--METHYLTRANSFERASE-RXN,,9
2416,6.3.5.7-RXN,LEFT-TO-RIGHT,9
2417,GLUTRNAREDUCT-RXN,,9
2418,RXN-10038,LEFT-TO-RIGHT,9
2419,RXN-4544,,9
2420,QUEUOSINE-TRNA-RIBOSYLTRANSFERASE-RXN,,9
2421,TRYPTOPHAN--TRNA-LIGASE-RXN,,9
2422,ASPARAGINE--TRNA-LIGASE-RXN,,9
2423,ISOLEUCINE--TRNA-LIGASE-RXN,,9
2424,RXN490-3616,LEFT-TO-RIGHT,9
2425,VALINE--TRNA-LIGASE-RXN,,9
2426,PHENYLALANINE--TRNA-LIGASE-RXN,,9
2427,ALANINE--TRNA-LIGASE-RXN,,9
2428,HISTIDINE--TRNA-LIGASE-RXN,,9
2429,LEUCINE--TRNA-LIGASE-RXN,,9
2430,PROLINE--TRNA-LIGASE-RXN,,9
2431,METHIONINE--TRNA-LIGASE-RXN,,9
2432,ASPARTATE--TRNA-LIGASE-RXN,,9
2433,GLUTAMINE--TRNA-LIGASE-RXN,,9
2434,THREONINE--TRNA-LIGASE-RXN,,9
2435,ARGININE--TRNA-LIGASE-RXN,,9
2436,SERINE--TRNA-LIGASE-RXN,,9
2437,LYSINE--TRNA-LIGASE-RXN,,9
2438,GLYCINE--TRNA-LIGASE-RXN,,9
2439,CYSTEINE--TRNA-LIGASE-RXN,,9
2440,RXN0-2161,LEFT-TO-RIGHT,9
2441,RXN-9386,LEFT-TO-RIGHT,9
2442,TYROSINE--TRNA-LIGASE-RXN,,9
2443,GLURS-RXN,,9
2444,5.3.4.1-RXN,,9
2445,RXN54L-4103,,9
2446,DEOXYHYPUSINE-MONOOXYGENASE-RXN,LEFT-TO-RIGHT,9
2447,RXN-9727,,9
2448,1.14.18.2-RXN,,9
2449,HOLOCYTOCHROME-C-SYNTHASE-RXN,,9
2450,ACETYLSYNCLTH-RXN,,9
2451,1.2.7.6-RXN,RIGHT-TO-LEFT,9
2452,GDPREDUCT-RXN,,9
2453,CYTOCHROME-B5-REDUCTASE-RXN,,9
2454,CARBOXYPEPTIDASE-A-RXN,,9
2455,R541-RXN,,9
2456,2.7.11.2-RXN,,9
2457,2.7.11.11-RXN,,9
2458,RIBONUCLEOSIDE-DIP-REDUCTI-RXN,,9
2459,1.3.7.3-RXN,,9
2460,6.3.4.10-RXN,,9
2461,RXN-9658,,9
2462,2.7.3.9-RXN,,9
2463,RXN0-949,LEFT-TO-RIGHT,9
2464,PROTEIN-KINASE-RXN,,9
2465,RXN0-1147,RIGHT-TO-LEFT,9
2466,RXN-9653,,9
2467,2.4.1.135-RXN,,9
2468,RXN0-5055,,9
2469,2.7.11.9-RXN,,9
2470,CYTOCHROME-C-OXIDASE-RXN,LEFT-TO-RIGHT,9
2471,RXN-9540,,9
2472,RXN0-722,RIGHT-TO-LEFT,9
2473,RXN-9635,,9
2474,4.2.1.59-RXN,,9
2475,PALMITOTRANS-RXN,,9
2476,RXN0-1132,LEFT-TO-RIGHT,9
2477,HISTONE-ACETYLTRANSFERASE-RXN,,9
2478,3.4.22.59-RXN,,9
2479,2.5.1.46-RXN,,9
2480,2-OXOBUTYRATE-SYNTHASE-RXN,,9
2481,RXN-8629,LEFT-TO-RIGHT,9
2482,RXN0-746,,9
2483,RXN-7903,,9
2484,1.5.5.1-RXN,,9
2485,RXN-7566,,9
2486,RXN-7716,LEFT-TO-RIGHT,9
2487,RXN-9652,,9
2488,NADPH--FERRIHEMOPROTEIN-REDUCTASE-RXN,,9
2489,UDPNACETYLGLUCOSAMACYLTRANS-RXN,,9
2490,2.7.11.24-RXN,,9
2491,RXN-9539,,9
2492,RXN-5741,,9
2493,2.4.1.119-RXN,,9
2494,3.5.1.98-RXN,,9
2495,1.8.1.4-RXN,,9
2496,RXN-7101,LEFT-TO-RIGHT,9
2497,KETOISOCAPROATE-RXN,,9
2498,RXN0-948,LEFT-TO-RIGHT,9
2499,RXN-7719,LEFT-TO-RIGHT,9
2500,RXN0-5098,LEFT-TO-RIGHT,9
2501,RIBONUCLEOSIDE-DIP-REDUCTII-RXN,RIGHT-TO-LEFT,9
2502,BIOTIN-CARBOXYL-RXN,,9
2503,2.7.11.25-RXN,,9
2504,RXN-9533,,9
2505,2.7.11.16-RXN,,9
2506,RXN-9528,,9
2507,MYRPALMTRAN-RXN,,9
2508,1-ACYLGLYCEROL-3-P-ACYLTRANSFER-RXN,,9
2509,ACP-S-ACETYLTRANSFER-RXN,LEFT-TO-RIGHT,9
2510,RXN-6883,,9
2511,2.7.11.20-RXN,,9
2512,RXN-9523,,9
2513,RXN-9530,,9
2514,ENOYL-ACP-REDUCT-NADPH-RXN,,9
2515,UBIQUITIN--PROTEIN-LIGASE-RXN,,9
2516,1.14.19.1-RXN,LEFT-TO-RIGHT,9
2517,RXN-8655,,9
2518,2.4.1.144-RXN,,9
2519,2.1.1.135-RXN,,9
2520,RXN-9661,,9
2521,2.7.11.17-RXN,,9
2522,METHYLVALERATE-RXN,,9
2523,GCVT-RXN,LEFT-TO-RIGHT,9
2524,RXN-9537,,9
2525,RXN-8669,,9
2526,3-HYDROXYDECANOYL-ACP-DEHYDR-RXN,,9
2527,CARBOXYPEPTIDASE-H-RXN,,9
2528,RXN0-747,,9
2529,1.8.4.8-RXN,,9
2530,2.7.11.22-RXN,,9
2531,PYROGLUTAMYL-PEPTIDASE-I-RXN,,9
2532,RXN0-947,,9
2533,PROTEIN-TYROSINE-PHOSPHATASE-RXN,,9
2534,UDPHYDROXYMYRGLUCOSAMNACETYLTRANS-RXN,,9
2535,MALONYL-COA-ACP-TRANSACYL-RXN,,9
2536,RXN-9536,,9
2537,RXN-9632,,9
2538,2.7.11.10-RXN,,9
2539,1.2.2.4-RXN,,9
2540,SULFITE-DEHYDROGENASE-RXN,,9
2541,BIOTINLIG-RXN,,9
2542,RXN-9633,,9
2543,FLAVONADPREDUCT-RXN,,9
2544,3.1.2.22-RXN,,9
2545,RXN-9660,,9
2546,GCVP-RXN,LEFT-TO-RIGHT,9
2547,2.3.2.13-RXN,,9
2548,2.3.1.168-RXN,RIGHT-TO-LEFT,9
2549,RXN-5061,RIGHT-TO-LEFT,9
2550,RXN-9657,,9
2551,RNA-POLYMERASE-SUBUNIT-KINASE-RXN,,9
2552,THIOREDOXIN-REDUCT-NADPH-RXN,RIGHT-TO-LEFT,9
2553,3-OXOACYL-ACP-COA-SYNTHIII-RXN,,9
2554,SULFITE-REDUCTASE-FERREDOXIN-RXN,,9
2555,6.3.2.25-RXN,,9
2556,L-LACTATE-DEHYDROGENASE-CYTOCHROME-RXN,,9
2557,NITROGENASE-RXN,,9
2558,UDPREDUCT-RXN,RIGHT-TO-LEFT,9
2559,RXN-9650,,9
2560,RXN490-3650,,9
2561,RXN-7667,LEFT-TO-RIGHT,9
2562,2.3.1.41-RXN,,9
2563,RXN0-748,,9
2564,PRODISULFREDUCT-A-RXN,LEFT-TO-RIGHT,9
2565,RXN0-2141,,9
2566,2.7.12.2-RXN,,9
2567,3.4.11.1-RXN,LEFT-TO-RIGHT,9
2568,MALONYL-ACPDECARBOX-RXN,,9
2569,GLYCEROL-3-P-ACYLTRANSFER-RXN,,9
2570,3-OXOACYL-ACP-SYNTH-RXN,,9
2571,MYRISTOYLACYLTRAN-RXN,,9
2572,2OXOGLUTDECARB-RXN,LEFT-TO-RIGHT,9
2573,PEPTIDE-ALPHA-N-ACETYLTRANSFERASE-RXN,,9
2574,LAUROYLACYLTRAN-RXN,,9
2575,RXN0-5179,,9
2576,PROTEIN-TYROSINE-SULFOTRANSFERASE-RXN,,9
2577,RXN-9514,,9
2578,3.4.19.9-RXN,,9
2579,RXN-9535,,9
2580,4.2.1.61-RXN,,9
2581,1.3.7.2-RXN,,9
2582,2.4.1.112-RXN,,9
2583,3.1.2.14-RXN,,9
2584,RXN-9648,,9
2585,METHCOCLTH-RXN,,9
2586,OHBENZCOARED-RXN,,9
2587,RXN-9654,,9
2588,RXN-9526,,9
2589,GLUTAMINYL-PEPTIDE-CYCLOTRANSFERASE-RXN,,9
2590,RXN-9729,,9
2591,RXN-10462,,9
2592,2.7.11.12-RXN,,9
2593,ADPREDUCT-RXN,,9
2594,2-OXOGLUTARATE-SYNTHASE-RXN,,9
2595,3.1.2.21-RXN,,9
2596,RXN-9532,,9
2597,GAMMA-GLUTAMYLTRANSFERASE-RXN,,9
2598,2.4.1.109-RXN,,9
2599,3.4.22.61-RXN,,9
2600,FERREDOXIN--NITRITE-REDUCTASE-RXN,,9
2601,HOLO-ACP-SYNTH-RXN,LEFT-TO-RIGHT,9
2602,3.1.4.14-RXN,LEFT-TO-RIGHT,9
2603,RXN-9538,,9
2604,RXN0-2142,,9
2605,2.7.11.19-RXN,,9
2606,RXN0-2144,,9
2607,RXN-9649,,9
2608,RXN-9534,,9
2609,RXN0-267,,9
2610,GLYCOGENIN-GLUCOSYLTRANSFERASE-RXN,LEFT-TO-RIGHT,9
2611,RXN-9662,,9
2612,RXN-9542,,9
2613,UBIQUITIN-THIOLESTERASE-RXN,,9
2614,1.2.7.4-RXN,,9
2615,3.5.1.28-RXN,,9
2616,RXN0-1134,LEFT-TO-RIGHT,9
2617,1.18.1.2-RXN,,9
2618,RXN-9549,,9
2619,2.4.1.145-RXN,,9
2620,2.3.1.180-RXN,,9
2621,RXN-9590,,9
2622,HYDROG-RXN,RIGHT-TO-LEFT,9
2623,1.10.2.2-RXN,LEFT-TO-RIGHT,9
2624,6-HYDROXYNICOTINATE-REDUCTASE-RXN,,9
2625,TAU-PROTEIN-KINASE-RXN,,9
2626,RXN-9520,,9
2627,CDPREDUCT-RXN,RIGHT-TO-LEFT,9
2628,RXN-9634,,9
2629,RXN-9531,,9
2630,RXN-9730,,9
2631,RXN-9515,,9
2632,RXN-9527,,9
2633,RXN-9524,,9
2634,RXN-9518,,9
2635,RXN-9663,,9
2636,3-OXOACYL-ACP-REDUCT-RXN,,9
2637,GALACTONOLACTONE-DEHYDROGENASE-RXN,,9
2638,1.2.4.4-RXN,LEFT-TO-RIGHT,9
2639,PYRUFLAVREDUCT-RXN,REVERSIBLE,9
2640,GLUTAMATE-SYNTHASE-FERREDOXIN-RXN,,9
2641,RXN-9548,,9
2642,RXN0-724,RIGHT-TO-LEFT,9
2643,RXN-9651,,9
2644,RUBREDOXIN--NAD+-REDUCTASE-RXN,,9
2645,3-OXOACYL-ACP-SYNTH-BASE-RXN,LEFT-TO-RIGHT,9
2646,RXN-9655,,9
2647,ENOYL-ACP-REDUCT-NADH-RXN,,9
2648,RXN0-723,RIGHT-TO-LEFT,9
2649,RXN-9728,,9
2650,2.4.1.143-RXN,,9
2651,THIOREDOXIN-RXN,,9
2652,RXN-9516,,9
2653,3.1.3.43-RXN,,9
2654,RXN0-745,,9
2655,BUTYRYL-COA-DEHYDROGENASE-RXN,,9
2656,RXN-6884,,9
2657,LYSINEARGININE-CARBOXYPEPTIDASE-RXN,,9
2658,METLENETHFRED-FERRE-RXN,,9
2659,3.1.3.16-RXN,,9
2660,RXN0-2145,,9
2661,ALKANE-1-MONOOXYGENASE-RXN,,9
2662,4.2.1.58-RXN,,9
2663,1.3.7.5-RXN,,9
2664,RXN-982,,9
2665,RXN-8568,,9
2666,RXN-9521,,9
2667,RXN-8668,,9
2668,1.7.7.2-RXN,,9
2669,RXN-9659,,9
2670,2.7.11.13-RXN,,9
2671,1.16.1.8-RXN,,9
2672,RXN0-1133,RIGHT-TO-LEFT,9
2673,FABAUNSATDEHYDR-RXN,,9
2674,3.4.22.58-RXN,,9
2675,RXN-9544,,9
2676,3.4.22.55-RXN,,9
2677,3.4.22.63-RXN,,9
2678,3.4.22.62-RXN,,9
2679,3.4.22.65-RXN,,9
2680,3.4.22.57-RXN,,9
2681,RXN-9591,,9
2682,3.4.22.56-RXN,,9
2683,3.4.22.60-RXN,,9
2684,RXN-9546,,9
2685,TRANS-RXN54L-6119,LEFT-TO-RIGHT,9
2686,TRANS-RXN54L-2988,LEFT-TO-RIGHT,9
2687,TRANS-RXN54L-2923,LEFT-TO-RIGHT,9
2688,TRANS-RXN54L-2980,LEFT-TO-RIGHT,9
2689,TRANS-RXN54L-4082,LEFT-TO-RIGHT,9
2690,TRANS-RXN54L-2954,LEFT-TO-RIGHT,9
2691,TRANS-RXN54L-2902,LEFT-TO-RIGHT,9
2692,TRANS-RXN54L-6150,LEFT-TO-RIGHT,9
2693,TRANS-RXN54L-4106,LEFT-TO-RIGHT,9
2694,TRANS-RXN54L-2965,LEFT-TO-RIGHT,9
2695,TRANS-RXN54L-3153,LEFT-TO-RIGHT,9
2696,TRANS-RXN54L-2930,LEFT-TO-RIGHT,9
2697,TRANS-RXN54L-2939,LEFT-TO-RIGHT,9
2698,TRANS-RXN54L-4097,LEFT-TO-RIGHT,9
2699,TRANS-RXN54L-3114,LEFT-TO-RIGHT,9
2700,TRANS-RXN54L-3454,LEFT-TO-RIGHT,9
2701,TRANS-RXN54L-3333,LEFT-TO-RIGHT,9
2702,TRANS-RXN54L-2945,LEFT-TO-RIGHT,9
2703,TRANS-RXN54L-3059,REVERSIBLE,9
2704,TRANS-RXN54L-3899,LEFT-TO-RIGHT,9
2705,TRANS-RXN54L-3129,LEFT-TO-RIGHT,9
2706,TRANS-RXN54L-3158,LEFT-TO-RIGHT,9
2707,TRANS-RXN54L-3137,LEFT-TO-RIGHT,9
2708,TRANS-RXN54L-4237,LEFT-TO-RIGHT,9
2709,TRANS-RXN54L-4121,LEFT-TO-RIGHT,9
2710,TRANS-RXN54L-2983,LEFT-TO-RIGHT,9
2711,TRANS-RXN54L-4384,LEFT-TO-RIGHT,9
2712,TRANS-RXN54L-4266,LEFT-TO-RIGHT,9
2713,TRANS-RXN54L-3170,LEFT-TO-RIGHT,9
2714,TRANS-RXN54L-3376,LEFT-TO-RIGHT,9
2715,TRANS-RXN54L-3132,LEFT-TO-RIGHT,9
2716,TRANS-RXN54L-3027,LEFT-TO-RIGHT,9
2717,TRANS-RXN54L-2975,LEFT-TO-RIGHT,9
2718,TRANS-RXN54L-3105,LEFT-TO-RIGHT,9
2719,TRANS-RXN54L-3223,LEFT-TO-RIGHT,9
2720,TRANS-RXN54L-3047,LEFT-TO-RIGHT,9
2721,TRANS-RXN54L-281,LEFT-TO-RIGHT,9
2722,TRANS-RXN54L-3755,LEFT-TO-RIGHT,9
2723,TRANS-RXN54L-6200,LEFT-TO-RIGHT,9
2724,TRANS-RXN54L-6141,LEFT-TO-RIGHT,9
2725,TRANS-RXN54L-4176,LEFT-TO-RIGHT,9
2726,TRANS-RXN54L-3053,LEFT-TO-RIGHT,9
2727,TRANS-RXN54L-6187,LEFT-TO-RIGHT,9
2728,TRANS-RXN54L-3414,LEFT-TO-RIGHT,9
2729,TRANS-RXN54L-3077,LEFT-TO-RIGHT,9
2730,TRANS-RXN54L-4217,LEFT-TO-RIGHT,9
2731,TRANS-RXN54L-4349,LEFT-TO-RIGHT,9
2732,TRANS-RXN54L-6138,LEFT-TO-RIGHT,9
2733,TRANS-RXN54L-3424,LEFT-TO-RIGHT,9
2734,TRANS-RXN54L-3140,LEFT-TO-RIGHT,9
2735,TRANS-RXN54L-4068,LEFT-TO-RIGHT,9
2736,TRANS-RXN54L-3050,LEFT-TO-RIGHT,9
2737,TRANS-RXN54L-3308,LEFT-TO-RIGHT,9
2738,TRANS-RXN54L-3056,LEFT-TO-RIGHT,9
2739,TRANS-RXN54L-4438,LEFT-TO-RIGHT,9
2740,TRANS-RXN54L-3623,LEFT-TO-RIGHT,9
2741,TRANS-RXN54L-3121,LEFT-TO-RIGHT,9
2742,TRANS-RXN54L-3002,LEFT-TO-RIGHT,9
2743,TRANS-RXN54L-3280,LEFT-TO-RIGHT,9
2744,TRANS-RXN54L-4161,LEFT-TO-RIGHT,9
2745,TRANS-RXN54L-2957,LEFT-TO-RIGHT,9
2746,TRANS-RXN54L-2728,LEFT-TO-RIGHT,9
2747,TRANS-RXN54L-3068,LEFT-TO-RIGHT,9
2748,TRANS-RXN54L-2920,LEFT-TO-RIGHT,9
2749,TRANS-RXN54L-4401,LEFT-TO-RIGHT,9
2750,TRANS-RXN54L-4225,LEFT-TO-RIGHT,9
2751,TRANS-RXN54L-4158,LEFT-TO-RIGHT,9
2752,TRANS-RXN54L-3086,LEFT-TO-RIGHT,9
2753,TRANS-RXN54L-2723,LEFT-TO-RIGHT,9
2754,TRANS-RXN54L-3260,LEFT-TO-RIGHT,9
2755,TRANS-RXN54L-3208,LEFT-TO-RIGHT,9
2756,TRANS-RXN54L-3232,LEFT-TO-RIGHT,9
2757,TRANS-RXN54L-3199,LEFT-TO-RIGHT,9
2758,TRANS-RXN54L-4089,LEFT-TO-RIGHT,9
2759,TRANS-RXN54L-3011,LEFT-TO-RIGHT,9
2760,TRANS-RXN54L-3038,LEFT-TO-RIGHT,9
2761,TRANS-RXN54L-3124,LEFT-TO-RIGHT,9
2762,TRANS-RXN54L-4027,LEFT-TO-RIGHT,9
2763,TRANS-RXN54L-2995,LEFT-TO-RIGHT,9
2764,TRANS-RXN54L-4222,LEFT-TO-RIGHT,9
2765,TRANS-RXN54L-2942,LEFT-TO-RIGHT,9
2766,TRANS-RXN54L-2951,LEFT-TO-RIGHT,9
2767,TRANS-RXN54L-3182,LEFT-TO-RIGHT,9
2768,TRANS-RXN54L-3187,LEFT-TO-RIGHT,9
2769,TRANS-RXN54L-2917,LEFT-TO-RIGHT,9
2770,TRANS-RXN54L-3165,LEFT-TO-RIGHT,9
2771,TRANS-RXN54L-2962,LEFT-TO-RIGHT,9
2772,TRANS-RXN54L-3016,LEFT-TO-RIGHT,9
2773,TRANS-RXN54L-2968,LEFT-TO-RIGHT,9
2774,TRANS-RXN54L-3211,LEFT-TO-RIGHT,9
2775,TRANS-RXN54L-4232,LEFT-TO-RIGHT,9
2776,TRANS-RXN54L-2883,LEFT-TO-RIGHT,9
2777,TRANS-RXN54L-2948,LEFT-TO-RIGHT,9
2778,RXN0-5245,REVERSIBLE,9
2779,RXN0-5259,LEFT-TO-RIGHT,9
2780,RXN0-5257,REVERSIBLE,9
2781,RXN0-5265,LEFT-TO-RIGHT,9
2782,RXN0-5261,REVERSIBLE,9
2783,RXN0-5254,LEFT-TO-RIGHT,9
2784,TRANS-RXN0-234,LEFT-TO-RIGHT,9
2785,TRANS-RXN0-237,LEFT-TO-RIGHT,9
2786,RXN0-5248,REVERSIBLE,9
2787,RXN0-5253,LEFT-TO-RIGHT,9
2788,RXN0-5244,LEFT-TO-RIGHT,9
2789,Unclassified-Reactions,,9
2790,Reactions-Classified-By-Substrate,,9
2791,Reactions-Classified-By-Conversion-Type,,9
2792,Small-Molecule-Reactions,,9
2793,Macromolecule-Reactions,,9
2794,Polynucleotide-Reactions,,9
2795,Protein-Reactions,,9
2796,Polysaccharide-Reactions,,9
2797,DNA-Reactions,,9
2798,RNA-Reactions,,9
2799,DNA-REPAIR,,9
2800,Protein-DNA-Binding-Reactions,,9
2801,Transcription-Factor-Binding-Reactions,,9
2802,tRNA-Reactions,,9
2803,tRNA-Charging-Reactions,,9
2804,Protein-Ligand-Binding-Reactions,,9
2805,Protein-Modification-Reactions,,9
2806,Unknown-Conversions,,9
2807,Simple-Reactions,,9
2808,Complex-Processes,,9
2809,Binding-Reactions,,9
2810,Chemical-Reactions,,9
2811,Transport-Reactions,,9
2812,Redox-Half-Reactions,,9
2813,TR-15,LEFT-TO-RIGHT,9
2814,GROUP-TRANSLOCATION,LEFT-TO-RIGHT,9
2815,TR-13,LEFT-TO-RIGHT,9
2816,Composite-Reactions,,9
2817,TR-14,LEFT-TO-RIGHT,9
2818,Electron-Transfer-Reactions,,9
2819,TR-16,LEFT-TO-RIGHT,9
2820,TR-12,LEFT-TO-RIGHT,9
2821,TR-19,LEFT-TO-RIGHT,9
2822,TR-11,LEFT-TO-RIGHT,9
2823,TR-17,LEFT-TO-RIGHT,9
2824,TR-21,LEFT-TO-RIGHT,9
2825,TR-20,LEFT-TO-RIGHT,9
2826,Light-Interactions,,9
2827,Degradation-Processes,,9
