1,1nicotinate+15-phosphoribosyl 1-pyrophosphate
2,12'-hydroxynicotine+1NADP++1H2O
3,1an acylglycerone phosphate+1coenzyme A
4,1CO2+1indole acetaldehyde
5,1S-adenosyl-L-homocysteine+1melatonin
6,12-amino-3-oxobutanoate+1NADH
7,1phosphoryl-ethanolamine+1ADP
8,"2H++2""D-ribulose-1+2ADP"
9,"1""D-myo-inositol (1+1ADP"
10,1an N10-formyl-tetrahydrofolate+1ADP+1phosphate
11,1H2O+1NADP++1loganin
12,1diphosphate+1L-glutamate+1GMP+1AMP
13,"1an reduced unknown electron acceptor+14-aminobutanal+1""1"
14,2H++2diphosphate+2phosphoenolpyruvate+2AMP
15,1a 1-(&beta;-D-galactosyl)-2-(2-hydroxyacyl)sphingosine+1UDP
16,1NADH+1phosphate
17,"1""2"
18,1acetaldehyde+1CO2
19,1amino-parathion+2H2O
20,"1""4&alpha;-hydroxymethyl-5&alpha;-cholesta-8+1NAD(P)++1H2O"
21,1NADH+1NADP+
22,1H++1N-acetyl-L-citrulline+1phosphate
23,"1""a 1+1coenzyme A"
24,1phytosphingosine-1-P+1phosphate
25,1H++1ammonia+1nicotinate nucleotide
26,1GA3+1H2O+1NADP+
27,2H++2xanthine
28,1diphosphate+1all-trans-geranyl-geranyl diphosphate
29,1a phosphatidylcholine+1coenzyme A
30,1trans-zeatin-9-N-glucoside+1UDP
31,1N-methyl-&beta;-alanine+1S-adenosyl-L-homocysteine
32,1H2O+13-methylglutaconyl-CoA
34,15-dehydro-4-deoxy-D-glucarate+1H2O
35,1NAD++1an ubiquinol
36,1malonate semialdehyde+1coenzyme A+1NADP+
37,1calycosin+1H2O+1NADP+
38,1ubiquinol-9+1S-adenosyl-L-homocysteine
39,1glucosylceramide+1UDP
40,13-hydroxy-5-cis-tetradecenoyl-CoA
41,1H++1methylglyoxal+1ammonia+1H2O2
42,1(R)-3-methylitaconate
43,1H++1feruloyl-CoA+1S-adenosyl-L-homocysteine
44,1phosphate-ester-of-dihydrofuran
45,"1""a 1+1&alpha;-D-glucose"
46,11-hydroxy-2-methyl-2-(E)-butenyl 4-diphosphate+1NAD(P)H+1H+
47,1dihydroxy-acetone+1D-glyceraldehyde-3-phosphate
48,2H++2phosphoribosyl-AMP+2diphosphate
50,5H++5L-glutamate+52-aminoadipate-6-semialdehyde+5NADPH
51,12-aminoadipate+1NAD(P)H+1H+
52,14-nitrophenol+1dimethylthiophosphate
53,1citrate+1coenzyme A
55,1L-glutamine+12-ketoglutarate+1NADPH
56,1canavanine+1fumarate
57,1a [protein] c-terminal S-farnesyl-L-cysteine methyl ester+1S-adenosyl-L-homocysteine
58,1GA4+1succinate+1CO2
59,1ethanol+1NAD+
60,1N-acetylneuraminate+1phosphate
61,"1""a 6+1NAD(P)H"
62,1NADH+1CO2+1propionyl-CoA+1HCO3-
63,1H++1xanthurenate+1H2O
64,1H++1ononin+1UDP
65,"1""3+1NADH"
66,5H++5L-glutamate+5NADH+52-aminoadipate-6-semialdehyde
67,"1""hexane-1+1H2O"
68,1
69,1phosphate+1phosphoenolpyruvate+1AMP
70,"1""oleanolate 3-beta-D-glucuronoside-(3+1UDP"
71,15-aminopentanoate+1acetate
72,1dUTP+1ADP
73,2an ubiquinone+2H2O+4H+
74,1D-ribose+1xanthine
75,1CDP-N-dimethylethanolamine+1diphosphate
76,1H++1L-xylulose+1NADH
77,1H++1(R)-homocitrate+1coenzyme A
78,12-oxopentenoate+1CO2
79,"1CO2+1succinate+1""3-hydroxy-N6"
80,1D-xylulose-5-phosphate
81,"1H++1""2+1formate"
82,1campest-4-en-3&beta;-ol
83,1GTP+1ADP
84,1GA40+1H2O+1an oxidized unknown electron acceptor
85,12'-deoxymugineic acid+1NAD(P)H
86,2H++22-dehydro-3-deoxy-D-gluconate-6-phosphate+2ADP
87,"1""2-hydroxy-3-carboxy-4"
88,1FMN+1NAD(P)H+1H+
89,"1UDP+1""N4-{N-acetyl-&beta;-D-glucosaminyl-(1"
90,1ammonia+1pyruvate+1hydrogen sulfide
91,1pyrroline 5-carboxylate+1NAD(P)H+1H+
92,1AMP+1ADP
93,1cis-homoaconitate+1H2O
94,1N-acetylneuraminate+1phosphate
95,15&alpha;-cholesta-8-en-3-one+1CO2+1NAD(P)H
96,2NADPH+23-hydroxy-3-methyl-glutaryl-CoA
97,1succinate+1coenzyme A
98,1Mn2++1phosphate+1ADP
99,1a 3-oxoacyl-CoA+1coenzyme A
100,"1""1-O+1&beta;-D-glucose"
101,1ent-kaur-16-en-19-al+1NADP++2H2O
102,2H++22-amino-muconate+2NADH
103,1phosphoenolpyruvate+1H2O+1CO2
105,1phytosphingosine-1-P+1ADP
106,"1NAD++1""L-1"
107,1D-mannose-6-phosphate+1ADP
108,1H++1dimethylsulfide+1acrylate
109,1spermine+1S-methyl-5'-thioadenosine
110,1ammonia+1NADH+12-ketoglutarate
111,1NAD(P)H+1estrone
112,14&alpha;-carboxy-5&alpha;-cholesta-8-en-3&beta;-ol+1H2O+1NAD(P)+
113,1D-ribose
114,1choline+1phosphate
115,1acetaldehyde+1glycine
116,1trans-5-O-(4-coumaroyl)-D-quinate+1coenzyme A
117,1L-ornithine+1CO2+1ammonia
118,1D-ribose+1nicotinamide
119,1dihydroxy-acetone phosphate+1glyceraldehyde
120,1a cholesterol ester+1coenzyme A
121,"1""2-hexaprenyl-6-methoxy-1+1H2O"
122,1&alpha;-D-galactose
123,1L-glutamate+1ADP+1phosphate+15-phosphoribosyl-N-formylglycineamidine
124,1H++13-aminopropionaldehyde+1ammonia+1H2O2
125,1xanthine+1H+
126,1CO2+1&beta;-ketoadipate-enol-lactone
127,15-enolpyruvyl-shikimate-3-phosphate+1phosphate
128,1a mannosyl-inositol-phospho-&alpha; hydroxyphytoceramide+1H++1GDP
129,1pseudobaptigenin+1NADP++2H2O
130,1diphosphate+1a CDP-diacylglycerol
131,1acetate+1H2O2
132,1ammonia+1inosine
133,1indole-3-acetate+1NADH+2H+
134,1N-acetylarylamine+1coenzyme A
135,1NADH+1CO2+1pyruvate
136,1protocatechuate+1H2O
137,1soyasapogenol B+1NADP++1H2O
138,14-fumaryl-acetoacetate
139,1esculetin
140,1ammonia+1xanthosine
141,1sulfite+1an reduced unknown electron acceptor
142,1indole-3-glycol+1NAD+
143,1&beta;-D-glucose
144,1thiamine diphosphate+1AMP
145,1N2-succinylglutamate+1NADH
146,"1""adenosine-3'"
147,1a [protein]-L-lysine+1succinate+1formaldehyde+1CO2
148,16-deoxotyphasterol
149,14-hydroxybenzoyl-CoA+1acetyl-CoA+1NADH
150,1H++1&beta;-D-glucose-6-phosphate+1NADPH
151,1a very long chain fatty acyl-CoA+1CO2
152,"1H++1""L-galactono-1+1NADH"
153,12-aminoadipate+1NADH+1H+
154,1UMP+1an &alpha;-D-aldose 1-phosphate
155,15-aminopentanoate+1NAD+
156,2H++2L-canaline
157,1D-glucuronate+1UDP
158,"1""GDP-4-dehydro-3+1H2O"
159,1L-glutamate+12-keto-6-acetamidocaproate
160,110-formyl-tetrahydrofolate
161,1acetol+1NADH+1H+
162,2an ubiquinone+2H2O+4H+
163,1coumaraldehyde+1coenzyme A+1NADP+
164,17-deoxyloganin+1S-adenosyl-L-homocysteine
165,1N-acetyl-D-mannosamine-6-phosphate+1ADP
166,1CO2+1succinate+1dihydrokaempferol
167,"1""L-gulono-1+1H2O"
168,1H++1bergapten+1S-adenosyl-L-homocysteine
169,1thiosulfate+2bisulfite
170,1a demethylated methyl donor+1harmine
171,1D-ribulose-5-phosphate+1formaldehyde
172,1Ca2++1phosphate+1ADP
173,1arachidoyl-CoA+1CO2+1coenzyme A+2NAD(P)++2H2O
174,1L-ornithine+1acetate
175,1a carboxylate+1an L-amino acid
176,1allylcysteine
177,1O-succinyl-L-homoserine+1coenzyme A
178,1L-glutamate+1L-glutamate &gamma;-semialdehyde
179,1ATP+15-phosphoribosyl 1-pyrophosphate
180,1diphosphate+1benzoyl-CoA+1H++1benzoyl-CoA+1inorganic diphosphate+1AMP
181,1GA12+1NADP++1H2O
182,1H++1ammonia+1H2O2+12-keto-6-aminocaproate
183,1H++1phenylacetyl-CoA+1diphosphate+1AMP
184,11-deoxy-1-imino-D-erythrose 4-phosphate+1D-sedoheptulose-7-phosphate
185,12-keto-3-deoxy-D-glycero-D-galacto-nononate+1phosphate
186,"1""(25R)-3&alpha;+1NADH+1H+"
187,1a 1-acyl-2-lyso-glycerophosphocholine+1a steryl-ester
188,1CO2+1phosphoenolpyruvate+1ADP
189,1GA12-aldehyde+1NADP++2H2O
190,1sphingosine-1-phosphate+1ADP
191,1D-xylulose-5-phosphate
192,1CMP+1an L-1-phosphatidylserine
193,1H2O+12-dehydro-3-deoxy-L-arabinonate
194,"2H++2""ribose-1+2ADP"
195,1soyasapogenol B+1NADP++1H2O
196,1urea+1glyoxylate
197,2H++2S-adenosyl-L-homocysteine+2cacodylate
198,1H++1(3S)-citryl-CoA+1ADP+1phosphate
199,1sulfite+1thiocyanate
200,1H++1dihydrostreptomycin 6-phosphate+1CDP
202,1H++14-ureido-5-imidazole carboxylate
203,1(R)-mandelate
204,1D-4'-phosphopantothenate+1ADP
205,1ammonia+1acrylate+1H+
206,1N-acetyl-&beta;-D-glucosaminyl-(1&rarr;6)-&beta;-D-galactosyl-(1&rarr;4)-N-acetyl-&beta;-D-glucosaminyl-R+1UDP
207,14-oxalocrotonate
208,1HCO3-+1H+
209,1urea+1sarcosine
210,1(-)-maackiain+1NADP++1H2O
211,1a 3-oxo-acyl-CoA+1succinate
212,1humulone+1H2O
213,1H++1indole-3-acetate+1H2O2
214,1&gamma;-tocopherol
215,1H++1ammonia+1N-carbamoylputrescine
216,1H++1(KDO)-lipid IVA+1CMP
217,1an acid+1NADH
218,1dUMP+1ADP
219,1aminopropylcadaverine+1H++1aminopropylcadaverine+1S-methyl-5'-thioadenosine
220,1allicin+1H2O
221,2H2O+2porphobilinogen
222,1a (mannosyl)7-(N-acetylglucosaminyl)2-diphosphodolichol+1a dolichyl phosphate
223,1a pectate+Nmethanol
224,1sphingosine+1a carboxylate
225,1H++1NADH+1pyruvate
226,1an ubiquinol+1NAD+
227,1ribose-1-phosphate+1hypoxanthine
228,1glutaryl-CoA
229,"1ADP+1""a 1"
230,3H++32-methylpropionitrile+3NADPH+3oxygen
232,1scoparone+1a demethylated methyl donor
233,1tetrahydrofolate-L-glutamate+1ADP+1phosphate
234,"1""3-hexaprenyl-4+1H2O"
235,1L-lactaldehyde+1dihydroxy-acetone phosphate
236,1H++1lipid A disaccharide+1UDP
237,1deoxyribose 1-phosphate+1guanine
238,118-hydroxyoleate+2NADP++2H2O
239,1D-ribose+1arsenite+1lipoate
241,1S-methyl-5-thio-D-ribose+1adenine
242,12-ketoglutarate+1H2O2
243,1indole acetaldehyde+1NAD(P)H
244,"1""5-(methylthio)-2+1H2O"
245,"1H++1""3-hydroxy-3-carboxy-4+1coenzyme A"
246,1L-glutamate+1phosphate+1ADP
247,3H++3L-ascorbate+3L-dehydro-ascorbate
248,1NADPH+12-trans-Hexadecenal
249,1an inositol-phospho-&alpha; hydroxyphytoceramide
250,13-hydroxy-isobututanoyl-CoA
251,12-oxopentenoate+1H2O
252,12-ketoglutarate+1CO2+1NADH
253,1xylitol+1NADP+
254,"1[heparan sulfate]-&alpha;-D-N-sulfoglucosamine+1a [heparan sulfate]-N-sulfoglucosamine+1""adenosine 3'+1""adenosine-3'"
255,1brassinolide+1NADP++1H2O
256,"1H++1""pentane-1+1coenzyme A"
257,1glucono-&delta;-lactone+1an ubiquinol
258,14-amino-4-deoxychorismate+1L-glutamate
259,"1""4&alpha;-carboxy-4&beta;-methyl-5&alpha;-cholesta-8+1NAD(P)++1H2O"
260,1a (mannosyl)4-(N-acetylglucosaminyl)2-diphosphodolichol+1GDP
261,1diphosphate+12-thiouridine+1L-alanine+1AMP
262,1D-lactoyl-CoA+1propionate
263,"2H++2""D-myo-inositol (1+2ADP"
264,1a 6-(N-acetyl-D-glucosaminyl)-1-phosphatidyl-1D-myo-inositol+1UDP
265,1O-acetyl-L-serine+1O-acetyl-L-serine+1coenzyme A
266,2&alpha;-D-glucose
267,1vinylacetyl-CoA+1H2O
268,1L-dopa+14&alpha;-hydroxy-tetrahydrobiopterin
269,1maltotetraose+1&beta;-D-glucose
270,"1PPPi+1""2-amino-4-oxo-6-(1'"
271,1NADH+1pyruvate
272,1H++1malate+1coenzyme A
273,1D-ornithine
274,"2H++2""D-myo-inositol (1+2ADP"
275,"1H++1formate+1""L-3"
276,"1""5-oxo-1+1NAD++1H2O"
277,1inosine-5'-phosphate+1ADP
278,1&beta;-D-glucose-6-phosphate+1ADP
279,1acetaldehyde
281,1glycine+1pyruvate
282,"1""a 1+1""D-myo-inositol (1"
283,1&beta;-alanine+1NAD(P)H
284,1&gamma;-glutamyl-&gamma;-aminobutyraldehyde+1H2O2+1NH4+
285,1&beta;-alanine+1pyruvate
286,1H++14-hydroxybenzoyl-CoA+1diphosphate+1AMP
287,4CO2+4coproporphyrinogen III
288,1an L-2-amino-acid+15-oxoproline
289,1a 1-acyl-2-lyso-glycerophosphocholine+1linolenate
290,1diphosphate+1oleoyl-CoA+1AMP
291,"1""24+1NADP+"
292,4H++4choloyl-CoA+4propionyl-CoA
293,1maltotriose+1&alpha;-D-glucose 1-phosphate
294,1H2O2+1L-xylo-hexulonolactone
295,1H++1NADH+1D-xylulose
296,1benzoyl-CoA+1ammonia
297,14-carboxyaminoimidazole ribonucleotide
298,16-phospho-D-gluconate
299,1dTMP+1ADP
300,1NADPH+1GDP-4-dehydro-6-deoxy-D-mannose
301,1hypoxanthine+2H+
302,1coumaryl-alcohol+1NADP+
303,1ammonia+14-amino-5-imidazole carboxylate+1CO2
304,1a [histone] N6-methyl-L-lysine+1S-adenosyl-L-homocysteine
305,1pyruvate+1acetyl-CoA
306,1fructose-6-phosphate+1phosphate
307,1GA36+1succinate+1CO2
308,"1a sphingomyelin+1""a 1"
309,1H++1&beta;-D-glucose-6-phosphate+1AMP
310,1GDP-L-galactose
311,1a ribonucleoside+1phosphate
313,1NADH+1succinate
314,1citraconate+1H2O
315,"1""&alpha;-N-acetylneuraminyl-2+1CMP"
316,1a cardiolipin+1CMP
317,1L-arginine+1fumarate
318,13-nonaprenyl-4-hydroxy-5-methoxybenzoate+1S-adenosyl-L-homocysteine
319,1acetaldehyde+1D-glyceraldehyde-3-phosphate
320,1L-glutamate+1oxaloacetate
321,1NADH+1a 3-oxoacyl-CoA
322,1indole-3-glycol aldehyde+1ammonia+1CO2
323,1coenzyme A+13-hydroxy-3-methyl-glutaryl-CoA
324,1allantoate
325,1isoalliin+1H2O2
326,1FAD+1propionyl-CoA
328,1p-(&beta;-aminoethyl)phenoxy-methyl-2-(aminomethyl)furan+1phosphate
329,1H2O+1mesaconate
330,1harmine
331,1D-glucuronate+1an alcohol
332,2H++2indole-3-acetate
333,1phosphate+1chorismate
334,1UDP+1a galactosyl-(1->3)-[&alpha;-L-fucosyl(1->2)]-D-galactosyl-R
335,1D-myo-inositol (3)-monophosphate
336,1D-glyceraldehyde-3-phosphate+1pyruvate
337,14-oxo-4-(3-pyridyl)-butanoate
338,1(22&alpha;)-hydroxy-campest-4-en-3-one+1H2O+1NADP+
339,1ammonia+1mesaconate
340,110-oxogeraniol+1NADPH+1H+
341,1H++1S-adenosyl-L-homocysteine+1&alpha;-tocopherol
342,1L-ascorbate
343,12-amino-3-oxobutanoate+1coenzyme A
344,1N-tetradecanoylglycyl-peptide+1coenzyme A
345,1acetaldehyde+2H2O+2NADP+
346,1GDP-L-colitose+1NAD(P)+
347,1isoscopoletin+1a demethylated methyl donor
348,1S-adenosyl-L-homocysteine+1[myelin basic protein]-N&omega;-methyl-arginine
349,"1""ribose-1+1adenine"
350,1feruloyl-CoA+1AMP
351,1a 3-hydroxyacyl-CoA+1NADP+
352,1a triacyl-sn-glycerol+1coenzyme A
353,1dGTP+1ADP
354,1a long-chain fatty acid+(n+1)coenzyme A+nCO2+2nNADP+
355,12-trans-Hexadecenal+1phosphoryl-ethanolamine
356,2H++22-amino-5-formylamino-6-ribofuranosylamino-4(3H)-pyrimidinone 5'-phosphate+2phosphate
357,"1H++1""di-trans+1phosphate"
358,1pyruvate+1acetate
359,1(Z)-2-methylpropanal-oxime
360,15-deoxy-5-amino-3-dehydroquinate+1phosphate
361,1a phenol+1sulfate
362,1L-glutamate+1methyloxaloacetate
363,1NADH+1acetoacetate
364,"1""4+1formate+1H2O+1NADP+"
365,"1H++1""(1R+1pyruvate"
366,1dimethylarsinous acid+1H2O
367,1&alpha;-D-glucose 1-phosphate
368,1umbelliferone+1H2O
369,1GA17+1succinate+1CO2
370,1H++1NADPH+1dTDP-4-dehydro-6-deoxy-L-mannose
371,2H++2lipid IVA+2ADP
372,1betalamic acid+1H2O
373,1H++1glycochenodeoxycholate+1coenzyme A
374,1cathasterone+1H2O+1NADP+
375,1lanosterol
376,"1""D-myo-inositol (1+1phosphate"
377,15-phosphoribosyl 1-pyrophosphate+1AMP
378,1GA14+1succinate+1CO2
379,1L-glutamate+12-ketoisocaproate
380,2H++2ayapin
381,1GDP+1ADP
382,14-coumaroyl-4'-hydroxyphenyllactate+1coenzyme A
383,1ammonia+1dUTP
384,1a nucleoside-5'-phosphate
385,1K++1H++1phosphate+1ADP
386,1miraxanthin V+1H2O
387,1strictosidine+1H2O
388,1H++1FMN+1CDP
389,1a [protein]-S-sulfanylcysteine+1L-alanine
390,1caffeoyl-4'-hydroxyphenyllactate+1NADP++1H2O
391,1succinate+1a menaquinone
392,1H2O+1NADP++13'-hydroxy-N-methyl-(S)-coclaurine
393,1an L-1-phosphatidyl-inositol+1CMP
394,1bisulfite
395,"1""2-decaprenyl-6-methoxy-1+1H2O"
396,1H++1GDP+1phosphate
397,1CO2+1tyramine
398,1succinate+1NADPH+2H+
399,1L-xylulose
400,1H++1GDP+1trehalose 6-phosphate
401,1D-sedoheptulose-7-phosphate+1D-glyceraldehyde-3-phosphate
403,1UDP-galactose
404,1S-adenosyl-L-homocysteine+1[histone]-N&omega;-methyl-arginine
405,"1""&beta;-D-fructose 2+1ADP"
406,1a tetrahydrofolate+1ATP+1formate
407,"1H2O+1""2"
408,1D-isocitrate
409,1CO2+1tryptamine
410,16-deoxocastasterone+1H2O
411,1H++12-dehydropantoate+1NADPH
412,1hypoglycin B
413,1CO2+1coenzyme A+15-amino-levulinate
414,"1""1+1H2O"
415,12-octaprenyl-6-hydroxyphenol+1H2O
416,"1""(3S"
417,1benzoyl-CoA+1succinyl-CoA
418,1H++1monovinyl protochlorophyllide a+1NADPH
419,13-methylcrotonyl-CoA+1an reduced unknown electron acceptor
420,1a diglyceride+1a fatty acid
421,1H++1&alpha;-iminosuccinate+1H2O2
422,1dihydroxy-acetone phosphate+1an unknown quinol
423,1glutarate+1NADPH+2H+
424,1an reduced unknown electron acceptor+1a 3-oxo-&Delta;4-steroid
425,1H++13-S-methylthiopropionate+15-methyl-THF
426,1D-mannose-6-phosphate
427,1vitamin D3
428,1L-Palmitoylcarnitine+1coenzyme A
429,1nicotinate riboside+1phosphate
430,"1dithiothreitol+1""vitamin K 2"
431,1deacetylcephalosporin-C+1succinate+1CO2
432,"1""(2-amino-4-hydroxy-7+1AMP"
433,"1H++1""2"
434,"1diphosphate+1""(E"
435,"1ammonia+1""5+1CO2+1NADH"
436,1H++1maleamate+1formate+1CO2
437,12-methylbutanal+1CO2
438,2H++2L-rhamnulose-1-phosphate+2ADP
439,1L-xylulose-5-phosphate
440,1a short glucan+1a short glucan
441,1H++1phosphate+1L-malyl-CoA+1ADP
442,1divinyl protochlorophyllide a+1NADP++2H2O
443,1ammonia+1uracil
445,1CO2+1putrescine
446,1NADH+1taurine
447,"1""4+1NADP++1H2O+1formate"
448,1H++1L-homocysteine+1acetate
449,1H++1linoleate+1coenzyme A
450,"1""2-vinyl-[4H]-1+1""3-vinyl-[4H]-1"
451,12-keto-3-methyl-valerate
452,1squalene+1NAD(P)++1diphosphate
453,1ADP+1L-glutamate &gamma;-semialdehyde+1NADP++1phosphate
454,1a monoamine+1ammonia+1H2O2
455,1CMP+1GDP
456,"1""4&alpha;-formyl-5&alpha;-cholesta-8+1NAD(P)++2H2O"
457,1CO2+1phenylacetaldehyde
458,1benzoate+1NADH+2H+
459,3H++3(S)-reticuline+3S-adenosyl-L-homocysteine
460,1nicotinamide mononucleotide+1AMP
462,"2H++2""D-myo-inositol (1+2ADP"
463,1GMP+1phosphate
464,1H++1ammonia+1indole acetaldehyde+1H2O2
465,1131-oxo-magnesium-protoporphyrin IX 13-monomethyl ester+1NADP++2H2O
466,1aminocarboxymuconate semialdehyde+12-amino-3-carboxymuconate semialdehyde
467,1L-glutamate+1NAD(P)H+1H+
468,1ADP-D-glucose+1diphosphate
469,1&beta;-methyl-D-malate
470,1catechol+1CO2+1NADH
471,13-oxo-stearoyl-CoA+1CO2+1coenzyme A
472,1a 1-acyl-sn-glycerol 3-phosphate+1coenzyme A
473,1H++1NADPH+1UDP-GlcNAc-enolpyruvate
474,1(2S)-2-isopropyl-3-oxosuccinate+1NADH+1H+
475,"1NADH+1""androst-4-ene-3"
476,1H++1enolaldehyde+1phosphate
477,1&alpha;-D-glucose 1-phosphate+1UDP-galactose
478,1a debranched limit dextrin+1&beta;-D-glucose
479,1maltotetraose+1a debranched limit dextrin
480,1NADH+1an aldehyde or ketone
481,"1""oleanolate-3-beta-D-glucuronoside-(3+1UDP"
482,1&beta;-D-glucose+1&beta;-D-galactose
483,1phosphate+1ADP
484,1linoleoyl-CoA+1an oxidized unknown electron acceptor+2H2O
485,1D-sorbitol+1phosphate
486,2H++2phytate+2ADP
487,1L-glutamate+13''-deamino-3''-oxonicotianamine
488,2H++2ammonia+24-imidazolone
489,1acetoacetate+1acetyl-CoA
490,"1""5&alpha;-cholesta-7"
491,1succinate+1acetoacetyl-CoA
492,1L-glutamate-5-phosphate+1ADP
493,"1""&alpha;-D-galactosyl-(1+1UDP"
494,1H++1acetate+1coenzyme A
495,"1""3"
496,12-oxobutanoate+1CO2
497,1H++1ammonia+1crotonyl-CoA
498,"1NADPH+1""7"
499,1CMP-2-keto-3-deoxy-D-glycero-D-galacto-nononate+1diphosphate
500,1coenzyme A+1a carboxylate
501,1crotonyl-CoA+1an reduced unknown electron acceptor
502,"1""N(4)-{N-acetyl-&beta;-D-glucosaminyl-(1+1GDP"
503,1(5&alpha;)-campestan-3-one+1NADP+
504,1CoB-CoM heterodisulfide+1methane
505,1dTDP-L-dihydrostreptose
506,1L-dopa+1H2O
507,1peptidylproline (&omega; = 0)
508,2a standard &alpha; amino acid
509,2H++2phosphate+2UDP-N-acetylmuramoyl-L-alanyl-D-glutamyl-L-lysine+2ADP
510,1&beta;-ketoadipate-enol-lactone
511,1diphosphate+1demethylsuberosin
512,1methylmalonate semialdehyde+1H++1pyruvate+1methylmalonate-semialdehyde
513,1a [Cys-Gly]-S-conjugate+1L-glutamate
514,1spermidine+13-aminopropionaldehyde+1H2O2
515,1dTDP-4-dehydro-6-deoxy-L-mannose
516,1H++1malonate+1ononin
517,1ADP+1phytate
518,na short glucan
519,1a trans-2-enoyl-CoA
520,1CO2+1NADH+1glutaryl-CoA
521,"1H++1""undecaprenyl N-acetyl-glucosaminyl-N-acetyl-mannosaminuronate-4-acetamido-4+1dTDP"
522,2H++2esculetin
523,9H++9glycine betaine+9CO2
524,1sulfite+1pyruvate
525,1D-ribose 5-phosphate
526,1H++1isopentenyl diphosphate+1ADP
527,1GA36+1succinate+1CO2+1H2O
528,1maltopentaose
529,1a sphingomyelin+1CMP
530,16-deoxoteasterone+1H2O
531,1D-fructose+1NADH
532,1dTDP-&alpha;-L-rhamnose+1NADP+
533,"1H++1AMP+1diphosphate+1""(25R)-3&alpha;"
534,1an L-1-phosphatidylethanolamine+1CO2
536,1Cu2++1phosphate+1ADP
537,1L-glutamate+1D-4-hydroxy-2-keto-glutarate
538,1diphosphate+1adenosine 5'-phosphosulfate
539,1H++1(+)-abscisate+1H2O2
540,1ubiquinone-10+1an reduced unknown electron acceptor
541,3H++3131-hydroxy-magnesium-protoporphyrin IX 13-monomethyl ester+3NADP+
542,1a [protein]-3-hydroxy-L-aspartate+1CO2+1succinate
543,2H++2streptomycin 6-phosphate+2ADP
544,2H++2castasterone
545,16-phospho-D-gluconate+1ADP
546,"1""a 1+1an OPG-6-(glycerophospho)-D-glucose"
547,1diphosphate+1geranylfarnesyl diphosphate
548,2H++2L-glutamate+2D-erythro-imidazole-glycerol-phosphate+2aminoimidazole carboxamide ribonucleotide
549,1deoxyribose 1-phosphate+1hypoxanthine
550,1ammonia+1H2O2+1oxaloacetate
551,1propionyl-CoA+1acetate
552,1diphosphate+1a [protein]-S-geranylgeranyl-L-cysteine
553,1H++1pyruvate+1ammonia
554,1a phosphatidylcholine+1CMP
555,1CDP-N-methylethanolamine+1diphosphate
556,1(3R)-linalool+1diphosphate
557,15-methylthioribulose-1-phosphate
558,1GA19+1succinate+1CO2
559,14&alpha;-hydroxymethyl-5&alpha;-cholesta-8-en-3&beta;-ol+1H2O+1NAD(P)+
560,1H2O+1D-glyceraldehyde-3-phosphate+1acetylphosphate
561,1ammonia+1a monocarboxylate
562,1coenzyme A+1a long-chain ester
563,1glutathione disulfide+1lipid+2H2O
564,1L-glutamate+12-aminoadipate-6-semialdehyde
565,1H++1p-aminobenzoate+1pyruvate
566,1polyprenol (C80)+1diphosphate
567,1diethylthiophosphate+14-nitrophenol
568,1urea+1putrescine
569,1an N-acetylglucosaminyl-diphosphodolichol+1UMP
570,"1""1+1phosphate"
571,1H++1lotaustralin+1UDP
572,"1H++1""oleanolate-3-beta-D-glucuronoside-(3+1UDP"
573,1NADH+1acetate
574,14-&alpha;-methylzymosterol+1NADP+
575,"1""(25R)-5&beta;-cholestane-3&alpha;+1NADP++1H2O"
576,1H++1propionyl-CoA+1diphosphate+1AMP
577,12-O-(6-phospho-&alpha;-mannosyl)-D-glycerate+1pyruvate
578,1(R)-2-benzylsuccinate
579,9H++9enterobactin+6diphosphate+6AMP
580,1an L-1-phosphatidyl-inositol+1phosphate
581,1CO2+1cadaverine
582,1S-adenosyl-L-homocysteine+1a methylated methyl donor
583,1a dolichyl &beta;-D-glucosyl phosphate+1UDP
584,1UDP-N-acetyl-&beta;-D-mannosaminouronate+2NADH+3H+
585,1alliin+1H2O2
586,"1""1-phosphatidyl-1D-myo-inositol 3+1ADP"
587,3NAD(P)H+3nitrite
588,1an reduced unknown electron acceptor+1formaldehyde+1glycine
589,13&beta;-hydroxy-4&beta;-methyl-5&alpha;-cholest-7-ene-4&alpha;-carbaldehyde+1NAD(P)++1H2O
590,1H++1NADH+1D-xylulose
591,"1""trans-2+1H2O"
592,1ammonia+1indole-3-acetate
593,1ammonia+1fructose-6-phosphate
594,1H++1L-cysteine+1acetate
595,1N-acetylmuramoyl-L-alanyl-D-glutamyl-L-lysyl- D-alanyl-D-alanine-diphosphoundecaprenol+1UMP
596,1H++13-oxoadipate
597,1dTDP-D-glucose+1diphosphate
598,1homovanillate+1S-adenosyl-L-homocysteine
599,1acetoacetyl-CoA+1acetate
600,12-acetolactate+1NADPH+1H+
601,"1NADPH+1""5"
602,1cotinine+1H2O2
604,"1""a 1+1UDP"
605,"2H++2""2-oxopenta-3"
606,1benzyladenine-7-N-glucoside+1UDP
607,1protoporphyrin IX+3H2O
608,1H++118-oxo-oleate+1NADPH
609,1a nucleoside-5'-phosphate
610,1H++1fructose-6-phosphate+1NADH
611,1phosphoribosylformiminoAICAR-phosphate
612,12'-hydroxypseudobaptigenin+1NADPH+1H+
613,1GDP-D-perosamine+12-ketoglutarate
614,1cis-zeatin-O-glucoside+1UDP
615,1CO2+1itaconate
616,1L-glutamate+1a folylpolyglutamate(n)
617,1arsenite+1phosphate+1ADP
618,1CO2+1agmatine
619,1N-acetyl-L-glutamate+1L-ornithine
620,1L-homocysteine+1adenosine
621,12-keto-6-aminocaproate
622,1palmitate+1coenzyme A
623,1D-ribose 5-phosphate+1H++1nicotinamide
624,6H++6N-[(5S)-5-amino-5-carboxypentanoyl]-L-cysteinyl-D-valine+3AMP+3diphosphate
625,1diphosphate+1R-4'-phosphopantothenoyl-L-cysteine+1CMP
626,14-guanidinobutyramide+1H2O+1CO2
627,"1""(25R)-3&alpha;+1NADH+2H+"
628,1ammonia+1deoxyinosine
629,1H++1histidinal+1NADH
630,1a [procollagen]-5-hydroxy-L-lysine+1CO2+1succinate
631,"1H++1phosphate+1""fructose-1"
632,1CO2+1histamine
633,1GA4+1NADP++1CO2
634,1H++1betaxanthin+1H2O
635,2pyrroline-hydroxy-carboxylate+2H2O
636,1CO2+1crotonyl-CoA
637,1H2O+1CO2+1succinate+1deacetoxycephalosporin C
638,1E-phenylitaconyl-CoA+1an reduced unknown electron acceptor
639,"1""3+1CO2"
640,14-&alpha;-methylzymosterol+1an oxidized unknown electron acceptor
641,2H++26-oxocampestanol
642,1L-glutamate+1indole-3-pyruvate
643,1cornusiin E+3H2O
644,1phosphate+1ADP
645,1N-acetyl-&beta;-glucosaminylamine+1L-aspartate
646,12-aminoadipate-6-semialdehyde
647,1diphosphate+1AMP+1a 2'-deoxyribonucleotide
648,1a mannosyl-(N-acetylglucosaminyl)2-diphosphodolichol+1GDP
649,1UDP-GlcNAc-enolpyruvate+1phosphate
650,1H2O+1GDP-4-dehydro-6-deoxy-D-mannose
651,1coenzyme A+1ADP
652,1an reduced unknown electron acceptor+1formaldehyde+1sarcosine
653,1D-isocitrate+1NAD(P)+
654,1a dihydroceramide+1coenzyme A
655,1maltohexaose
656,1H++1L-alanine+1anthranilate
657,1benzoyl-CoA+1CO2+2H+
658,"1""7+1diphosphate"
659,"2H++2""2-oxo-3-carboxy-4"
660,"1""L-2+1NAD(P)H+1H+"
661,1cyclohexane-1-carboxyl-CoA+2H++2cyclohexane-1-carboxyl-CoA+2AMP+2phosphate
662,1campestanol
663,2phosphate
664,1ethylmalonyl-CoA+1NADP+
665,1betanidin+1betanidin quinone+2H2O
666,1cis-zeatin-9-N-glucoside+1UDP
667,1H++1trans-homoaconitate+1coenzyme A
668,1ammonia+1xanthine
669,13-deoxy-D-arabino-heptulosonate-7-phosphate+1phosphate
670,1diphosphate+1UDP-galactose
671,1phosphate+1a carboxylate
672,1H2O2+13-dehydroecdysone
673,1a D-glucosyl-N-acylsphingosine+1a sterol
674,1a 1-alkyl-glycerone 3-phosphate+1a long-chain carboxylate
675,"1""2+1&beta;-D-glucose"
676,"1H++1""1"
677,"1H++1""2-nonaprenyl-3-methyl-6-methoxy-1+1S-adenosyl-L-homocysteine"
678,12-phosphoglycolate+13-phosphoglycerate+2H+
679,1a maltodextrin
680,"1""4+1NADP+"
681,1pyruvate+1a thiol+1ammonia
682,1ubiquinone-8+1an reduced unknown electron acceptor
683,13-demethylubiquinol-10+1H2O
684,1L-glutamate+12-keto-3-methyl-valerate
685,1(22&alpha;)-hydroxy-5&alpha;-campestan-3-one+1NADP+
686,1a 2(R)-hydroxy fatty acid
687,"2H++2""2+2UMP"
688,1H++12-hydroxymuconate semialdehyde
689,1o-succinylbenzoate+1H2O
690,"1glycolaldehyde+1""6-hydroxymethyl-7"
691,1GA9+1CO2+1NADP+
692,1K+
693,1creatine
694,"1""di-trans+1diphosphate"
695,1sn-3-O-(geranylgeranyl)glyceryl 1-phosphate+1diphosphate
696,1a long-chain acyl-CoA+1NADP+
697,1catechol+1CO2+1ammonia+1NAD(P)+
698,1hydroxypyruvate+1NADPH
699,1UDP-3-O-(3-hydroxymyristoyl)glucosamine+1acetate
700,"1""4-coumaroyl-3'+1NADP++1H2O"
701,1N-phospho-L-arginine+1ADP
702,14&alpha;-methyl-cholesta-8-enol+1NADP+
703,"1""3+1ammonia+1H2O2"
704,1H++1N-acetylglutamyl-phosphate+1ADP
705,1ADP+1phosphate+1Ca2+
706,14-aminobutyrate+1NADH+2H+
707,"1""7+1phosphate"
708,1D-glucuronate+1NADPH
709,1ammonia+1H2O2+1an aldehyde
710,1H++1(2S)-2-isopropylmalate+1coenzyme A
711,1glutathione+1sulfite+2H+
712,1glutathione disulfide+2H2O
713,1allylsulfenate+12-aminoacrylate+1H+
714,1thiamin+1phosphate
715,1diphosphate+1acetyl-CoA+1AMP
716,1methyl-CoM+1H2O
717,1quinolinate+1H2O
718,"1""(25R)-3&alpha;+1AMP+1diphosphate+1H+"
719,12-octaprenylphenol+1CO2
720,"1H++1""O-1+1dTDP"
721,12-ketoglutarate+1NAD(P)H+2H+
722,2H++2L-ribulose-5-phosphate+2ADP
723,1PPPi+16-pyruvoyl tetrahydropterin
724,1a 1-monoglyceride
725,13-hexaprenyl-4-hydroxybenzoate+1diphosphate
726,1a sphingosine-containing ceramide+1a ceramide
727,1N-acetyl-&alpha;-D-glucosaminyl-(1->4)-&beta;-D-glucuronosyl-(1->4)-N-acetyl-&alpha;-D-glucosaminylproteoglycan+1UDP
729,1diphosphate+1UDP-N-acetyl-D-glucosamine
730,1a phosphatidyl-N-dimethylethanolamine+1H++1S-adenosyl-L-homocysteine
731,1diphosphate+1AMP+1GMP
732,1acetoacetyl-CoA+1coenzyme A
733,1NADH+11-octanal
734,"1""a 1+1choline"
735,110-oxogeranial+1NADPH+1H+
736,2H++2glucosyl-heptosyl2-KDO2-lipid A-phosphate+2ADP
737,1GA37+1CO2+1succinate
738,"1""adenosine 3'+1L-tyrosine methyl ester 4-sulfate+1""adenosine-3'"
739,1xanthosine+1phosphate
740,1a mannosyl-diphosphoinositol-&alpha; hydroxyphytoceramide+1H2O
741,"1[chondroitin]-6-O-sulfo-N-acetylgalactosamine+1""adenosine 3'+1""adenosine-3'+1chondroitin-6-sulfate"
742,1H++1glucosyl-heptosyl3-KDO2-lipid A-phosphate+1ADP
744,1quinolinate+2H2O+2phosphate
745,"1""di-trans+1diphosphate"
746,1nicotine-Glucuronide+1UDP
747,1H2O+12-dehydro-3-deoxy-D-gluconate
748,1methylglyoxal
749,1L-1-glycero-3-phosphocholine+1a carboxylate
750,1thioacrolein+1allylsulfenate
751,"1""4+1NADP+"
752,1fructose-6-phosphate+1D-glyceraldehyde-3-phosphate
753,1H++1NADPH+1D-mannose-6-phosphate
754,15-phosphoribosyl 1-pyrophosphate+1orotate
755,1(E)-2-methylbutanal oxime+1CO2+1H2O
757,1&beta;-alanine+1CO2
758,1L-alanine+12-keto-isovalerate
759,1trans-zeatin-O-glucoside-7-N-glucoside+1UDP
760,1L-octanoylcarnitine+1coenzyme A
761,1H++1ammonia+1pyruvate+1L-homocysteine
762,1H++1N-methylaminobutanal+1ammonia+1H2O2
763,"1""D+1trimethylamine+1NAD(P)++1H2O"
764,1ammonia+12-oxobutanoate+1L-cysteine
765,1a 3-oxoacyl-CoA+1NADPH+1H+
766,1NADH+1L-lactate
767,1inosine-5'-phosphate+1ammonia
768,1&beta;-D-ribopyranose
769,1UMP+1ADP
770,14-hydroxybenzoate+1NADH+2H+
771,1ciceritol+1myo-inositol
772,1an aldehyde+1a primary amine+1H2O2
773,1L-glutamate+12-keto-isovalerate
774,1a D-glucosyl-N-acylsphingosine+1UDP
775,1tyrosol+1NAD+
776,16-phospho-2-dehydro-D-gluconate+1NAD(P)H+1H+
777,1fumarate+1aminoimidazole carboxamide ribonucleotide
779,1GA9+2CO2+2succinate
780,3H++2L-ascorbate+2NADP+
781,"1""5&alpha;-cholesta-8+1NAD(P)H+1CO2"
782,1fumarate+1AMP
783,1acetol+1NADP+
784,"1""L+1succinate"
785,1sphingosine+1phosphate
786,1phenylacetaldehyde+1ammonia+1H2O2+1CO2
787,2H++2D-ribulose-1-phosphate+2ADP
788,1a glucuronosylated glucuronoside acceptor+1a &beta;-D-glucuronoside+1UDP
789,1S-allantoin+1CO2+1H2O2
790,1itaconyl-CoA+1GDP+1phosphate
791,1a N-acetylmuramoyl-pentapeptide-diphosphoundecaprenol+1UMP
792,1a 2-enoyl-CoA+1an reduced unknown electron acceptor
793,1inosine+1phosphate
794,1H++1&beta;-tocopherol+1S-adenosyl-L-homocysteine
795,3H++32-methylbutyronitrile+3NADPH+3oxygen
796,1a cardiolipin+1glycerol
797,13-deoxy-D-manno-octulosonate 8-P+1phosphate
798,"1H++1""oleanolate-3-beta-D-glucuronoside-(3+1UDP"
799,13-demethylubiquinol-9+1H2O
800,12-ketoisocaproate+1CO2
801,1L-glutamate+1N-succinyl-2-amino-6-ketopimelate
802,1H++1phosphoryl-choline+1S-adenosyl-L-homocysteine
803,1maltose+1&alpha;-D-glucose
804,12-dehydro-3-deoxy-D-gluconate-6-phosphate+1H2O
805,1sophoradiol+1NADP++1H2O
806,2H++2CMP+2ADP
807,1&beta;-methylmalyl-CoA
808,1diphosphate+1CDP-ethanolamine
809,1phosphate+1L-threonine
810,1FMN+1ADP
811,13-oxoadipyl-CoA+1succinate
812,12-oxobutanoate+1ammonia
813,1H++1ADP+1dGDP
814,13-hydroxybutyryl-CoA+1NADP+
815,1coniferaldehyde+1NADPH+1H+
816,1oleanolate 3 beta-D-glucuronoside+1UDP
817,1H++1hydroxypyruvate+1NADH
818,1zymostenol
819,12-trans-dodecenoyl-CoA
820,1cis-zeatin riboside+1phosphate
821,13-methylcrotonyl-CoA+1FADH2
822,1acetone cyanohydrin+1&beta;-D-glucose
823,2H++2O-phospho-L-homoserine+2ADP
824,1methylglyoxal+1NADPH+1H+
825,1diphosphate+1(E) &beta;-Bergamotene
826,1tetrahydrofolate+12-dehydropantoate
827,14-coumaroylshikimate+1coenzyme A
828,1H++15-aminopentanoate+1ammonia
829,1phenylglyoxylate+1an reduced unknown electron acceptor
830,1L-3-aminobutyryl-CoA+1acetoacetate
831,1acetate+1D-galactosamine-6-phosphate
832,"1H++1S-adenosyl-L-homocysteine+1""2-octaprenyl-3-methyl-6-methoxy-1"
833,1a (-)-ureidoglycine+1ammonia+1CO2
834,1CMP-N-acetylneuraminate+1diphosphate
835,1a dialkyl phosphate+1a phenol
836,"1""(25S)-3&alpha;"
837,"1""(6z"
838,1phosphate+1ADP
839,1D-ribulose-5-phosphate
840,1acetylphosphate+1coenzyme A
841,1H++1NADH+12-keto-myo-inositol
842,1protoporphyrin IX+1an reduced unknown electron acceptor
843,1L-glutamate+1NADH
844,2H++2NADH+2glutarate
845,1D-glucono-&delta;-lactone-6-phosphate+1NADPH+1H+
846,1diphosphate+1GDP-D-glucose
847,1trehalose+1phosphate
848,12-aminomuconate semialdehyde+1CO2
849,"2H++2""3-carboxy-cis"
850,1D-ribulose+1NADH+1H+
851,1&beta;-D-glucuronosyl-(1->4)-N-acetyl-&alpha;-D-glucosaminyl-(1->4)-&beta;-D-glucuronosylproteoglycan+1UDP
852,1dimethylmaleate
853,14-maleyl-acetoacetate
854,1CO2+1diphosphate+1nicotinate nucleotide
855,1urocanate+1H2O
856,1benzoylsuccinyl-CoA+1an reduced unknown electron acceptor
857,1beta-methylenecyclopropyl pyruvate+1CO2
858,1NADPH+1a ketone
859,1S-adenosyl-L-homocysteine+13-hexaprenyl-4-hydroxy-5-methoxybenzoate
860,1phosphoadenosine-5'-phosphosulfate+1ADP
861,17-dehydro-cholesterol+1NADPH+1H+
862,1L-lactaldehyde+1dihydroxy-acetone phosphate
863,2H++2ADP+25-methylthioribose-1-phosphate
864,1D-ribose+1hypoxanthine
865,1dihydrozeatin-O-glucoside+1UDP
866,12-methylamine-furan+1a 2-oxo acid
867,1N-formimino-glycine+1tetrahydrofolate
868,1polyprenyl diphosphate (C80)+13diphosphate
869,"1""2+1NADH"
870,"1""D-myo-inositol (1+1ADP"
871,"1H++1""2-heptaprenyl-3-methyl-6-methoxy-1+1S-adenosyl-L-homocysteine"
873,1(Z)-2-methylbutanal oxime
874,1ribose-1-phosphate+1guanine
875,1methylsuccinyl-CoA
876,1phosphate+1fructose-6-phosphate
877,17&alpha;-hydroxycholesterol+1NADP++1H2O
878,1hyperforin+2diphosphate
879,"1""3+1phosphate"
880,1phosphate+1AMP
881,1a 2-monoglyceride+1a fatty acid
882,1L-alanine+1indole-3-pyruvate
883,14-nitrophenol+1diethylphosphate
884,"1diphosphate+1""2"
885,1a folylpolyglutamate(n)+1phosphate+1ADP
886,14-[N-&gamma;-L-glutamyl-&gamma;-L-glutamyl-)-p-(&beta;-aminoethyl)phenoxy-methyl]-2-(aminomethyl)furan+1H2O
887,1sorbose+1NADH
888,2H++2L-fuculose-1-phosphate+2ADP
889,1H++13-amino-5-hydroxybenzoate+1H2O
890,1diethylthiophosphate+14-hydroxyaniline
891,1deoxyribose 1-phosphate+1uracil
892,14-trimethylammoniobutanal+1glycine
893,1oxaloacetate
894,15-amino-6-(5'-phosphoribosylamino)uracil+1NADPH+1H+
895,1ethanolamine+1CO2
897,1ammonia+1deoxyuridine
898,1L-arabitol+1NADP+
899,2H++2dihydroneopterin phosphate+2diphosphate
900,1N-succinyl-2-amino-6-ketopimelate+1coenzyme A
901,1a perthiol+1a thiol
902,1H++1N-acetyl-L-glutamate+1coenzyme A
903,"1""di-trans+1diphosphate"
904,23-phosphoglycerate+2H+
905,1crotonyl-CoA+1CO2+2H+
906,12-ketoglutarate+1CO2+1NADPH
907,1dihydroxy-acetone phosphate+1NADH+1H+
908,1a non galactosylated galactose acceptor
909,2H++2phytate+2ADP
910,3H++3nicotianamine+3S-methyl-5'-thioadenosine
911,2H++2shikimate-3-phosphate+2ADP
912,1H++1cinnamoylserotonin+1coenzyme A
913,"1""&alpha;-glucose-1+1ADP"
914,1(6&alpha;)-hydroxycampestanol+1H2O+1an oxidized unknown electron acceptor
915,1L-glutamate+13-sulfinyl-pyruvate
916,14-hydroxy-4-(3-pyridyl)-butanoate
917,12-heptaprenyl-6-methoxyphenol+1CO2
918,15-amino-levulinate
919,1dATP+1ADP
920,2dimethylbenzimidazole+2D-erythrose-4-phosphate+2H2O
921,1H++1ADP+1acetylphosphate
922,1arachidate+1coenzyme A
923,1(R)-benzylsuccinyl-CoA+1succinate
924,1ammonia+1uridine
925,13'-ketolactose+1an reduced unknown electron acceptor
926,2H++23-dehydroteasterone
927,1scoparone+1a demethylated methyl donor
928,1an N-acylglycine+1coenzyme A
929,1H++1galactosyl-glucosyl3-heptosyl3-KDO2-lipid A-bisphosphate+1UDP
930,1diphosphate+1wighteone
931,1a benzosemiquinone+2H2O+4benzosemiquinone
932,"1""3-decaprenyl-4+1H2O"
933,"1""2-methyl-6-phytyl-1+1CO2+1diphosphate"
934,1ubiquinol-10+1S-adenosyl-L-homocysteine
935,1K++1Na++1phosphate+1ADP
936,2monodehydroascorbate+2H2O
937,1a fatty acid+1coenzyme A
938,14-[N-&gamma;-L-glutamyl-)-p-(&beta;-aminoethyl)phenoxy-methyl]-2-(aminomethyl)furan+1H2O
939,1homoserine+1ammonia+1NADP+
940,1isovaleryl-CoA+1CO2+1NADH
941,1acetate+1choline
942,1herniarin+1a demethylated methyl donor
943,12-keto-L-gluconate+1an reduced unknown electron acceptor
944,1N-formimino-L-glutamate+1tetrahydrofolate
945,"1""1+1phloroglucinol"
946,1fructose-1-phosphate+1ADP
947,1diphosphate+1all-trans-hexaprenyl diphosphate
948,1H++1ammonia+1urocanate
949,2H++2NADPH+2ADP
950,1L-alanine+1sulfoacetaldehyde
951,"1""4&alpha;-hydroxymethyl-4&beta;-methyl-5&alpha;-cholesta-8+1NAD(P)++1H2O"
952,1urate+4H+
953,1S-adenosyl-L-homocysteine+1loganin
954,2H++2nicotinate nucleotide+2ADP
955,1phosphate+1ADP
956,1ammonia+1CO2
957,"1[heparan sulfate]-&alpha;-D-N-sulfoglucosamine 3-O-sulfate+1""adenosine 3'+1""adenosine-3'"
958,1a large-branched glucan
959,1indole-3-glycerol-phosphate+1CO2+1H2O
960,1H++1butyryl phosphate+1ADP
961,1diphosphate+1ent-kaur-16-ene
962,1isoscopoletin
963,"1""3+1L-glutamate"
964,14-oxo-4-(3-pyridyl)-N-methylbutanamide
965,"1""4+1formate+3NADP++4H2O"
966,1propionyl-CoA+1NADP+
967,2H++2phosphate+2UDP-N-acetylmuramoyl-L-alanyl-D-glutamyl-L-lysyl-D-alanyl-D-alanine+2ADP
968,1a long-chain acyl-CoA+ncoenzyme A+nCO2+2nNAD++2nNADP+
969,1glutaryl-CoA+1acetyl-CoA
970,1131-hydroxy-magnesium-protoporphyrin IX 13-monomethyl ester+1NADP++1H2O
971,"1""2+1NAD++1H2O+1CO2"
972,"1""2+1HCl"
973,1&alpha;-D-glucose 6-phosphate
974,1gibberellin A1+1H2O+1NADP+
975,1crotonyl-CoA
977,1uroporphyrinogen-III+1H2O
978,1urea+14-aminobutyrate
979,1phosphate+1GDP
980,1ammonia+1H2O2+1pyridoxal 5'-phosphate
981,1propionyl-CoA+1AMP+1diphosphate+1H2O+1NADP+
982,1a [glycoprotein]-N-palmitoyl-L-lysine+1coenzyme A+1H2O
983,1a (3R)-3-hydroxyacyl-CoA
984,1H++1ammonia+1nicotinate
985,13-demethylubiquinol-8+1H2O
986,1deoxyadenosine+1phosphate
987,"1""5-amino-6-ribitylamino-2+1riboflavin"
988,1D-glycerate+1NADH
989,13-hydroxy-5- oxohexanoyl-CoA+1acetate
990,"1""(1R+1NAD+"
991,1ADP+1phosphate+13-methylglutaconyl-CoA
994,1H2O+1CO2+15-aminopentanamide
995,"1""di-trans+1diphosphate"
996,1H2O+12-dehydro-3-deoxy-D-gluconate
997,1GMP
998,1diphosphate+1a long-chain acyl-CoA+1AMP
999,1H++1succinate+1cystathionine
1000,1H++1cystathionine+1acetate
1001,1phosphate+1a nucleoside diphosphate
1002,2H2O+2R'C(R)S-S(R)CR'
1003,"1""2+1NAD+"
1005,1indole acetaldehyde+1ammonia+1H2O2+1H+
1006,1H++1desmethylxanthohumol+1diphosphate
1007,1acetate+1a 1-alkyl-2-lyso-sn-glycero-3-phosphocholine
1008,1crotonyl-CoA+1CO2+1an reduced unknown electron acceptor
1009,1arachidonate+1ethanolamine
1010,"2H++2""D-myo-inositol (1+2ADP"
1011,1thiamine-phosphate+1diphosphate
1012,2H++2methylarsonate+2S-adenosyl-L-homocysteine
1013,2H++2protoheme IX
1014,1an alcohol+1phosphate
1015,2H++26-phospho-2-dehydro-D-gluconate+2ADP
1016,1betaine aldehyde+1an reduced unknown electron acceptor
1017,1N-acetyl-D-galactosaminyl-polypeptide+1UDP
1018,"1a carboxylate+1""a 1"
1019,1caffeoyl-CoA+1L-quinate
1020,1an reduced unknown electron acceptor+1glyoxylate
1021,1urate+1NADH+1H+
1022,1a (3S)-3-hydroxyacyl-CoA
1023,1an (N-acetylglucosaminyl)2-diphosphodolichol+1UDP
1024,1ADP+1phosphoenolpyruvate
1025,1urea+1L-ornithine
1026,1H++16-oxocyclohex-1-ene-1-carboxyl-CoA+1NADH
1027,1&beta;-D-glucose 1-phosphate
1028,1a 1-phosphatidyl-1D-myo-inositol 3-phosphate+1ADP
1029,11-(3-aminopropyl)-pyrrolinium+1H2O
1030,1dimethylallyl-diphosphate
1031,2H++2UDP-N-acetylmuramoyl-L-alanine+2phosphate+2ADP
1032,"1GDP+1""N4-{N-acetyl-&beta;-D-glucosaminyl-(1"
1033,1NAD(P)H+1an acid
1034,"1""5"
1035,1phosphate+1carbamoyl-phosphate+2ADP
1036,"1H++2H2O+2""L-2"
1037,12-hydroxycaffeate+1a demethylated methyl donor
1038,1Gibberellin A44 diacid+1CO2+1succinate
1039,1citrulline+1phosphate
1040,1H++1L-xylulose+1NADPH
1041,1indole+1sn-glycerol-3-phosphate
1042,1L-glutamate+14-hydroxyphenylpyruvate
1043,"1H++1NADH+1""2"
1044,1D-alanine
1045,4H++4dimethylsulfoniopropionate+4CO2
1046,1&delta;-tocopherol
1047,1coniferaldehyde+1NADP++1coenzyme A
1048,2H2O+2oxygen
1049,1scopoletin+1a demethylated methyl donor
1050,"1""(25S)-3&alpha;"
1051,1H++1KDO2-lipid IVA+1CMP
1052,1NAD++1phosphate
1053,1N-hydroxyvaline+1NADP++1H2O
1054,1UTP+1ADP
1055,11-octanal+1an reduced unknown electron acceptor
1056,1indole-3-acetamide+1H2O+1CO2
1057,"1""a 1-phosphatidyl-1D-myo-inositol 4+1ADP"
1058,"1""2"
1059,2H++23-phosphoglycerate+2NADPH
1060,3H++3divinyl protochlorophyllide a+3NADP+
1061,12-aceto-2-hydroxy-butyrate+1CO2
1062,14&beta;-hydroxymethyl-4&alpha;-methyl-5&alpha;-cholest-7-en-3&beta;-ol+1H2O+1NAD(P)+
1063,1ubiquinone-6+1an reduced unknown electron acceptor
1064,13-mercaptopropionate+15-methyl-THF
1065,1trans-5-O-caffeoyl-D-quinate+1H2O+1NADP+
1066,1H++1sinapoyltyramine+1coenzyme A
1067,1calcidiol+1NADP++1H2O
1068,"1""2-C-methyl-D-erythritol-2+1CMP"
1069,"1""5-amino-6-ribitylamino-2+1ammonia"
1070,1starch
1071,16-hydroxynicotinate+1NADPH+1H+
1072,"1""N+1NADP++1H2O"
1073,1H++1D-gluconate
1074,1butyryl phosphate+1coenzyme A
1075,1norcotinine+1NADP++1H2O
1076,1H2O+1dTDP-4-dehydro-6-deoxy-D-glucose
1077,1oxygen
1079,"1""N-acetyl-&beta;-D-glucosaminyl-1+1UDP"
1080,2H++2NADH+2glycolate
1081,1CO2+1serotonin
1082,1(3S)-linalool+1diphosphate
1083,1trans-caffeate
1084,1H++12-oxo-4-methylthiobutanoate+1formate
1085,1a trans-2-enoyl-CoA
1086,1&beta;-D-galactose+1&beta;-D-glucose
1087,1NADPH+1glyoxylate
1088,1(R)-2-hydroxyglutaryl-CoA+1acetate
1089,1succinate+1itaconyl-CoA
1090,12-oxobutanoate+1CO2+1NADH
1091,1ADP+1phosphate+15'-phosphoribosyl-4-(N-succinocarboxamide)-5-aminoimidazole
1092,1glyoxylate+1succinate
1093,17-deoxyloganetate
1094,1L-cysteine+1homoserine
1095,12-succinyl-5-enolpyruvyl-6-hydroxy-3-cyclohexene-1-carboxylate+1CO2
1096,1NAD(P)H+1GDP-4-dehydro-6-deoxy-D-mannose+1H+
1097,1H++1acrylate+1ammonia
1098,1all-trans-dodecaprenyl diphosphate+1diphosphate
1099,1diphosphate+1cyclic-AMP
1100,1H2O2+1orotate
1101,14-(methylamino)-1-(3-pyridyl)-1-butanone
1102,1D-mannose-6-phosphate+1D-glycerate
1103,1diphosphate+1dephospho-CoA
1104,"1""3-O-trigalloyl-1+1&beta;-D-glucose"
1105,1&Delta;1-piperideine-2-carboxylate
1106,1a 3-oxo-&delta;5-steroid+1NADH+1H+
1107,1H++1NADH+1D-tagaturonate
1109,1D-fructuronate+1H++1NADH
1110,"1""7&alpha;+1NADP++1H2O"
1111,1NAD++1phosphate
1112,1UDP+1trehalose 6-phosphate
1113,15-deoxy-5-amino-3-dehydroshikimate+1H2O
1114,"1""2-methyl-6-solanyl-1+1CO2+1diphosphate"
1115,1H++1N-acetylputrescine+1coenzyme A
1116,"1""1+16-O-galloylglucose"
1117,1N-acetyl-D-glucosamine 6-phosphate
1118,1ammonia+1L-aspartate
1119,1oleate+1coenzyme A
1120,1NADH+1acetyl-CoA
1121,1H++1galactosyl-glucosyl-heptosyl3-KDO2-lipid A-bisphosphate+1UDP
1122,2H++22-phospho-4-(cytidine 5'-diphospho)-2-C-methyl-D-erythritol+2ADP
1123,1deoxyribose 1-phosphate+1thymine
1124,13-cyanopyridine+1H2O
1125,1ADP+1phosphate+1CTP+1L-glutamate
1126,1(5R)-carbapenem+1succinate+1CO2+1H2O
1127,1psoralen+1NADP++1acetone+2H2O
1128,14-hydroxyphenylacetate+1CO2+1H2O
1129,2H++2ADP+2hydroxymethylpyrimidine phosphate
1130,13-methylbutanal+1CO2
1131,1H++1phloroglucinol+1NADPH
1132,1histidinol+1phosphate
1133,1an reduced unknown electron acceptor+1glucono-&delta;-lactone
1134,1glutathione disulfide+1methylarsonite
1135,1ribose-1-phosphate+1adenine
1136,1trans-caffeate+1H2O+1NADP+
1137,1L-alanine+12-aminoadipate-6-semialdehyde
1138,1isopentenyladenine-9-N-glucoside+1UDP
1139,1nitrite+1hydroquinone+7H+
1140,1adenine+15-methylthioribose-1-phosphate
1141,1phosphate+1an alcohol
1142,1H2O+1an oxidized unknown electron acceptor+120-hydroxyecdysone
1143,1L-methionine+1dimethylglycine
1144,1dTDP-D-fucosamine+12-ketoglutarate
1145,"1ADP+1""fructose-1"
1146,1a dicarboxylate+1NADH
1147,1choline+1a carboxylate
1148,13-decaprenyl-4-hydroxy-5-methoxybenzoate+1S-adenosyl-L-homocysteine
1150,1a fatty acid+1glycerol
1151,1L-glutamate+1glyoxylate
1152,1polyhydroxybutyrate+1coenzyme A
1153,1H++1o-succinylbenzoyl-CoA+1AMP+1diphosphate
1154,1ubiquinol-7+1S-adenosyl-L-homocysteine
1155,1indole-3-glycolate+1an reduced unknown electron acceptor
1156,1a fatty alcohol
1157,1CO2+1NADH
1158,"1L-glutamate+1""4-(2-aminophenyl)-2"
1159,1phosphate+1D-sedoheptulose-7-phosphate
1160,1dihydroxy-acetone phosphate+1D-glyceraldehyde-3-phosphate
1161,1isobutyryl-CoA+1CO2+1NADH+1H+
1162,1(R)-4-hydroxymandelate
1163,1H++1betanin+1UDP
1164,1D-ribose+1guanine
1165,"1""3&alpha;+1NADH"
1166,1H++1(alginate)n+1+1GDP
1167,1an reduced unknown electron acceptor+1dihydroxy-acetone phosphate
1168,1&beta;-alanine betaine+1S-adenosyl-L-homocysteine
1169,12-ketoglutarate+1CO2+1ATP+1H2O
1170,2H2O+2NADP++2secologanin
1171,1harmalol
1172,1glutathione disulfide+1L-ascorbate
1173,1NADH+12-ketoglutarate+1L-lysine
1174,1campest-4-en-3-one
1175,1a C-terminal [protein]-hydroxyglycine+1H2O+1L-dehydro-ascorbate
1176,1L-glutamate+1glutarate semialdehyde
1177,"2H++2""(3S+2AMP+2diphosphate"
1178,1coenzyme A+1an N-acetyl-2-arylethylamine
1179,1pyrroline 5-carboxylate+1FADH2
1180,1ammonia+14-guanidinobutyrate
1181,1sucrose+1UDP
1182,1galactopinitol A+1myo-inositol
1183,1D-galactosylononitol+1myo-inositol
1184,1H++12-aminobenzoyl-CoA+1AMP+1diphosphate
1185,1cholesterol+1NADP+
1186,14-oxo-4-(3-pyridyl)-butanoate
1187,1a [protein]-S-farnesyl-L-cysteine+1diphosphate
1188,1diethylphosphate+1hydrogen sulfide
1189,"1""(24E)-3&alpha;+1an reduced unknown electron acceptor"
1190,13-dehydroquinate+1reduced pyrroloquinoline-quinone
1191,1L-dopa+1H2O+1dopaquinone
1192,1fructose-6-phosphate+1ADP
1193,15'-phosphoribosyl-N-formylglycineamide+1ADP+1phosphate+2H+
1194,14-aminoimidazole+1CO2
1195,1picolinate+1H2O
1196,1ammonia+1dUMP
1197,1N-hydroxyl-tryptamine+1H2O+1NADP+
1198,5H++5norcotinine
1199,1fumarate+1acetoacetate
1200,2H++22-aminoadipate+2NADH
1201,1L-histidinol-phosphate+12-ketoglutarate
1202,1fumarate+1an reduced unknown electron acceptor
1204,1L-&alpha;-(methylenecyclopropyl)-glycine
1205,1NAD(P)H+1dihydroxy-acetone phosphate
1206,"1""2+1NADP+"
1207,1formaldehyde+1glutathione
1208,1hypoglycin A+1pyruvate
1209,1all-trans-nonaprenyl diphosphate+1diphosphate
1210,12-oxopentenoate+1H++1formate
1211,1H2O2+1formaldehyde
1212,1ammonia+12-oxobutanoate
1213,1indole-3-acetate+1NAD(P)H+1H+
1214,"1""3-nonaprenyl-4+1H2O"
1215,1kievitone+1diphosphate
1216,"1""cyclohex-1+1an oxidized unknown electron acceptor+2ADP+2phosphate"
1217,1diphosphate+1deamido-NAD
1218,13-keto-4-methylzymosterol+1NAD(P)H+1CO2
1219,1a [protein]-L-tyrosine phosphate+1ADP
1220,1&gamma;-butyrobetaine+1NADH+2H+
1221,1acetoacetyl-CoA+1butyrate
1222,1pre-vitamin D3
1223,12-methyl-3-hydroxybutyryl-CoA
1224,1H++1ethylsulfenate+1pyruvate+1ammonia
1225,1trans-zeatin-7-N-glucoside+1UDP
1226,1glycolaldehyde+1dihydroxy-acetone phosphate
1227,1GA38+1succinate+1CO2
1228,13-dehydrocarnitine+1NADH+1H+
1229,1GA14+1NADP++1H2O
1230,"1diphosphate+1""Z"
1231,4Fe3++2H2O
1232,1H++1N-acetylmuramoyl-L-alanyl-D-glutamyl-L-lysyl-D-alanyl-D-alanine-diphosphoundecaprenyl-N-acetylglucosamine+1UDP
1233,1indole-3-glycolate+1H2O
1234,1K+
1235,1acetaldehyde+1pyruvate
1236,1H++13-hydroxypropionyl-CoA+1AMP+1diphosphate
1237,1H++1trehalose 6-phosphate+1ADP
1238,1H++1NADH+1succinate semialdehyde
1239,1crotonyl-CoA+1H2O
1241,1a phosphatidyl-N-dimethylethanolamine+1CMP
1242,1glyoxylate+1pyruvate
1243,14-hydroxyphenylpyruvate+1CO2+1NADH
1244,1L-tryptophan+1H2O
1245,2H++2maleamate+2formate
1246,1propionyl-CoA+1acetyl-CoA
1247,2H++2ayapin
1248,1N-acetyl-4-aminobutanal+1ammonia+1H2O2
1249,14-oxo-4-(3-pyridyl)-butanamide
1250,1ammonia+1H2O2+1a protein L-allysine
1251,1trans-3-hydroxycotinine-glucuronide+1UDP
1252,1GA15+1CO2+1succinate
1253,2L-methionine
1254,1GA14-aldehyde+1H2O+1NADP+
1255,1(R)-citramalyl-CoA+1succinate
1256,1ADP+1phosphate+15-phospho-ribosyl-glycineamide
1257,1hypotaurine+1CO2
1258,1H++1glycocholate+1coenzyme A
1259,1gibberellin A1+1succinate+1CO2
1260,1erythronate-4-phosphate+1NADH+2H+
1261,1(-)O-acetylcarnitine+1coenzyme A
1262,1CTP+1ADP
1263,1L-galactose+1phosphate
1264,1S-allantoin+1CO2
1265,1D-ribulose-5-phosphate
1266,1GA120+2H2O+2an oxidized unknown electron acceptor
1267,"1pyruvate+1""2"
1268,1D-glutamate+1D-glutamate+1pyruvate
1270,1(22&alpha;)-hydroxy-campesterol+1H2O+1NADP+
1271,1CO2+1pyrogallol
1272,1L-glutamate+1sulfoacetaldehyde
1273,14-oxo-4-(3-pyridyl)-butanoate
1274,1H++1xanthohumol+1S-adenosyl-L-homocysteine
1275,1H++1oleate+1ammonia
1276,"1""2+1diphosphate"
1277,1H2O+1pyrroline 5-carboxylate
1278,"1[chondroitin]-4-O-sulfo-N-acetylgalactosamine+1""adenosine 3'+1""adenosine-3'"
1279,2H++2L-histidine+2NADH
1280,110-hydroxygeranial+1NADPH+1H+
1281,1a quinol
1282,12-aminoadipate-6-semialdehyde+1NADH+2H++2ammonia
1283,1GA4+1succinate+2CO2
1284,1oleanolate 3-beta-D-glucuronoside-28-glucoside+1UDP
1285,1NADPH+13-dehydrosphinganine
1286,13&beta;-hydroxy-4&beta;-methyl-5&alpha;-cholest-7-ene-4&alpha;-carboxylate+1NAD(P)++1H2O
1287,1indole-3-acetamide
1288,12-octaprenyl-6-methoxyphenol+1CO2
1289,1H++15-acetamidovalerate+1NADH+1CO2
1290,"1""(S)-2+3H+"
1292,4ammonia+4hydroxymethylbilane
1293,1ent-kaurenoate+1NADP++1H2O
1294,1AMP+1ADP
1295,1N6-acetyl-L-lysine+1coenzyme A
1296,1an oxidized unknown electron acceptor+2H2O
1297,1dihydrozeatin-9-N-glucoside-O-glucoside+1UDP
1298,1propionyl-P+1coenzyme A
1299,1a (mannosyl)6-(N-acetylglucosaminyl)2-diphosphodolichol+1a dolichyl phosphate
1300,1a limit dextrin+1&alpha;-D-glucose 1-phosphate
1301,12-isopropylmaleate+1H2O
1302,1dimethylsulfonio-2-hydroxybutyrate+1a demethylated methyl donor
1303,1phosphate+1oxaloacetate+1ADP
1304,1&beta;-D-glucose-6-phosphate
1305,1phosphoryl-choline+1ADP
1306,1H++1S-adenosyl-L-homocysteine+1(S)-reticuline
1307,1H2O+1NADP++1protocatechuate
1308,1ent-7-&alpha;-hydroxykaurenoate+1H2O+1NADP+
1309,1an L-1-phosphatidylserine+1ethanolamine
1310,1S-norlaudanosoline+1H2O
1311,1a [procollagen] trans 4-hyroxy-L-proline+1CO2+1succinate
1312,1H++1S-adenosyl-L-homocysteine+1sinapaldehyde
1313,1diphosphate+1caffeoyl-CoA+1AMP
1314,1H2O+1CO2
1316,1L-tyrosine+1pyruvate
1317,1H++1N-acetylglutamyl-phosphate+1NADPH
1318,1streptidine 6-phosphate
1319,1an reduced unknown electron acceptor+1pyruvate
1320,11-O-galloyl-&beta;-D-glucose+1UDP
1321,"1""3-octaprenyl-4+1H2O"
1322,16&alpha;-hydroxy-castasterone+1H2O
1323,"1""a 1+1&alpha;-D-glucose 1-phosphate"
1324,"2H++2""D-myo-inositol (1+2ADP"
1325,1glyoxylate+1H2O2
1326,1dihydroxy-acetone phosphate+1NAD(P)H+1H+
1327,1ADP+1dCDP
1328,12'-hydroxygenistein+1NADPH+1H+
1329,1a dolichol+1NADP+
1330,1glyoxylate+1propionyl-CoA
1331,1a methanofuran+1H2O
1333,1a (mannosyl)9-(N-acetylglucosaminyl)2-diphosphodolichol+1a dolichyl phosphate
1334,1GA53+1H2O
1335,"1""4+1NADP++1H2O"
1336,1glutathione+1D-lactate
1337,1H++1fructose-6-phosphate+1NADH
1338,1ammonia+1N-methylhydantoin
1339,2H++2glucosyl-heptosyl3-KDO2-lipid A-bisphosphate+2ADP
1340,1L-glutamate+14-aminobutyrate
1342,1cis-zeatin-7-N-glucoside+1UDP
1343,1H++1galactosyl-glucosyl2-heptosyl3-KDO2-lipid A-bisphosphate+1UDP
1344,1isobutanal+1CO2
1345,1chenodeoxycholoyl-CoA+1propionyl-CoA
1346,1K+
1347,12-ketoglutarate+1CO2+1NADPH
1348,"1""a 5+1ADP+1phosphate"
1349,1zymostenol+1NADP+
1350,1a fatty acid+1NADH
1351,1an reduced unknown electron acceptor+1NADP+
1353,1diphosphate+15-hydroxy-feruloyl-CoA+1AMP
1354,1&alpha;-D-glucose 6-phosphate+1ADP
1355,1a glucosyl-(mannosyl)9-(N-acetylglucosaminyl)2-diphosphodolichol+1a dolichyl phosphate
1356,"1""N-acetyl-&beta;-D-glucosaminyl-1+1UDP"
1357,"1""GlcNAc-1"
1358,1a demethylated methyl donor+1harmaline
1359,1glycolate+1phosphate
1360,"1""5&beta;-cholestane-3&alpha;+1NAD(P)+"
1361,1naringenin chalcone+3CO2+4coenzyme A
1362,1indole-3-glycol aldehyde+1H2O
1363,"1""di-trans+1diphosphate"
1364,2H++2streptomycin 6-phosphate
1365,1CDP-N-methyl-L-glucosamine
1366,12-hydroxymuconate+1NADH+2H+
1367,1H++1ADP+1propionyl-P
1368,2H++2pantothenate+2diphosphate+2AMP
1369,1ADP+1CDP
1370,1S-adenosyl-L-homocysteine+13-methoxytyramine
1371,1H++1cinnamoyltyramine+1coenzyme A
1372,1H++1ammonia+1citrulline
1373,1UDP-D-xylose+1CO2
1374,1a protein 6-N-(lipoyl)lysine+2L-methionine+25'-deoxyadenosine
1375,1NADPH+1uracil
1376,1a standard &alpha; amino acid+1L-glutamate &gamma;-semialdehyde
1377,1indole+1D-glyceraldehyde-3-phosphate
1378,1H2O2+1an acid
1379,1a (mannosyl)2-(N-acetylglucosaminyl)2-diphosphodolichol+1GDP
1380,1phosphate+1D-glucose
1381,"1""7&alpha;+1NADP+"
1382,"1""a 1+1phosphate"
1383,1myo-inositol+1phosphate
1384,1phosphate+1ADP
1385,1H++1pantothenate
1386,1indole-3-glycol+1H2O
1387,1H++1phosphate+1ADP
1388,"1""2-nonaprenyl-6-methoxy-1+1H2O"
1390,"1""1+1&beta;-D-glucose"
1391,1fructose-6-phosphate
1392,1galactopinitol B+1myo-inositol
1393,1methylglyoxal+1glutathione
1394,1UDP-D-glucose+1diphosphate
1395,"1""R(+)-3+1NADP+"
1396,"1""N-acetyl-&beta;-D-glucosaminyl-1+1UDP"
1397,1H++1NADH+12-ketoglutarate+1L-glutamine
1398,1geraniol+1diphosphate
1399,5H++5sulfite+3NADPH
1400,1fructose-6-phosphate
1401,15-phosphoribosyl 1-pyrophosphate+1adenine
1403,1L-fucose+1an alcohol
1404,15-phosphoribosyl 1-pyrophosphate+1L-glutamine+1H2O
1405,"1H++1""3-carboxy-cis"
1406,1L-proline+1NH4+
1407,1a (mannosyl)8-(N-acetylglucosaminyl)2-diphosphodolichol+1a dolichyl phosphate
1408,1NAD(P)H+1GDP-4-dehydro-6-deoxy-D-mannose
1409,1NADP++1H2O+1loganate
1410,"1phosphoryl-choline+1""a 1"
1411,1CO2+1benzaldehyde
1412,1H++1p-coumaroylserotonin+1coenzyme A
1413,1heme o+1diphosphate
1414,13-dehydro-shikimate+1reduced pyrroloquinoline-quinone
1415,1coumarin+1H2O
1416,1L-malyl-CoA+1succinate
1417,1D-ribose 5-phosphate+1ADP
1418,1indole-3-ethanol+1NADP+
1419,1a (2R)-2-methylacyl-CoA
1420,1H++1feruloylserotonin+1coenzyme A
1421,1CO2+1H2
1422,12-keto-isovalerate+1H2O
1423,1D-glutamate
1424,1H++1N-feruloyltyramine+1coenzyme A
1425,"1""6-(&alpha;-D-glucosaminyl)-1D-myo-inositol 1+1""a 1"
1426,1diphosphate+1isowighteone
1427,1an aldehyde+1ammonia+1H2O2
1429,1a carboxylate+1ammonia
1430,13-heptaprenyl-4-hydroxybenzoate+1diphosphate
1431,"1""D-ribulose-1"
1432,1H2O2+1pyridoxal 5'-phosphate
1433,1NAD(P)H+1hydroxypyruvate
1434,1S-adenosyl-L-homocysteine+1adrenaline
1435,1GDP+1phosphate
1439,1selenophosphate+1phosphate+1AMP
1440,"1""hexane-6-ol-1"
1441,1(S)-methyl-malonyl-CoA+1phosphate+1ADP
1442,2&beta;-D-glucose
1443,"1""D-myo-inositol (1+1phosphate"
1444,1phenylethylamine+1CO2
1445,3H++3nicotine-&Delta;1'5'-iminium ion+3NADP+
1446,1&beta;-D-glucose-6-phosphate+1ADP
1447,1tetrahydropteroyltri-L-glutamate+1L-methionine
1448,1(E)-2-methylpropanal-oxime+1CO2+1H2O
1449,"1H++1""cis"
1450,1D-fructose+1&alpha;-D-glucose 1-phosphate
1451,14-(3-pyridyl)-3-butenoate
1452,1an N10-formyl-tetrahydrofolate
1453,1glycogen
1454,12-decaprenyl-6-methoxyphenol+1CO2
1455,1diphosphate+14-prenylphlorisobutyrophenone
1456,1H2O+1cystathionine
1457,1pyruvate+1an unknown quinol
1458,1diphosphate+1NAD+
1459,1a plant ceramide (I)+1coenzyme A
1460,1all-trans-tridecaprenyl diphosphate+1diphosphate
1461,1propionate+1succinyl-CoA
1462,14-(cytidine 5'-diphospho)-2-C-methyl-D-erythritol+1diphosphate
1463,2H2O
1464,1an reduced unknown electron acceptor+16-hydroxynicotinate
1465,1(R)-2-hydroxyglutarate+1NAD+
1466,18-hydroxypurine+2H+
1467,1dihydroxy-acetone phosphate
1468,14-hydroxysphinganine+1a carboxylate
1469,13-methylthiopropanal+1CO2
1470,1ADP+1phosphate+110-formyl-tetrahydrofolate
1471,1pyrroline 5-carboxylate+1an reduced unknown electron acceptor
1472,1a 1-acyl-2-lyso-glycerophosphocholine+1a carboxylate
1473,1N-hydroxyisoleucine+1NADP++1H2O
1475,1a xenobiotic+1phosphate+1ADP
1476,1a 7-oxosteroid+1NADPH+1H+
1477,1fructose-6-phosphate+1D-erythrose-4-phosphate
1478,1NADH+1uracil
1479,1a standard &alpha; amino acid+1glutathione
1480,1caffeoylshikimate+1NADP++1H2O
1481,"1""(24E)-3&alpha;+1an reduced unknown electron acceptor"
1482,1D-glucosamine 6-phosphate
1483,1diphosphate+1CDP-choline
1484,"1""L+12-ketoglutarate"
1485,1L-erythro-4-hydroxy-glutamate+1NADH
1486,13-hydroxypropionyl-CoA
1487,1ADP+1dTDP
1488,13-phospho-hydroxypyruvate+1NADH
1489,1a medium-chain ester+1medium-chain ester+1coenzyme A
1490,1ubiquinone-9+1an reduced unknown electron acceptor
1491,1acetaldehyde+1acetyl-CoA+1NADH
1492,1ammonia+1nicotinate
1493,1a nucleoside diphosphate+1ADP
1494,1phosphate+14-nitrophenol
1495,13-phosphoglycerate+1ADP
1496,"1""2-oxohexa-4"
1497,"1diphosphate+1""a 2+1an acyl-CoA+1AMP"
1498,12'-hydroxypseudobaptigenin+1NADP++1H2O
1499,14-coumarate+1H2O
1500,"1""a 1-phosphatidyl-1D-myo-inositol 3+1ADP"
1501,1S-formylglutathione+1NAD(P)H+1H+
1502,1an &alpha; hydroxyphytoceramide
1503,1coumarinic acid-&beta;-D-glucoside
1504,1H2O+1NADP++1nn-dimethylaniline-n-oxide
1505,1a 2-acyl 1-lyso-phosphatidylcholine+1a fatty acid anion
1506,1trans-zeatin-O-glucoside+1UDP
1507,1pyruvate+1tartronate semialdehyde
1508,"1""1+1&beta;-D-glucose"
1509,1phosphate+1GDP
1510,15-phosphoribosyl 1-pyrophosphate+1xanthine
1511,1galactosyl sequoyitol+1myo-inositol
1512,1tetrahydrobiopterin+1NAD+
1513,1H++12-oxo-3-hydroxy-4-phosphobutanoate+1NADH
1515,"1H++1""2-oxo-&Delta;3-4+1AMP+1diphosphate"
1516,1L-fuculose
1517,1CDP-D-glucose+1diphosphate
1518,1teasterone+1H2O+1an oxidized unknown electron acceptor
1519,1succinyl-CoA
1520,"1diphosphate+1""CDP-2"
1521,1a (3S)-3-hydroxyacyl-CoA
1522,1isobutanol+1NAD+
1523,1a dolichyl &beta;-D-mannosyl phosphate+1GDP
1524,4H+
1526,1H2O+13-dehydro-shikimate
1528,1diphosphate+1phosphate+1S-adenosyl-L-methionine
1529,1diphosphate+1GDP-D-mannose
1530,1L-glutamate+1malonate semialdehyde
1531,1N-formimino-L-glutamate
1532,2H++2NADPH+2benzoate
1533,"2H++2""D-myo-inositol (1+2ADP"
1534,13-oxoadipyl-CoA+1coenzyme A
1535,2NADPH+26-pyruvoyl tetrahydropterin
1536,"1""D-sedoheptulose-1"
1537,12-keto-3-methyl-valerate+1H2O
1538,2H++2(22&alpha;)-hydroxy-campest-4-en-3-one
1539,1phenylacetaldehyde+1ammonia+1H2O2
1540,"1""di-trans+1diphosphate"
1541,13-dehydroquinate+1phosphate
1542,1dimethylsulfide+15-methyl-THF
1543,1H2O2+1sulfate
1544,1H++1pyridoxine-5'-phosphate+1phosphate+2H2O
1545,1a 1-phosphatidyl-1D-myo-inositol 3-phosphate+1phosphate
1546,1L-glutamate+1ammonia
1547,1UDP-D-glucuronate+2NADH
1548,1pyruvate+1propionate
1549,1oxaloacetate+1acetyl-CoA
1551,1trimethylaminoacetone+1CO2
1552,"1""2+1&beta;-D-glucose"
1553,1sinapyl-alcohol+1NADP+
1554,1ribose-1-phosphate+1a purine base
1555,11-(o-carboxyphenylamino)-1'-deoxyribulose-5'-phosphate
1556,14-aminobutyrate+1acetate
1558,1diphosphate+1FAD
1559,1H++13-hydroxypimelyl-CoA
1560,1lathosterol+1NADP+
1561,"1""4+1H2O+1NADP+"
1562,2diphosphate+2a [protein]-S-geranylgeranyl-L-cysteine
1563,1biliverdin+3H2O+3an oxidized unknown electron acceptor+3CO+3Fe2+
1564,15-hydroxy-2-oxopentanoate
1565,2H++24-hydroxybenzoate+2NADPH
1566,1dCTP+1ADP
1567,1H++1Lipid A-core+1ADP
1568,1H++12-hydroxy-5-methylquinone+1NADP++1nitrite+1H2O
1569,1L-glutamate+1pyruvate
1570,1all-trans-undecaprenyl diphosphate+1diphosphate
1571,1AMP+14-methyl-5-(&beta;-hydroxyethyl)thiazole phosphate
1572,1acetaldehyde+1glycine
1573,"1N-acetyl-D-glucosamine+1""1"
1574,1H2O+1NADP++12-coumarate
1575,1&Delta;1-piperideine-2-carboxylate+1NADPH+2H+
1576,14-hydroxybenzoate+1coenzyme A
1577,1H2O+1D-erythrose-4-phosphate+1acetylphosphate
1578,1GA24+1succinate+1CO2+1H2O
1579,14&alpha;-hydroxymethyl-4&beta;-methyl-5&alpha;-cholesta-8-en-3&beta;-ol+1H2O+1NAD(P)+
1580,11-amino-propan-2-one-3-phosphate+1CO2
1581,13-keto-&beta;-D-galactose+1&beta;-D-glucose
1582,1CO2+1(4-hydroxyphenyl)acetaldehyde
1583,1N-acetyl-D-glucosamine 6-phosphate+1coenzyme A
1584,13-octaprenyl-4-hydroxy-5-methoxybenzoate+1S-adenosyl-L-homocysteine
1585,1diphosphate+1lupiwighteone
1586,1cotinine-glucuronide+1UDP
1587,1diphosphate+1palmitoyl CoA+1AMP
1588,14-hydroxysphinganine+1H2O+1NADP+
1589,1&alpha;-D-glucose 1-phosphate+1maltotetraose
1590,12-carboxymethyl-3-hydroxyphenylpropionyl-CoA
1591,1L-canaline+1urea
1594,1L-glutamate+14-aminobutanal
1595,1propionyl-CoA+1CO2+1NADH
1596,14&alpha;-formyl-4&beta;-methyl-5&alpha;-cholesta-8-en-3&beta;-ol+2H2O+2NAD(P)+
1597,1a dolichyl phosphate+1CDP
1598,1diphosphate+1phaseoluteone
1599,12-keto-3-deoxy-D-glycero-D-galacto-nononate-9-phosphate+1phosphate
1600,1nonaprenyl-4-hydroxybenzoate+1diphosphate
1601,1H2O2+1formaldehyde+1glycine
1602,16-deoxocathasterone
1603,2H++2ADP+2D-ribulose-5-phosphate
1604,1presqualene diphosphate+1diphosphate
1605,1H++1NADPH+1L-aspartyl-4-phosphate
1606,1diphosphate+1arachidonyl-CoA+1AMP
1607,1a long-chain alcohol+1NADP++1coenzyme A
1608,1phosphate+1D-myo-inositol (4)-monophosphate
1609,1a trans-2-enoyl-CoA+1H2O
1610,1hydroxypyruvate+1glycine
1611,1nerolate+1H2O2
1612,1pyruvate+1ammonia
1613,1H2O+1glutaconyl-CoA
1614,15-dehydro-4-deoxy-D-glucarate+1H2O
1615,1ADP+1myosin light-chain phosphate
1616,1H++14-hydroxybutyryl-CoA+1AMP+1diphosphate
1617,15-phosphoribosyl 1-pyrophosphate+1uracil
1618,1O-acetyl-L-homoserine+1coenzyme A
1619,"2H++2diphosphate+2""2+2formate"
1620,1a UDP-N-acetylmuramoyl-pentapeptide+1phosphate+1ADP
1621,1kynurenine+1formate
1622,"1""(25R)-3&alpha;+1NADH+1H+"
1623,1&beta;-D-glucose-6-phosphate+1&beta;-D-glucose
1624,1diphosphate+1L-arginino-succinate+1AMP
1625,15-aminopentanoate+1CO2+1H2O
1626,1fumarate
1627,1citrate+1coenzyme A+1ATP
1629,1diphosphate+1L-glutamate+1L-asparagine+1AMP
1630,1Mg-protoporphyrin+1phosphate+1ADP+4H+
1631,"1""a 1+1ADP"
1632,1a trans-3-enoyl-CoA+1NADP+
1633,1alginate
1634,12-methylbutanol+1NAD+
1635,1diphosphate+1diprenylphlorisobutyrophenone
1636,1a lipid II+1UDP
1637,1soyasapogenol B-3-O-&beta;-glucuronide+1UDP
1640,1xanthine+1NADH+1H+
1641,1a 2'-deoxyribonucleoside 5'-monophosphate+1ADP
1643,1H++17-deoxyloganate+1UDP
1644,1D-lysine
1645,14-(phosphonooxy)-threonine+12-ketoglutarate
1646,1glutathione+1phosphate+1ADP
1647,15-hydroxy-coniferaldehyde+1NADP++1H2O
1648,1cotinine methonium ion
1649,15-phosphoribosyl 1-pyrophosphate+1hypoxanthine
1650,1acetyl-CoA+1pyruvate
1651,1H2O+12-dehydro-3-deoxy-D-gluconate
1652,1CO2+1L-lysine
1653,"1""5+1NADH"
1654,1H++1ADP-ribose+1nicotinamide
1655,"1H++1""N-acetylmuramoyl-L-alanyl-D-glutamyl-meso-2+1UDP"
1657,1L-aspartate-semialdehyde+1NAD(P)H+1H+
1659,1methylacrylyl-CoA+1FADH2
1660,1isopentenyl phosphate+1CO2+1H2O
1662,1H++1(R)-citramalate+1coenzyme A
1663,1D-hexose 6-phosphate+1ADP
1664,1diphosphate+1geranyl-diphosphate
1665,13-hydroxy-isobutyrate+1coenzyme A
1666,3H++3N5-carboxyaminoimidazole ribonucleotide+3ADP+3phosphate
1667,14&alpha;-methyl-5&alpha;-cholesta-8-en-3-one+1NAD(P)H+1CO2
1668,n&beta;-D-glucose
1669,1phosphate+1CO2+1isopentenyl diphosphate+1ADP
1670,1D-xylulose
1671,1succinyl-CoA+1CO2+1NADH
1672,1phosphate+1streptomycin
1673,1ammonia+1NAD(P)H+12-ketoglutarate
1674,12-hydroxyformononetin+1NADPH+1H+
1675,15-hydroxy-L-tryptophan+14&alpha;-hydroxy-tetrahydrobiopterin
1676,1a [protein] N6-methyl-L-lysine+1succinate+1formaldehyde+1CO2
1677,1an N-acetyl-L-cysteine-S-conjugate+1coenzyme A
1678,1an reduced unknown electron acceptor+1oxaloacetate
1679,1indole-3-acetate+1ammonia
1680,1methyl ethyl ketone+1hydrogen cyanide
1681,1ammonia+12-ketoglutarate+1NADPH
1682,1chitosan+1chitosan+nacetate
1683,2H++2kanosamine-6-phosphate+2ADP
1684,1H++1S-adenosyl-L-homocysteine+1N-methylethanolamine phosphate
1685,1betanin+1H2O
1686,14&alpha;-carboxy-4&beta;-methyl-5&alpha;-cholesta-8-en-3&beta;-ol+1H2O+1NAD(P)+
1687,1a long-linear glucan
1688,"2H++2""UDP-N-acetylmuramoyl-L-alanyl-D-glutamyl-meso-2+2phosphate+2ADP"
1689,2H++2phosphate+2ADP
1690,1ethiin+1H2O2
1691,1H++1unsaturated archaetidylserine+1CMP
1692,"1an inositolphosphodihydroceramide+1""a 1"
1693,1stearate+1coenzyme A
1694,"1""5&beta;-cholestane-3&alpha;+1NAD(P)+"
1695,1a trans-2-enoyl-CoA+1H2O2
1696,1UMP+1GDP
1697,1castasterone+1H2O+1an oxidized unknown electron acceptor
1698,2H2O+2ethylene+2L-dehydro-ascorbate+2hydrogen cyanide+2CO2
1699,1a 2-acyl 1-lyso-phosphatidylcholine+1a carboxylate
1700,1dolichyl diphosphooligosaccharide+1a dolichyl phosphate
1701,2a polypeptide
1702,1a glutathione-toxin conjugate+1HX
1703,1H++14-amino-5-hydroxymethyl-2-methylpyrimidine-pyrophosphate+1ADP
1704,16-pyruvoyl tetrahydropterin+2glutathione
1705,1succinate semialdehyde+1NADP++1coenzyme A
1706,1a protein disulfide+1H2O+1an alcohol
1709,1a limit dextrin with short branches
1710,1(R+)-3-(4-hydroxyphenyl)lactate+1NAD(P)+
1711,1citrulline+nNADP++nnitric oxide
1712,1a 2-[(3S)-3-carboxy-3-(methylammonio)propyl]-L-histidine-[translation elongation factor 2]+1S-adenosyl-L-homocysteine
1713,1aldose+1NAD(P)H
1714,1D-ribose 5-phosphate+1H++1nicotinate
1716,"1""5+1glycine+1H2O"
1717,"2H++2""D-myo-inositol (1+2ADP"
1718,1CO2+1formyl-CoA
1719,1glutaconyl-CoA+1FADH2
1720,12-hexaprenyl-6-methoxyphenol+1CO2
1721,1UDP
1722,1H++1cyclo-dopa
1723,"1ADP+1""fructose-1"
1724,1mevalonate-5-PP+1ADP
1725,1H2O+1pseudouridine 5'-phosphate
1726,1guanosine+1phosphate
1727,1D-glucosamine 6-phosphate+1L-glutamate
1728,1H++14-hydroxybenzoate+1phosphate
1729,1H++1linamarin+1UDP
1730,1H2O+1crotonyl-CoA
1731,1a (4R)-4-hydroxysphing-8-enine ceramide
1732,1&gamma;-linolenoyl-CoA+2H2O+2an oxidized unknown electron acceptor
1733,"1""(25R)-3&alpha;+1NADH+2H+"
1734,1fructose-6-phosphate
1735,13-phosphoglycerate+1NADH
1736,1H++1glucosyl-heptosyl2-KDO2-lipid A+1UDP
1737,1H2O2+1urate
1738,1H++1taurocholate+1coenzyme A
1739,13-heptaprenyl-4-hydroxy-5-methoxybenzoate+1S-adenosyl-L-homocysteine
1740,"1H++1""2+1S-adenosyl-L-homocysteine"
1741,1indole-3-ketol+1NAD+
1742,1phlorisobutyrophenone+3CO2+4coenzyme A
1743,1&beta;-amyrin
1744,"1H++1""7+1phosphate+1ADP"
1745,13-hydroxyanthranilate+1H2O
1746,1a trans-2-enoyl-CoA+1H2O
1747,1kinetin-9-N-glucoside+1UDP
1748,1methanofuran biosynththesis intermediate MF2+1phosphate
1749,1an ubiquinol+1fumarate
1750,1N-acetyl-&beta;-D-galactosaminyl-(1->4)-N-acetyl-&beta;-D-glucosaminyl-[glycoprotein]+1UDP
1751,1ADP+1UDP
1752,1ADP+1a [protein]-L-tyrosine phosphate
1753,2H++23-dehydro-6-deoxoteasterone
1754,1N-carbamoyl-L-aspartate
1755,2H++2indole-3-glyoxal
1756,"2H++2""D-myo-inositol (3+2ADP"
1757,1oxalosuccinate+1NADH+1H+
1758,1H++1NADPH+1malonate semialdehyde
1759,"1""a 1-phosphatidyl-1D-myo-inositol 4+1phosphate"
1760,1NADH+1methylmalonate-semialdehyde
1761,12-hydroxy-2-methylbutyronitrile+1&beta;-D-glucose
1762,"1""N+1S-adenosyl-L-homocysteine"
1763,1D-ribulose-5-phosphate+1CO2+1NAD(P)H
1764,1glycine+1acetaldehyde
1765,1N-carbamoyl-L-aspartate+1phosphate
1766,1H2O+1itaconyl-CoA
1767,1undecaprenyl-N-acetyl-&alpha;-D-glucosaminyl-pyrophosphate+1UMP
1768,13-dehydro-shikimate+1NAD(P)H+1H+
1769,"1""(S)-2+1H2O+1an oxidized unknown electron acceptor"
1770,13-hydroxy-5-oxohexanoate
1771,1N'-hydroxymethyl-norcotinine+1NADP++1H2O
1772,1typhasterol+1H2O
1773,1trans-3'-hydroxycotinine+1NADP++1H2O
1774,1ent-copalyl diphosphate
1775,"1""2-C-methyl-D-erythritol-2"
1776,1S-adenosyl-L-homocysteine+1Mg-protoporphyrin monomethyl ester
1777,2H++21-amino-1-deoxy-scyllo-inositol 4-phosphate+2ADP
1778,3bisulfite+3an reduced unknown electron acceptor
1779,1FADH2+1a 2-enoyl-CoA
1780,1propionyl-CoA+1formate
1781,12-hydroxyferulate
1782,1tellimagrandin II+2H2O
1783,1[heparosan-N-sulfate]-L-iduronate
1784,1dihydrozeatin-9-N-glucoside+1UDP
1785,5H++5NADPH+52-ketoglutarate+5L-lysine
1786,1sn-glycerol-3-phosphate+1an alcohol
1787,1cotinine N-oxide
1788,1H++1NADPH+1oxaloacetate
1789,1phenylglyoxylate+1coenzyme A+4H+
1790,1ribose-1-phosphate+1uracil
1791,1thiosulfinate+1H2O
1792,1butyrate+1acetyl-CoA
1793,1a triacyl-sn-glycerol+1a 1-acyl 2-lyso-phosphatidylcholine
1794,"1""1+1&beta;-D-glucose"
1795,17-dehydro-cholesterol+1NAD(P)++2H2O
1796,1protoporphyrin IX+6H2O
1797,1&alpha;-D-galactose 1-phosphate+1ADP
1798,1a maltodextrin+1trehalose
1799,1D-fructose+1&alpha;-D-glucose
1800,"1""7+1NADP+"
1801,1phosphoenolpyruvate+1H2O
1802,1p-hydroxybenzoylformate+1an reduced unknown electron acceptor
1803,1GA13+1succinate+1CO2
1804,1ADP+1phosphate+15-aminoimidazole ribonucleotide
1805,11-pyrroline+1H2O
1806,1dihydroxy-acetone phosphate+1an ubiquinol
1808,"1""4&alpha;-formyl-4&beta;-methyl-5&alpha;-cholesta-8+1NAD(P)++2H2O"
1809,1phosphate+1D-mannitol
1810,"1""3+1coenzyme A"
1811,1DIMBOA+1&beta;-D-glucose
1812,1GDP+1phosphate
1813,1diphosphate+14-prenylphlorisovalerophenone
1814,1H2O+1acrylyl-CoA
1815,"1""6"
1816,1D-mannose+1NADH
1817,1tetrahydrofolate+1phosphoribosyl-formamido-carboxamide
1818,2H2O+2L-dehydro-ascorbate
1819,1N-acetyl-4-aminobutyrate+1NADH+1H+
1820,1&alpha;-N-acetyl-D-glucosaminyl-(1->4)-&beta;-D-glucuronosyl-(1->3)-&beta;-D-galactosyl-(1->3)-&beta;-D-galactosyl-(1->4)-&beta;-D-xylosylproteoglycan+1UDP
1821,1diphosphate+14-coumaroyl-CoA+1AMP
1822,110-hydroxygeraniol+1NADP++1H2O
1823,1H++1gomphrenin I+1UDP
1824,1L-methionine+1a keto acid
1825,1tetrahydrofolate+1formate
1826,3H++3131-oxo-magnesium-protoporphyrin IX 13-monomethyl ester+3NADP+
1827,1S-adenosyl-L-homocysteine+1L-methionine
1828,"5H++5""di-trans+5diphosphate"
1829,"1""N-acetylmuramoyl-L-alanyl-D-glutamyl-meso-2+1UMP"
1830,1glutathione+1a 2-hydroxy carboxylate
1831,2H2O+2acetaldehyde
1832,1H++1undecaprenyl N-acetyl-glucosaminyl-N-acetyl-mannosaminuronate pyrophosphate+1UDP
1833,1methanethiol+1acrylate
1834,2H++2D-myo-inositol (3)-monophosphate+2ADP
1835,1cis-aconitate+1H2O
1836,2H++2indole-3-acetaldoxime
1837,1zymosterol+1NADP+
1838,110-oxogeranial+1NADPH+1H+
1839,1D-glucosamine 6-phosphate+1pyruvate
1840,12-isopropylmaleate+1H2O
1841,1lipoamide+1NADH
1842,1coumarinate+1&beta;-D-glucose
1843,1glyceraldehyde+1pyruvate
1844,1NADH+1a 3-oxoacyl-CoA
1845,1hydroxypyruvate+1glycine
1846,1H2O+1NADP++12-hydroxyformononetin
1847,1tiglyl-CoA+1FADH2
1848,1adenosine 5'-phosphosulfate+2glutathione
1849,1spermidine+1S-methyl-5'-thioadenosine
1850,"1formate+1""7"
1851,1NADH+1NADP+
1852,1N-formylkynurenine
1853,2H++2indole-3-ketol
1854,"1""2+1NAD(P)+"
1855,1a peptidyl amide+1glyoxylate
1856,1carbamate+1CO2
1857,1an L-1-phosphatidyl-glycerol+1phosphate
1858,"1""2-octaprenyl-6-methoxy-1+1H2O"
1859,1H++1AMP+1diphosphate+1NAD+
1860,1rosmarinic acid+1NADP++1H2O
1861,1penicillin N
1862,17-dehydrodesmosterol+1NADPH+1H+
1863,1N-acetyl-D-glucosamine 6-phosphate
1864,"1""5+1ADP+1phosphate"
1865,1phenol-phosphate+1H2O
1866,14-hydroxybenzaldehyde+1CO2
1867,1a homogalacturonan+1a homogalacturonan
1868,1isoliquiritigenin+4coenzyme A+3CO2+3NADP++3H2O
1869,1betanidin+1H2O
1870,"1""3-heptaprenyl-4+1H2O"
1871,1UDP-N-acetyl-D-mannosamine
1872,1cis-homoaconitate+1H2O
1873,1cystathionine+1phosphate
1874,"1H++1""1+1coenzyme A"
1875,1a limit dextrin+1&alpha;-D-glucose 1-phosphate
1876,1H++12-octaprenyl-6-methoxyphenol+1S-adenosyl-L-homocysteine
1877,1CO2+1phosphoenolpyruvate+1GDP
1878,1caffeoyl-CoA+1shikimate
1879,1diphosphate+1L-glutamate+1AMP+1NAD+
1880,1an alcohol+1a carboxylate
1881,"1""4&alpha;-carboxy-5&alpha;-cholesta-8+1NAD(P)++1H2O"
1882,14-hydroxybutyrate+1NAD(P)+
1883,"1""(25R)-5&beta;-cholestane-3&alpha;+1NADP++1H2O"
1884,5H++5plastoquinone-9+5S-adenosyl-L-homocysteine
1885,1urate+1H+
1887,1a UDP-N-acetylmuramoyl-tripeptide+1phosphate+1ADP
1888,1H++1ammonia+1trans-cinnamate
1889,1H2O+1(S)-norcoclaurine
1890,1H++15-phosphoribosyl 1-pyrophosphate+1ADP
1891,1propanethiol S-oxide
1892,1H++1N-acetyl-glucosamine-1-phosphate+1coenzyme A
1893,"11-(3-aminopropyl)-4-aminobutanal+1""1+1H2O2"
1894,"1""N-acetyl-&beta;-D-glucosaminyl-1+1UDP"
1895,1H++1nitrate+1NADH
1896,1D-ribulose
1897,1H++1sulfite+1aminoacetaldehyde+1succinate+1CO2
1898,1phosphate+1a myo-inositol-polyphosphate
1899,1a (4R)-4-hydroxysphinganine ceramide
1900,1heptosyl-KDO2-lipid A+1ADP
1901,"1""5-hydroxy-3+1NADP++1H2O"
1902,"1""5-amino-6-ribitylamino-2+1phosphate"
1903,"1""1+1phosphate"
1904,"1""di-trans+1a peptidoglycan"
1905,"1""(3S"
1906,1typhasterol
1907,1a [glycerolipid]-linoleate+1an oxidized unknown electron acceptor+2H2O
1908,1CO2+1S-adenosyl-L-methioninamine
1909,"1H++1""fructose-1+1AMP"
1910,1dimethylamine+1citrulline
1911,1glyoxylate+1acetyl-CoA
1912,1formate+1glutathione
1914,13-hydroxybutyryl-CoA+1acetyl-CoA
1915,1isopentenyladenine-7-N-glucoside+1UDP
1916,12-oxo-4-methylthiobutanoate+1L-phenylalanine
1917,1a sphinganine+1phosphate
1918,15-hydroxyisourate+1H2O2
1919,1tartronate semialdehyde+1NAD(P)H+1H+
1920,1NADPH+1CO2
1921,1H++1L-arabinonate
1922,1phosphoribosyl-formamido-carboxamide
1923,1marmesin+1NADP++1H2O
1924,"1""2-hexaprenyl-3-methyl-5-hydroxy-6-methoxy-1+1H2O"
1925,1L-glutamate
1926,"1""UDP-D-galacto-1"
1927,14&alpha;-formyl-5&alpha;-cholesta-8-en-3&beta;-ol+2H2O+2NAD(P)+
1928,1a glucosylated glycogenin+1UDP
1929,1mevalonate-5P+1ADP
1930,1diphosphate+1cyclic-GMP
1932,1serotonin+1NAD(P)++1H2
1933,1all-trans-decaprenyl diphosphate+1diphosphate
1934,1(-)-medicarpin+1H2O
1935,1NADPH+1CO2+1pyruvate
1936,2H++2dihydroxy-acetone phosphate+2ADP
1937,2H++2L-xylulose-5-phosphate+2ADP
1938,1H++12-hydroxy-3-keto-5-methylthio-1-phosphopentene
1939,1acrylamide
1940,1H++1NADH+13-oxopimelyl-CoA
1941,1H2O+1NADP++1ent-kaur-16-en-19-ol
1942,"1""2-O-digalloyl-1+1&beta;-D-glucose"
1943,1isoamyl alcohol+1NAD+
1944,1protoporphyrinogen IX+2CO2+2H2O
1945,"1""2+1H2O2"
1946,1putrescine+1CO2+1ammonia
1947,12-phosphoglycerate
1948,1protoporphyrinogen IX+2CO2+2L-methionine+25'-deoxyadenosine
1950,1NADH
1951,1a (mannosyl)3-(N-acetylglucosaminyl)2-diphosphodolichol+1GDP
1952,16-hydroxycyclohex-1-ene-1-carboxyl-CoA
1953,1a glycol
1954,2H++2sphinganine 1-phosphate+2ADP
1955,1glutathione disulfide+1NADPH+1H+
1956,1adenosine+1phosphate
1957,2H++2ADP+2pyridoxal 5'-phosphate
1958,1N-acetyl-D-mannosamine+1UDP+1H+
1959,2H++2NADH+2phenylacetate
1960,1&alpha;-D-glucose 6-phosphate
1962,1H++1ethylphosphate+1ethanol
1963,1L-rhamnulose
1964,11-guanidino-1-deoxy-scyllo-inositol 4-phosphate+1L-ornithine
1965,2H++2octadecenedioate+2NADPH
1966,1GDP+1phosphate
1967,1N-formylkynurenine
1968,1methionol+1NAD+
1969,1H++1benzoate+1H2O2
1970,1sucrose+1phosphate
1971,"2H++2""D-myo-inositol (1+2ADP"
1972,12-hydroxy-4-methylthiobutanoate+1an oxidized unknown electron acceptor
1973,12-amino-4-oxopentanoate+1ammonia+1NAD(P)H+1H+
1974,1ubiquinol-8+1S-adenosyl-L-homocysteine
1975,1H++1(R)-citramalate+1coenzyme A
1976,1bergaptol+1NADP++1H2O
1977,1CO2+1UMP
1978,1serine+1phosphate
1979,14-hydroxybutyryl-CoA+1acetate
1980,1CO2+1tartronate semialdehyde
1981,1sulfoacetaldehyde+1phosphate
1982,1NADP++1ADP
1983,1acetyl-CoA+1CO2+1NADH
1984,"1""olean-12-ene-3&beta;+1NADP++1H2O"
1985,1H++1(S)-2-formylglutarate+1ammonia
1986,1H2O+1NADP++1calcitriol
1987,1diphosphate+1diprenylphlorisovalerophenone
1988,12-hydroxy-2-methylbutyronitrile+1H2O+1NADP+
1989,1ammonia+1an reduced unknown electron acceptor+1sulfoacetaldehyde
1990,14-hydroxyphenylpyruvate+1NADH+1H+
1991,1H++1S-N-methylcoclaurine+1S-adenosyl-L-homocysteine
1992,1ribose-1-arsenate+1a purine base
1993,2H++2NADH+2(2S)-2-amino-3-oxo-4-phosphonooxybutanoate
1994,1L-phenylalanine+12-ketoglutarate
1995,"1""4"
1996,13-hydroxybutyryl-CoA+1NAD+
1997,1D-alanine+1acetyl-CoA
1999,1phlorisovalerophenone+3CO2+4coenzyme A
2000,1an &omega;-oxo fatty acid+1H2O2
2001,12-deoxy-D-ribose 5-phosphate
2002,"1dTMP+1""7"
2003,1L-glutamate+13-phospho-hydroxypyruvate
2004,1methanofuran biosynththesis intermediate MF1
2005,"1NADH+1""androst-4-ene-3"
2006,1phosphoribulosylformimino-AICAR-P
2007,1dihydroxy-acetone phosphate+1ubiquinol-8
2008,1phosphate+1GDP
2009,"1""5+1NAD(P)H+1H+"
2010,1phenylpyruvate+1L-alanine
2011,1D-ribose 5-phosphate+1adenine
2012,12-oxoadipate+1CO2+1NADH
2013,1H++1demethylmenaquinone-8+1diphosphate+1CO2
2014,1ribose-1-phosphate+1guanine
2015,1D-ribose+1adenine
2016,1betaine aldehyde+1NADH+1H+
2017,1diphosphate+1canavaninosuccinate+1AMP
2018,1CO2+14-aminobutyrate
2019,"2H++2""D-myo-inositol (3+2ADP"
2020,2H++2UDP-N-acetylmuramoyl-L-alanyl-D-glutamate+2phosphate+2ADP
2021,1dTTP+1ADP
2022,1+1NAD(P)++1H2O
2023,"1H++1""&Delta;2"
2024,13-demethylubiquinol-7+1H2O
2025,1tetrahydrobiopterin+1NADP+
2026,1isochorismate
2027,1ammonia+1S-ureidoglycolate
2028,1coenzyme A+1N-acetyl-serotonin
2029,"1H++1""oleanolate 3-beta-D-glucuronoside-(3+1UDP"
2030,1oxaloacetate+1propionyl-CoA
2031,"1""3-O-digalloyl-1+1&beta;-D-glucose"
2032,1H++1feruloyl-CoA+1AMP+1diphosphate
2033,17-dehydrodesmosterol+1NAD(P)++2H2O
2034,15-aminoimidazole ribonucleotide+1CO2
2035,1dopamine+1CO2
2036,1L-glutamine+1ADP+1phosphate
2037,12-furaldehyde+1ADP+1phosphate+1NAD(P)+
2038,1a (glucosyl)2(mannosyl)9-(N-acetylglucosaminyl)2-diphosphodolichol+1a dolichyl phosphate
2039,1S-methyl-5'-thioadenosine+11-aminocyclopropane-1-carboxylate
2040,1phenylpyruvate+1H2O+1CO2
2041,1a maltooligosyl-trehalose
2042,1laurate+1coenzyme A
2043,1diphosphate+1(E)-&alpha;-bergamotene
2044,1&beta;-D-glucose 1-phosphate+1&beta;-D-glucose
2045,"1H++1""2-decaprenyl-3-methyl-6-methoxy-1+1S-adenosyl-L-homocysteine"
2046,1formononetin+1&beta;-D-glucose
2047,"1H++1""2-oxo-&Delta;3-4"
2048,1rosmarinic acid+1NADP++1H2O
2049,1N-acetyl-D-mannosamine+1pyruvate
2050,1acetyl-CoA+1CO2+1NADH
2051,1L-carnitine+1CO2+1succinate
2052,12-phenylethanol+1NAD+
2053,1H++1GDP+1L-galactose-1-phosphate
2054,11-hydroxy-2-methyl-2-(E)-butenyl 4-diphosphate+1NAD(P)H+1H+
2055,3H++3ferulate+3S-adenosyl-L-homocysteine
2056,1ubiquinol-7+1an oxidized unknown electron acceptor
2057,1an reduced unknown electron acceptor+1NAD+
2058,3H++3N-carbamoylsarcosine+3phosphate+3ADP
2059,"1""(2S+1coenzyme A+1CO2"
2060,11-deoxy-D-xylulose 5-phosphate+1CO2
2061,"2H++2""UDP-N-acetylmuramoyl-L-alanyl-D-glutamyl-meso-2+2phosphate+2ADP"
2062,1H++1nitrate+1NADPH
2063,1a 3-oxoacyl-CoA+1CO2+1coenzyme A
2064,1scopoletin+1H2O
2065,1&alpha;-N-acetylneuraminyl-(2&rarr;3)-&beta;-D-galactosyl-(1&rarr;4)-N-acetyl-&beta;-D-glucosaminyl-(1&rarr;3)-&beta;-D-galactosyl-(1&rarr;4)-&beta;-D-glucosylceramide+1CMP
2066,"1""(3S)-3"
2067,1malate+1NAD(P)H+1H+
2068,1H++1trans-&beta;-D-Glucosyl-2-hydroxycinnamate+1UDP
2069,2H++2ADP+2pyridoxamine 5'-phosphate
2070,"1""4-(2-amino-3-hydroxyphenyl)-2+1L-glutamate"
2071,1ammonia+1H2O2+1a 2-oxo acid
2072,1GA25+1CO2+1succinate
2073,1H++1taurochenodeoxycholate+1coenzyme A
2074,"1ammonia+1""5"
2075,1indole acetaldehyde+1ammonia+1CO2+1H2O
2076,"1""2+1&beta;-D-glucose"
2077,"1H++1NADPH+1""1"
2078,1a CMP-N-acyl-&beta;-neuraminate+1diphosphate
2079,1a trans-2-enoyl-CoA+1NADPH
2080,1NADPH+1an aldehyde
2081,1a 1-phosphatidyl-1D-myo-inositol 4-phosphate+1ADP
2082,12-methyleneglutarate+1H2O
2083,1phosphate+1succinyl-CoA+1GDP
2084,1S-adenosyl-L-homocysteine+1a protein L-&beta;-isoaspartate &alpha;-methyl ester
2085,"1""5-hydroxy-2-oxo-4-ureido-2"
2086,"1""2-heptaprenyl-6-methoxy-1+1H2O"
2087,1anthranilate+15-phosphoribosyl 1-pyrophosphate
2088,1L-glutamate+2ADP+2phosphate+2carbamoyl-phosphate
2089,1&beta;-D-galactose+1NADPH
2090,1indole-3-acetaldoxime+2NADP++3H2O+3CO2
2091,1H2O2+1oxygen
2092,1a fatty acid+1acetyl-CoA
2093,1methanofuran biosynththesis intermediate MF3+1H2O
2094,1S-adenosyl-L-homocysteine+1sarcosine
2095,1O-carbamoyl-deacetylcephalosporin C+1phosphate
2096,1a trans-2-enoyl-CoA
2098,1phosphate+1myo-inositol
2099,1imidazole acetol-phosphate+1H2O
2100,1indole-3-acetonitrile+1H2O
2102,1L-glutamate-5-phosphate+1NADPH+1H+
2103,1GA7+2H2O+2an oxidized unknown electron acceptor
2104,1a (mannosyl)5-(N-acetylglucosaminyl)2-diphosphodolichol+1GDP
2105,1H++1caffeoylserotonin+1coenzyme A
2106,"1""6"
2107,11-deoxy-D-xylulose 5-phosphate+1NADPH+1H+
2109,14-hydroxybenzoate+1pyruvate
2110,1octanoyl-CoA+1diphosphate+1octanoyl-CoA+1AMP
2111,1(22&alpha;)-hydroxy-5&alpha;-campestan-3-one+1H2O+1NADP+
2112,"1""(24R"
2113,1rosmarinic acid+1coenzyme A
2114,1monodehydroascorbate+2H2O
2115,1nicotinamide
2116,"1""hexane-6-keto-1+1H2O"
2117,2H++2nornicotine+2formaldehyde
2118,1H++1D-lactate
2119,1H++1naringenin
2120,1H++1cyclo-dopa 5-O-glucoside+1UDP
2121,1pyruvate+1coenzyme A
2122,1biliverdin+1NAD(P)H
2123,1L-alanine+1hydroxypyruvate
2124,1CMP-3-deoxy-D-manno-octulosonate+1diphosphate
2125,13-decaprenyl-4-hydroxybenzoate+1diphosphate
2126,1H2O2+1a 2-oxo acid
2127,2H++2(5R)-carbapenem
2128,1succinyl-CoA+1ADP+1phosphate
2129,1H++1cephamycin C+1S-adenosyl-L-homocysteine
2130,"1""7+1H2O"
2131,1dimethylmaleate+1H2O
2132,1L-tyrosine+12-ketoglutarate
2133,1O-ureidohomoserine+1phosphate
2134,"1""1+1ADP"
2135,1S-2-methyl-butyryl-CoA+1NADH+1CO2
2136,1L-ribulose
2137,"1""1+1NADH"
2138,1ammonia+1H2O
2139,1heptanoate+1H2O2
2140,1H2O+1L-dehydro-ascorbate+1noradrenaline
2141,2H++2ADP+2phosphate
2142,1benzyladenine-9-N-glucoside+1UDP
2143,1H++1anthranilate+1L-glutamate+1pyruvate
2144,1ammonia+1CO2+1&beta;-alanine
2145,1a [protein] N-terminal L-methionine+1formate
2146,1an reduced unknown electron acceptor+1orotate
2147,1sn-glycerol-3-phosphate+1ADP
2148,13-sulfinoalanine
2149,1H++11-propenylsulfenate+1pyruvate+1ammonia
2150,11-amino-1-deoxy-scyllo-inositol+12-keto-glutaramate
2151,1diphosphate+1L-asparagine+1AMP
2152,1L-tyrosine+14&alpha;-hydroxy-tetrahydrobiopterin
2153,"1""4+2H2O+2NADP+"
2154,1NADH+12-methylacetoacetyl-CoA
2155,1a sphingosine-containing ceramide+1phosphoryl-choline+1a ceramide
2156,1ADP+1phosphate+1malonyl-CoA
2157,1S-adenosyl-L-homocysteine+1S-methyl-L-methionine
2158,"2H++2""cis"
2159,12-carboxylate-4-methyl-5-beta-(ethyl adenosine 5-diphosphate) thiazole+1nicotinamide
2160,3H++35-formyl-tetrahydrofolate
2162,1a fatty aldehyde+1H2O2
2163,1octanoate+1NADH
2164,1S-ureidoglycolate+1urea
2165,1D-ribulose-5-phosphate+1CO2+1NADH
2166,1citrulline+1acetate
2167,14-(3-pyridyl)-butanoate
2168,1diphosphate+1all-trans-heptaprenyl diphosphate
2169,2ADP
2170,1nicotine-1'-N-oxide+1NADP++1H2O
2171,16-deoxocathasterone+1H2O+1NADP+
2172,1an L-1-phosphatidylglycerol-phosphate+1CMP
2174,1nicotine isomethonium ion+1S-adenosyl-L-homocysteine
2175,2H++2ADP+2pyridoxine-5'-phosphate
2176,17&alpha;-hydroxy-5&beta;-cholestan-3-one+1NADP+
2177,1L-glutamate+1N2-succinyl-L-glutamate 5-semialdehyde
2178,1dTMP+1tetrahydrofolate+1FAD
2179,5H++5glyoxylate+5coenzyme A
2180,2H++27-&alpha;-hydroxy-O-carbamoyl-deacetylcephalosporin C
2181,1UDP+1chitin
2182,"1H++1""2-hexaprenyl-3-methyl-6-methoxy-1+1S-adenosyl-L-homocysteine"
2183,1adenosine 5'-phosphosulfate+1an reduced unknown electron acceptor
2184,1harmol
2185,1a dihydroceramide 1-phosphate+1ADP
2186,1(S)-2-formylglutarate+1NADH+1H+
2187,1D-fructuronate
2189,1&alpha;-D-glucose+1&alpha;-D-glucose 1-phosphate
2190,12-oxoadipate+1ammonia+1NAD+
2191,1H++1ammonia+1fumarate
2192,14-hydroxy-2-oxo-valerate
2193,1myristate+1coenzyme A
2194,1dopamine
2195,1acetylcholine+1coenzyme A
2196,1H++1L-aspartyl-4-phosphate+1ADP
2197,13-pyridylacetate
2198,1a sphingosine-containing ceramide+1a ceramide+1&beta;-D-glucose
2199,1GMP+1ADP
2200,"1H++1UDP+1""oleanolate 3-beta-D-glucuronoside-(3"
2201,1kynurenate+1H2O+1H+
2202,1GDP+1phosphate
2203,1dihydrozeatin-7-N-dihydrozeatin+1UDP
2204,1cohumulone+1H2O
2205,"1""2-cis+1diphosphate"
2207,15-amino-6-(5'-phosphoribosylamino)uracil+1ammonia
2208,1oxaloacetate+1NADH
2209,1a quinol+1dihydroxy-acetone phosphate
2210,12-dehydropantolactone+1NADPH+1H+
2211,13-amino-3-deoxy-D-fructose 6-phosphate
2212,"1H++1""dTDP-4-acetamido-4+1coenzyme A"
2213,12-phosphoglycerate+1ADP
2214,1fructose-6-phosphate
2215,1fumarate+1H2O
2216,1tartronate semialdehyde+1NADH+1H+
2217,15'-hydroxycotinine+1NADP++1H2O
2218,1H++1p-coumaroyltyramine+1coenzyme A
2219,1L-glutamate+1succinate semialdehyde
2220,1phosphate+1&beta;-D-glucose
2221,"1""3&alpha;+1NADH+1H+"
2222,1diphosphate+1dUMP
2223,1kinetin-7-N-glucoside+1UDP
2225,1a lipid oleoyl-group+1coenzyme A
2226,1monovinyl protochlorophyllide a+1NADP+
2227,1L-methionine+1tetrahydrofolate
2228,14-(glutamylamino) butanoate+1NAD(P)H+1H+
2229,1ammonia+1CO2+1sarcosine
2230,"1""(24E)-3&alpha;+1H2O"
2232,1acetone+1hydrogen cyanide
2234,1H++15-phosphoribosyl 1-pyrophosphate+1nicotinamide
2236,1L-cysteine+1glycine
2237,1D-glucosamine 6-phosphate+1acetate
2238,1GA37+1succinate+1CO2
2239,1N-acetylneuraminate-9-phosphate+1phosphate
2240,2H++2glycine betaine+2NADH
2241,13-dehydrocarnitine+1NADH+1H+
2242,"1""N+1NADP++1H2O"
2243,1methylglyoxal+1a reduced coenzyme F420
2245,"1""a 1+1UDP"
2246,2H2O+2isopenicillin N
2247,12-acetolactate+1CO2
2248,1diphosphate+1all-trans-octaprenyl diphosphate
2249,"1H++1""(S)-2+1H2O"
2250,1H++1imidazole acetaldehyde+1ammonia+1H2O2
2251,1succinate semialdehyde+1L-alanine
2252,1D-fructose
2254,1H++1coenzyme A+1penicillin K+12-aminoadipate
2255,1CO2+1homogentisate
2256,"1""4+1NADP++2H2O"
2257,12-nonaprenyl-6-methoxyphenol+1CO2
2258,1phosphate+1N6-acetyl-L-lysine
2259,"1""5+1H2O"
2260,1H++1AMP
2261,1H++1heptosyl2-KDO2-lipid A+1ADP
2262,1CO2+13-dehydrosphinganine+1coenzyme A
2263,2H++2&gamma;-glutamyl-L-putrescine+2ADP+2phosphate
2264,1Lewis x epitope+1GDP
2265,13-hydroxyanthranilate+1L-alanine
2266,1kievitone+1NADP+
2267,1ethylcysteine+1H2
2268,"1""1-phosphatidyl-1D-myo-inositol 3+1ADP"
2269,1nicotinamide riboside+1phosphate
2270,"1""a 1+1&alpha;-maltose"
2271,2H++2(S)-5-amino-3-oxohexanoate+2ammonia+2NADH
2272,1a homogalacturonan+1methanol
2273,1D-ribose+1cis-zeatin
2274,1acetone cyanohydrin+1NADP++1H2O
2275,1N-formimino-glycine
2276,1diphosphate+1linoleoyl-CoA+1AMP
2277,1D-xylulose-5-phosphate+1ADP
2278,14-methyl-5-nitrocatechol+1NAD++1nitrite
2279,1GA20+2CO2+2succinate
2280,1NADPH+16-pyruvoyl tetrahydropterin
2281,1an L-1-phosphatidylethanolamine+1CMP
2282,"1""4-O-digalloyl-1+1&beta;-D-glucose"
2283,1an &omega;-hydroxy fatty acid
2284,1acetate+1succinyl-CoA
2285,"1""&beta;-D-galactosyl-1+1UDP"
2286,1L-glutamate+1N-acetyl-L-glutamate 5-semialdehyde
2287,1a G(5')ppPur-mRNA+1diphosphate
2288,1H2O2+14-pyridoxate
2289,2H++2formononetin-7-O-glucoside-6''-malonate+2coenzyme A+2AMP+2diphosphate
2291,"1H++1""6+1phosphate+2H2O"
2292,1H++1N-dimethylethanolamine phosphate+1S-adenosyl-L-homocysteine
2293,1H++13-dehydro-shikimate+1NADPH
2294,1meso-diaminopimelate
2295,1dihydroxy-acetone phosphate+1FADH2
2296,1H++1sucrose-6-phosphate+1UDP
2297,1ammonia+1an aldehyde+1H2O2
2298,1pantothenate+1cysteamine
2299,1H++1glycolaldehyde+1NADH
2300,1a fatty aldehyde+1CO2+1H2O
2301,1diphosphate+13-octaprenyl-4-hydroxybenzoate
2302,1mesaconyl-CoA+2H+
2304,14'-phosphopantetheine+1CO2
2305,1GTP+1GMP
2306,1phosphate+1ADP+1Ca2+
2308,1S-adenosyl-L-homocysteine+1m7G(5')pppm6Am
2309,1H++1phosphate+1ADP
2310,1glycogen
2312,1diphosphate+1lipoyl-AMP
2313,1adenylo-succinate+1phosphate+1GDP
2314,2retinal
2315,1diphosphate+1luteone
2316,3H++3GDP-mannuronate+2NADH
2317,1H++1NADH+1malonate semialdehyde
2318,13-hydroxypropionate+1coenzyme A
2319,"1""adenosine 3'+1""adenosine-3'+1an aryl sulfate"
2320,1NAD(P)H+1glucono-&delta;-lactone
2321,1a ribonucleoside triphosphate+1ADP
2322,1a tetrahydrofolate+1ADP+1phosphate
2323,12'-hydroxygenistein+1NADP++1H2O
2324,1H++1maleate+1ammonia
2325,"1methanol+1""(2E"
2326,1succinate semialdehyde+1CO2
2327,13-hydroxy-3-methyl-glutaryl-CoA+2NADH+2H+
2328,1tetrahydrofolate+15'-phosphoribosyl-N-formylglycineamide
2329,1D-glucosamine+1sulfate
2330,1K+
2331,1NADPH+1sepiapterin
2332,1a protein-N&omega;-(ADP-D-ribosyl)-L-arginine+1nicotinamide
2333,1phosphate+1ethanol
2334,17&alpha;-hydroxycholest-4-en-3-one+1NADH+1H+
2336,1palmitaldehyde+1phosphoryl-ethanolamine
2337,1H++1ubiquinol-6+1S-adenosyl-L-homocysteine
2338,1oxaloacetate+1a menaquinol
2339,1L-serine+1phosphate
2340,1a nucleotide+1phosphate
2341,1hydroxymethylpyrimidine phosphate+15'-deoxyadenosine+1L-methionine
2342,1menaquinone-8+1H++1S-adenosyl-L-homocysteine
2343,1H2O+1NADP++14-coumarate
2344,1an L-cysteine-S-conjugate+1glycine
2345,1H++1S-adenosyl-L-homocysteine+1(S)-coclaurine
2346,1H2O+1NADP++13-hydroxy-L-kynurenine
2347,2H++2indole-3-glyoxylate
2348,1glutarate
2349,1diphosphate+1GMP
2350,1prephenate
2351,13-ureidopropionate
2352,1a nucleoside+1phosphate
2353,1D-proline
2354,1caprate+1coenzyme A
2355,"1""2+1H2O"
2356,1NADPH+1CO2+1tetrahydrofolate
2357,13-deoxy-D-manno-octulosonate+1phosphate
2358,1a phosphatidyl-N-methylethanolamine+1CMP
2359,1a 2(R)-hydroperoxy fatty acid
2360,1L-glutamate+12-oxoadipate
2361,"1""N-acetyl-&beta;-D-glucosaminyl-1+1UDP"
2362,"1""L-arabinono-1+1NAD(P)H+1H+"
2364,1coenzyme A+1cephalosporin-C
2365,1ribose-1-phosphate+1xanthine
2366,"1""adenosine 3'+1dopamine 3-O-sulfate+1""adenosine-3'"
2367,1&beta;-D-glucose-6-phosphate
2368,"2H++2""D-myo-inositol (3+2ADP"
2369,1indole-3-glyoxylate+1an reduced unknown electron acceptor
2370,1(S)-methyl-malonyl-CoA
2371,1a phosphatidylcholine+1S-adenosyl-L-homocysteine
2372,1D-tagaturonate
2374,1resolution of recombinational junction formation of two intact strands
2375,1S-adenosyl-L-homocysteine+1
2377,1
2378,1a 3'-terminal unsaturated sugar
2379,1a [protein]-S-methyl-L-cysteine+1DNA (without 6-O-methylguanine)
2380,1diphosphate+1DNAn
2381,1S-adenosyl-L-homocysteine+1
2382,1S-adenosyl-L-homocysteine+1a DNA 5-methylcytosine
2383,1DNAn+1a nucleoside 5'-monophosphate
2384,1diphosphate+1DNAn
2385,1a DNA containing an apyrimidinic site
2386,1an AP (apurinic or apyrimidinic) site created by glycosylic bond cleavage
2387,1S-adenosyl-L-homocysteine+1an N6-methyladenine in rRNA
2388,1a nucleoside diphosphate
2389,1diphosphate
2390,1S-adenosyl-L-homocysteine+1rRNA containing N1-methylguanine
2391,1an ADP-D-ribosyl acceptor+1an ADP-D-ribosyl acceptor+1nicotinamide
2392,1diphosphate+1AMP
2393,1S-adenosyl-L-homocysteine
2394,1S-adenosyl-L-homocysteine
2395,1diphosphate
2396,1S-adenosyl-L-homocysteine
2397,1a nucleoside diphosphate
2398,1phosphate+1H2O
2399,1diphosphate+1a tRNA containing N6-dimethylallyladenosine
2400,1diphosphate
2401,1L-glutamate+1phosphate+1ADP
2402,1S-adenosyl-L-homocysteine+1tRNA containing N2-methylguanine
2403,1H2O+1diphosphate
2404,1diphosphate
2405,"1""a 5"
2406,"1""ADP ribose 1''+1nicotinamide+1H2O"
2407,1cis-zeatin riboside monophosphate
2408,1a [protein]-L-arginine
2409,1tetrahydrofolate
2410,1tRNA pseudouridine
2411,1S-adenosyl-L-homocysteine+1an N6-methyladenine in tRNA
2412,1ammonia
2413,1S-adenosyl-L-homocysteine+1a 5-methylaminomethyl-2-thiouridine in tRNA
2414,1an N-modified amino acid
2415,1S-adenosyl-L-homocysteine+1a tRNA containing N7-methylguanine
2416,1L-glutamate+1phosphate+1ADP
2417,1NADPH
2418,1ADP
2419,1cis-hydroxy-prenyl-tRNA
2420,1guanine
2421,1diphosphate+1AMP
2422,1diphosphate+1AMP
2423,1diphosphate+1AMP
2424,1diphosphate+1AMP
2425,1diphosphate+1AMP
2426,1diphosphate+1AMP
2427,1diphosphate+1AMP
2428,1diphosphate+1AMP
2429,1diphosphate+1AMP
2430,1diphosphate+1AMP
2431,1diphosphate+1AMP
2432,1diphosphate+1AMP
2433,1diphosphate+1AMP
2434,1diphosphate+1AMP
2435,1diphosphate+1AMP
2436,1diphosphate+1AMP
2437,1diphosphate+1AMP
2438,1diphosphate+1AMP
2439,1diphosphate+1AMP
2440,1diphosphate+1AMP
2441,1diphosphate+1AMP
2442,1diphosphate+1AMP
2443,1diphosphate+1AMP
2446,1an [eIF5A]-hypusine+1H2O+1an oxidized unknown electron acceptor
2447,1coenzyme A
2448,1CMP-N-glycoloylneuraminate+1H2O
2449,1protoheme IX
2450,1acetyl-CoA
2451,13-phosphoglycerate+2H+
2452,1GDP
2453,1NAD+
2454,1an L-2-amino-acid
2455,15-exo-hydroxycamphor+1H2O
2456,1ADP
2457,1ADP
2458,1a ribonucleoside diphosphate
2459,"1""15"
2460,1diphosphate+1AMP
2461,1NADH+1H+
2462,1pyruvate+1a protein-N&pi;-phospho-L-histidine
2463,25'-deoxyadenosine+2L-methionine
2464,1ADP
2465,1coenzyme A+1a [2-oxoglutarate dehydrogenase E2 protein] N6-S-succinyldihydrolipoyl-L-lysine
2466,1CO2+1coenzyme A
2467,1UDP
2468,1malonyl-CoA
2469,1ADP
2470,2H2O
2471,1NADPH+1H+
2472,1dUDP+1H2O
2473,1NADH+1H+
2474,1H2O
2475,1KDO2-(palmitoleoyl)-lipid IVA
2476,1a [pyruvate dehydrogenase E2 protein] N6-lipoyl-L-lysine+1NADH+1H+
2477,1coenzyme A
2479,"1an [eIF5A-precursor]-deoxyhypusine+1""1"
2480,1CO2+1propionyl-CoA
2481,1a [glycine-cleavage complex H protein] N6-lipoyl-L-lysine+1NADH+1H+
2482,1dGTP+1H2O
2483,2H2O
2484,1an ubiquinol
2485,1glycine+1phosphate
2486,1a [2-oxoglutarate dehydrogenase E2 protein] N6-lipoyl-L-lysine+1NADH+1H+
2487,1CO2+1coenzyme A
2488,1NADP+
2489,1UDP-3-O-(3-hydroxymyristoyl)-N-acetylglucosamine
2490,1ADP
2491,1CO2
2492,1AMP+1diphosphate
2493,1dolichyl diphosphate
2494,1N6-acetyl-L-lysine
2495,1NADH+1H+
2497,1a [apo BCAA dehydrogenase E2 protein] N6-S-[3-methylbutanoyl]dihydrolipoyl-L-lysine+1CO2
2498,1diphosphate+1AMP
2499,1an [apo BCAA dehydrogenase E2 protein] N6-lipoyl-L-lysine+1NADH+1H+
2500,1diphosphate+1a [lipoyl-carrier protein] N6-octanoyl-L-lysine+1AMP
2501,1CDP
2502,1phosphate+1ADP
2503,1ADP
2504,1H2O
2505,1ADP
2506,1NADPH+1H+
2507,"1""KDO2-lipid A"
2508,"1""a 1"
2509,1coenzyme A
2510,1an ubiquinone
2511,1ADP
2512,1CO2
2513,1NADPH+1H+
2514,1NADPH
2515,1diphosphate+1an N6-monoubiquitinyl-[protein]-L-lysine+1AMP
2516,1oleoyl-CoA+2H2O
2517,1a protein 6-N-(lipoyl)lysine+1AMP
2518,1UDP+1N-acetyl-&beta;-D-glucosaminyl-(1&rarr;4)-&beta;-D-mannosyl-[glycoprotein]
2519,1S-adenosyl-L-homocysteine+1NADP+
2520,1NADH+1H+
2521,1ADP
2522,1an [apo BCAA dehydrogenase E2 protein] N6-S-[2-methylbutanoyl]dihydrolipoyl-L-lysine+1CO2
2523,"1a [glycine-cleavage complex H protein] N6-dihydrolipoyl-L-lysine+1""5+1ammonia"
2524,1H2O
2525,1L-methionine sulfoxide
2526,1H2O
2527,1a basic amino acid
2528,1dADP+1H2O
2529,1phosphoadenosine-5'-phosphosulfate
2530,1ADP
2531,15-oxoproline
2532,1a [lipoyl-carrier protein] N6-octanoyl-L-lysine
2533,1phosphate+1a [protein]-L-tyrosine
2534,"1""UDP-2"
2535,1coenzyme A
2536,1NADPH+1H+
2537,1CO2+1coenzyme A
2538,1ADP
2539,1CO2+2H+
2540,1sulfate
2541,1diphosphate+1AMP
2542,1NADPH+1H+
2543,1NADPH+1H+
2544,1palmitate
2545,1NADH+1H+
2546,1a [glycine-cleavage complex H protein] N6-aminomethyldihydrolipoyl-L-lysine+1CO2
2547,1ammonia
2548,1an [apo BCAA dehydrogenase E2 protein] N6-dihydrolipoyl-L-lysine+1isobutyryl-CoA
2549,"1""5+2H+"
2550,1NAD+
2551,1ADP
2552,1NADPH+1H+
2553,1coenzyme A+1CO2
2554,1sulfite
2555,1ADP+1phosphate
2556,1pyruvate
2557,1H2+2ammonia+16ADP+16phosphate
2558,1UDP
2559,1CO2+1coenzyme A
2561,1UDP
2562,1CO2
2563,1dGDP+1H2O
2564,1glutathione disulfide
2565,1CO2
2566,1ADP
2567,1a standard &alpha; amino acid
2568,1CO2
2569,1a 1-acyl-sn-glycerol 3-phosphate
2570,1CO2
2571,1KDO2-lipid A
2572,1a [2-oxoglutarate dehydrogenase E2 protein] N6-S-succinyldihydrolipoyl-L-lysine+1CO2
2573,1coenzyme A
2574,1KDO2-(lauroyl)-lipid IVA
2575,1ADP
2576,"1a protein L-tyrosine-O-sulfate+1""adenosine 3'+1""adenosine-3'"
2577,1NADP+
2578,1L-glutamate
2579,1CO2
2580,1H2O
2581,1biliverdin
2582,1&alpha;-D-glucosyl-protein+1UDP
2583,1oleate
2584,1CO2+1coenzyme A
2585,1tetrahydrofolate
2586,14-hydroxybenzoyl-CoA+2H+
2587,1CO2+1coenzyme A
2588,1NADPH+1H+
2589,1ammonia
2590,1acetate
2591,1a 1-acyl-sn-glycerol 3-phosphate
2592,1ADP
2593,1ADP
2594,1succinyl-CoA+1CO2
2595,1laurate
2596,1NADPH+1H+
2597,1an (&gamma;-L-glutamyl)-L-amino acid
2598,1a dolichyl phosphate+1a [protein]-O-D-mannosyl-(L-serine/L-threonine)
2600,1nitrite+7H+
2601,"1""adenosine 3'+1""adenosine-3'"
2602,14'-phosphopantetheine
2603,1NADPH+1H+
2604,1NADP+
2605,2ADP
2606,1H2O
2607,1CO2
2608,1NADPH+1H+
2609,1H2O
2610,1UDP
2611,1NADH+1H+
2612,1NADPH+1H+
2613,1a thiol
2614,1CO2+1H+
2615,1N-acetylmuramate
2616,1a [pyruvate dehydrogenase E2 protein] N6-S-acetyldihydrolipoyl-L-lysine+1CO2
2617,1NADPH+1H+
2618,1palmitate
2619,1UDP
2620,1coenzyme A+1CO2
2621,1an acyl phosphate
2622,2H+
2623,1an ubiquinone
2624,16-hydroxynicotinate
2625,1ADP
2626,1H2O
2627,1CDP
2628,1H2O
2629,1CO2
2630,1CO2
2631,1NADPH+1H+
2632,1CO2
2633,1NADPH+1H+
2634,1NADPH+1H+
2635,1NADH+1H+
2636,1NADPH+1H+
2637,1L-ascorbate
2638,1an [apo BCAA dehydrogenase E2 protein] N6-S-[2-methylpropanoyl]dihydrolipoyl-L-lysine+1CO2
2639,1acetyl-CoA+1CO2
2640,12-ketoglutarate+1L-glutamine
2641,1stearate
2642,1dUTP+1H2O
2643,1CO2+1coenzyme A
2644,1NADH
2645,1CO2
2646,1H2O
2647,1NADH+1H+
2648,1dCTP+1H2O
2649,1coenzyme A
2650,1UDP
2652,1CO2
2653,1phosphate
2654,1dATP+1H2O
2655,1crotonyl-CoA
2656,1H2O
2657,1a basic amino acid
2658,15-methyl-THF
2659,1phosphate
2660,1NADP+
2661,1H2O+1octanol
2662,1H2O
2663,1biliverdin
2664,1arsenite+1H2O
2665,1NAD++1propionyl-CoA
2666,1NADPH+1H+
2667,1a protein-L-methionine-(S)-S-oxide
2668,1nitrate
2669,1NADH+1H+
2670,1ADP
2671,1NADPH+2S-adenosyl-L-methionine
2672,1coenzyme A+1a [pyruvate dehydrogenase E2 protein] N6-S-acetyldihydrolipoyl-L-lysine
2673,1H2O
2675,13-oxo-stearoyl-CoA+1NADPH+1H+
2681,1a 1-acyl-sn-glycerol 3-phosphate+1phosphate
2684,"1""trans-2+1NADPH+1H+"
2685,1pyruvate
2686,1pyruvate
2687,1multidrug+1ADP+1phosphate
2688,1a cation+1ADP+1phosphate
2689,1heme+1ADP+1phosphate
2690,1acetylcholine+1H+
2691,1ATP+1H+
2692,1a dicarboxylate+1Na+
2693,1malate+1H+
2694,1a phospholipid+1H+
2695,1a sugar+1H+
2696,1phosphate+1H+
2697,1Na++1H+
2698,1a carbohydrate+1H+
2699,1a cation+1H+
2700,1KCl+1H+
2701,1glycine+1H+
2702,1Ca2++1Na+
2703,1Na++1H+
2704,1dopamine+1H+
2705,1phosphate+1Na+
2706,1heme+1H+
2707,1K++1H+
2708,1L-ascorbate+1Na+
2709,1sucrose+1H+
2710,1L-carnitine+1H+
2711,1Ca2++1H+
2712,1NH4++1H+
2713,1a bile acid+1H+
2714,1a sugar+1H+
2715,1a protein disulfide+1H+
2716,1a standard &alpha; amino acid+1H+
2717,1iodide+1Na+
2718,1K++1Na+
2719,1&beta;-D-glucose-6-phosphate+1H+
2720,1a nucleoside+1H+
2721,1ATP
2722,1L-carnitine
2723,1a monoamine
2724,1L-serine
2725,1succinate
2726,1phosphate
2727,1UDP-galactose
2728,1UDP
2729,1an L-1-phosphatidyl-inositol
2730,1a hexose
2731,1UDP-N-acetyl-D-glucosamine
2732,1L-threonine
2733,1a phosphatidylcholine
2734,1a nucleotide sugar
2735,1cholesterol
2736,1a phospholipid
2737,1retinal
2738,1a nucleoside
2739,1a monosaccharide
2740,1folate
2741,1heme
2742,1Fe3+
2743,1L-tyrosine
2744,1phosphoadenosine-5'-phosphosulfate
2745,1oligopeptide
2746,1an acid
2747,1lipid
2748,1an alcohol group
2749,1arsenite
2750,1GDP
2751,1acetyl-CoA
2752,1a sugar
2753,1Zn2+
2754,1D-fructose
2755,1a standard &alpha; amino acid
2756,1urate
2757,1a monocarboxylate
2758,1citrate
2759,"1""a 1"
2760,1GTP
2761,1a vitamin
2762,1sn-glycerol-3-phosphate
2763,1a fatty acid
2764,1L-fucose
2765,1sulfate
2766,1&beta;-D-glucose
2767,1a cation
2768,1K+
2769,1an anion
2770,1chloride
2771,1cyclic-GMP
2772,1D-glyceraldehyde-3-phosphate
2773,1H2O
2774,1Na+
2775,1NAD+
2776,1Ca2+
2777,1a nucleotide
2778,1succinate
2779,1an unknown quinol
2780,1sn-glycerol-3-phosphate
2781,2H2O
2782,1D-lactate
2783,1a menaquinol
2784,1a menaquinol
2785,1an ubiquinol
2786,1NADH
2787,1formate
2788,1an ubiquinol
