1,1diphosphate+1nicotinate nucleotide
2,1H++1nicotine+1NADPH+1oxygen
3,1an acyl-CoA+1dihydroxy-acetone phosphate
4,1H++1indole-3-pyruvate
5,1N-acetyl-serotonin+1S-adenosyl-L-methionine
6,1L-threonine+1NAD+
7,1ethanolamine+1ATP
8,1D-ribulose-5-phosphate+1ATP
9,"2""D-myo-inositol (1+2ATP"
10,1an N10-formyl-tetrahydrofolate+1L-glutamate+1ATP
11,1H++1oxygen+1NADPH+17-deoxyloganin
12,1H2O+1L-glutamine+1ATP
13,1H2O+1an oxidized unknown electron acceptor+1spermidine
14,1phosphate+1pyruvate+1ATP
15,2a 2-(2-hydroxyacyl)sphingosine+2UDP-galactose
16,1NADPH+1H2O
17,1D-ornithine
18,1pyruvate
19,1parathion+6H+
20,24-&alpha;-methylzymosterol+2NAD(P)H+2oxygen
21,1NAD++1NADPH
22,1N-acetyl-L-ornithine+1carbamoyl-phosphate
23,1a long-chain acyl-CoA+1a 1-acyl-sn-glycerol 3-phosphate
24,14-hydroxysphinganine
25,1nicotinamide mononucleotide+1H2O
26,1H++1GA7+1oxygen+1NADPH
27,1hypoxanthine+1H2O
28,"2isopentenyl diphosphate+2""(E"
29,1an acyl-CoA+1a 1-acyl 2-lyso-phosphatidylcholine
30,1UDP-D-glucose+1trans-zeatin
31,1&beta;-alanine+1S-adenosyl-L-methionine
32,13-hydroxy-3-methyl-glutaryl-CoA
34,1D-glucarate
35,1NADH+1an ubiquinone+1H+
36,1malonyl-CoA+1NADPH+1H+
37,1formononetin+1oxygen+1NADPH+1H+
38,13-demethylubiquinol-9+1S-adenosyl-L-methionine
39,1a sphingosine-containing ceramide+1UDP-D-glucose+1a ceramide
40,"1""2-trans+1H2O"
41,1aminoacetone+1H2O+1oxygen
42,12-methyleneglutarate
43,1caffeoyl-CoA+1S-adenosyl-L-methionine
44,1methanofuran biosynththesis intermediate MF3
45,"1""a 1+1H2O"
46,1isopentenyl diphosphate+1NAD(P)++1H2O
47,1formaldehyde+1D-xylulose-5-phosphate
48,1phosphoribosyl-ATP+1H2O
50,1saccharopine+1NADP++1H2O
51,52-aminoadipate-6-semialdehyde+5NAD(P)++5H2O
52,1methyl parathion+1H2O
53,1oxaloacetate+1acetyl-CoA+1H2O
55,2L-glutamate+2NADP+
56,1canavaninosuccinate
57,1a [protein] c-terminal S-farnesyl-L-cysteine+1S-adenosyl-L-methionine
58,1GA9+12-ketoglutarate+1oxygen
59,1acetaldehyde+1NADH
60,1N-acetylneuraminate-9-phosphate+1H2O
61,"1""a 5+1NAD(P)+"
62,1methylmalonate semialdehyde+1NAD++1coenzyme A+1methylmalonate-semialdehyde+1H2O
63,"1""4-(2-amino-3-hydroxyphenyl)-2"
64,1UDP-D-glucose+1formononetin
65,"1""3+1NAD++1H2O"
66,1H2O+1NAD++1saccharopine
67,"2H++2""hexane-6-ol-1"
68,1a plant ceramide (I)
69,1H2O+1pyruvate+1ATP
70,"1UDP-D-glucose+1""oleanolate 3-beta-D-glucuronoside-(3"
71,15-acetamidovalerate+1H2O
72,1dUDP+1ATP
73,2an ubiquinol+2oxygen+4H+
74,4xanthosine+4H2O
75,1H++1N-dimethylethanolamine phosphate+1CTP
76,1NAD++1L-arabitol
77,12-ketoglutarate+1H2O+1acetyl-CoA
78,1H++14-oxalocrotonate
79,"1oxygen+12-ketoglutarate+1""N6"
80,1D-ribulose-5-phosphate
81,12-amino-5-formylamino-6-ribofuranosylamino-4(3H)-pyrimidinone 5'-phosphate+1H2O
82,1campesterol
83,1GDP+1ATP
84,1GA9+1oxygen+1an reduced unknown electron acceptor
85,13''-deamino-3''-oxonicotianamine+1NAD(P)+
86,12-dehydro-3-deoxy-D-gluconate+1ATP
87,"2""3-hydroxy-3-carboxy-4"
88,1FMNH2+1NAD(P)+
89,"1UDP-D-xylose+1""N4-{N-acetyl-&beta;-D-glucosaminyl-(1"
90,1L-cysteine+1H2O
91,1L-proline+1NAD(P)+
92,"1""5'+1H2O"
93,1homoisocitrate
94,1phosphoenolpyruvate+1N-acetyl-D-mannosamine+1H2O
95,14&alpha;-carboxy-5&alpha;-cholesta-8-en-3&beta;-ol+1NAD(P)+
96,2NADP++2coenzyme A+2(R)-mevalonate
97,2succinyl-CoA+2H2O
98,1Mn2++1H2O+1ATP
99,"1""a 2+1an acyl-CoA+1acetyl-CoA"
100,21-O-galloyl-&beta;-D-glucose
101,1ent-kaur-16-en-19-ol+1NADPH+1H++1oxygen
102,22-aminomuconate semialdehyde+2NAD++2H2O
103,2phosphate+2oxaloacetate
105,14-hydroxysphinganine+1ATP
106,1H++1NADH+1L-lactaldehyde
107,1D-mannose+1ATP
108,1dimethylsulfoniopropionate
109,1spermidine+1S-adenosyl-L-methioninamine
110,1H2O+1NAD++1L-glutamate
111,1NAD(P)++1estradiol-17&beta;
112,14&alpha;-formyl-5&alpha;-cholesta-8-en-3&beta;-ol+1oxygen+1NAD(P)H
113,1&beta;-D-ribofuranose
114,1phosphoryl-choline+1H2O
115,1DL-allothreonine
116,14-coumaroyl-CoA+1L-quinate
117,1H++1citrulline+1H2O
118,1nicotinamide riboside+1H2O
119,1fructose-1-phosphate
120,1an acyl-CoA+1cholesterol
121,2H++22-hexaprenyl-6-methoxyphenol+2oxygen
122,1&beta;-D-galactose
123,1ATP+15'-phosphoribosyl-N-formylglycineamide+1L-glutamine+1H2O
124,"1""1+1H2O+1oxygen"
125,1xanthine+1H+
126,"1H++1""2-carboxy-5-oxo-2"
127,1shikimate-3-phosphate+1phosphoenolpyruvate
128,1an inositol-phospho-&alpha; hydroxyphytoceramide+1GDP-D-mannose
129,1H++1calycosin+1NADPH+1oxygen
130,"2CTP+2""a 1"
131,1acetaldehyde+1oxygen+1H2O
132,1H2O+1adenosine
133,1indole acetaldehyde+1NAD++1H2O
134,2an arylamine+2acetyl-CoA
135,1NAD++1malate
136,13-dehydro-shikimate
137,"1H++1""olean-12-ene-3&beta;+1NADPH+1oxygen"
138,14-maleyl-acetoacetate
139,12-hydroxycaffeate
140,1H2O+1guanosine
141,1hydrogen sulfide+1an oxidized unknown electron acceptor+3H2O
142,1indole-3-glycol aldehyde+1NADH+1H+
143,1&alpha;-D-glucose
144,1thiamin+1ATP
145,1N2-succinyl-L-glutamate 5-semialdehyde+1NAD++1H2O
146,1N-desulfoheparin+1phosphoadenosine-5'-phosphosulfate
147,1a [protein] N6-methyl-L-lysine+12-ketoglutarate+1oxygen
148,2H++23-dehydro-6-deoxoteasterone
149,14-coumaroyl-CoA+1coenzyme A+1H2O+1NAD+
150,1D-sorbitol-6-phosphate+1NADP+
151,1a long-chain acyl-CoA+1malonyl-CoA
152,1L-galactose+1NAD+
153,"1""(S)-2+1NAD++2H2O"
154,1a UDP-sugar+1H2O
155,1H++1D-proline+1NADH
156,1homoserine+1ammonia
157,2UDP-D-glucuronate+2H2O
158,2H++2GDP-4-dehydro-6-deoxy-D-mannose
159,1N6-acetyl-L-lysine+12-ketoglutarate
160,"1H2O+1""5"
161,"1""L-1+1NAD+"
162,2an ubiquinol+2oxygen+4H+
163,44-coumaroyl-CoA+4NADPH+4H+
164,17-deoxyloganate+1S-adenosyl-L-methionine
165,1N-acetyl-D-mannosamine+1ATP
166,1naringenin+1oxygen+12-ketoglutarate
167,1L-gulonate
168,1bergaptol+1S-adenosyl-L-methionine
169,1trithionate+1bisulfite
170,2harmol
171,1hexulose 6-phosphate
172,1Ca2++1H2O+1ATP
173,1stearoyl-CoA+1malonyl-CoA+2NAD(P)H+2H+
174,2N-acetyl-L-ornithine+2H2O
175,1an N-acylated amino acid+1H2O
176,1L-cysteine+1cyclopropene
177,1homoserine+1succinyl-CoA
178,1L-ornithine+12-ketoglutarate
179,1phosphoribosyl-ATP+1diphosphate
180,1benzoate+1benzoate+1coenzyme A+1ATP
181,1GA12-aldehyde+1NADPH+1oxygen
182,1oxygen+1H2O+1L-lysine
183,1coenzyme A+1phenylacetate+1ATP
184,1D-ribose 5-phosphate+13-amino-3-deoxy-D-fructose 6-phosphate
185,12-keto-3-deoxy-D-glycero-D-galacto-nononate-9-phosphate+1H2O
186,"1""(25R)-5&beta;-cholestane-3&alpha;+1NAD+"
187,1a sterol+1a phosphatidylcholine
188,1oxaloacetate+1ATP
189,1ent-7-&alpha;-hydroxykaurenoate+1NADPH+1H++1oxygen
190,2sphingosine+2ATP
191,1L-ribulose-5-phosphate
192,1a CDP-diacylglycerol+1L-serine
193,1L-arabinonate
194,1ribose-1-phosphate+1ATP
195,2H++2sophoradiol+2NADPH+2oxygen
196,1S-ureidoglycolate
197,1S-adenosyl-L-methionine+1methylarsonite
198,2citrate+2coenzyme A+2ATP
199,1thiosulfate+1hydrogen cyanide
200,"1""O-1+1CDP-N-methyl-L-glucosamine"
202,1xanthine+1H2O
203,1(S)-mandelate
204,1pantothenate+1ATP
205,1acrylamide+1H2O
206,"1&beta;-D-galactosyl-(1&rarr;3)-[&beta;-D-galactosyl-(1&rarr;4)-N-acetyl-&beta;-D-glucosaminyl-(1&rarr;6)]-N-acetyl-&alpha;-D-galactosaminyl-R+1""&beta;-D-galactosyl-(1+1UDP-N-acetyl-D-glucosamine"
207,12-hydroxymuconate
208,1CO2+1H2O
209,1H2O+1creatine
210,1H++1(-)-sophorol+1NADPH
211,1a 3-oxo acid+1succinyl-CoA
212,2H++2diprenylphlorisovalerophenone+2oxygen
213,1indole acetaldehyde+1oxygen+1H2O
214,"1""2"
215,1H2O+1agmatine
216,1lipid IVA+1CMP-3-deoxy-D-manno-octulosonate
217,1an aldehyde+1NAD++1H2O
218,1deoxyuridine+1ATP
219,1cadaverine+1cadaverine+1S-adenosyl-L-methioninamine
220,2allylsulfenate
221,25-amino-levulinate
222,2a (mannosyl)6-(N-acetylglucosaminyl)2-diphosphodolichol+2a dolichyl &beta;-D-mannosyl phosphate
223,NH2O+Npectin
224,Na sphingosine-containing ceramide+NH2O+Na ceramide
225,1NAD++1D-lactate
226,1H++1an ubiquinone+1NADH
227,1inosine+1phosphate
228,1glutarate+1coenzyme A
229,"1ADP-D-glucose+1""a 1"
230,1(Z)-2-methylpropanal-oxime+1NADP++1H2O
232,1scopoletin+1a methylated methyl donor
233,1tetrahydrofolate+1L-glutamate+1ATP
234,2H++23-hexaprenyl-4-hydroxybenzoate+2oxygen
235,1L-rhamnulose-1-phosphate
236,"1""2+1""UDP-2"
237,1deoxyguanosine+1phosphate
238,1oleate+2NADPH+2oxygen
239,2ribose-1-arsenate+2dihydrolipoate
241,1S-methyl-5'-thioadenosine+1H2O
242,12-hydroxyglutarate+1oxygen
243,1indole-3-ethanol+1NAD(P)+
244,15-methylthioribulose-1-phosphate
245,"1""2-oxohexa-4+1acetyl-CoA+1H2O"
246,15-oxoproline+2H2O+2ATP
247,2monodehydroascorbate
248,3NADP++3palmitaldehyde
249,1an &alpha; hydroxyphytoceramide+1inositol phosphate
250,1methylacrylyl-CoA+1H2O
251,15-hydroxy-2-oxopentanoate
252,1D-isocitrate+1NAD+
253,1H++1D-xylose+1NADPH
254,1[heparan]-&alpha;-D-glucosamine+1phosphoadenosine-5'-phosphosulfate
255,1H++1castasterone+1NADPH+1oxygen
256,1trans-homoaconitate+1acetyl-CoA+1H2O
257,1&beta;-D-glucose+1an ubiquinone
258,1chorismate+1L-glutamine
259,"1""4&alpha;-formyl-4&beta;-methyl-5&alpha;-cholesta-8+1NAD(P)H+1oxygen"
260,1a (mannosyl)3-(N-acetylglucosaminyl)2-diphosphodolichol+1GDP-D-mannose
261,1uridine+1L-cysteine+1ATP
262,1D-lactate+1propionyl-CoA
263,"1""D-myo-inositol (3+1ATP"
264,2an L-1-phosphatidyl-inositol+2UDP-N-acetyl-D-glucosamine
265,1L-serine+1acetyl-CoA
266,1&alpha;-maltose+1H2O
267,24-hydroxybutyryl-CoA
268,1tetrahydrobiopterin+1L-tyrosine+1oxygen
269,1maltose+1maltotriose
270,"1""2-amino-4-oxo-6-(erythro-1'"
271,1NAD++1L-lactate
272,1acetyl-CoA+1H2O+1glyoxylate
273,1L-ornithine
274,"1""D-myo-inositol (1+1ATP"
275,2D-ribulose-5-phosphate
276,"1H++1""2+1NADH+1oxygen"
277,1inosine+1ATP
278,1&beta;-D-glucose+1ATP
279,1acetylene+1H2O
281,1glyoxylate+1L-alanine
282,"1""a 1-phosphatidyl-1D-myo-inositol 4+1H2O"
283,13-aminopropionaldehyde+1NAD(P)++1H2O
284,1&gamma;-glutamyl-L-putrescine+1H2O+1oxygen
285,1malonate semialdehyde+1L-alanine
286,1coenzyme A+14-hydroxybenzoate+1ATP
287,1uroporphyrinogen-III
288,4an (&gamma;-L-glutamyl)-L-amino acid
289,1a phosphatidylcholine+1H2O
290,1oleate+1coenzyme A+1ATP
291,1H++1lanosterol+1NADPH
292,"1""3&alpha;+1coenzyme A"
293,4maltotetraose+4phosphate
294,"1oxygen+1""L-gulono-1"
295,1NAD++1xylitol
296,12-aminobenzoyl-CoA+2H+
297,1N5-carboxyaminoimidazole ribonucleotide
298,1D-glucono-&delta;-lactone-6-phosphate+1H2O
299,1thymidine+1ATP
300,1GDP-L-fucose+1NADP+
301,1purine+1H2O
302,2H++2coumaraldehyde+2NADPH
303,1H++14-ureido-5-imidazole carboxylate+1H2O
304,1histone-L-lysine+1S-adenosyl-L-methionine
305,1L-citramalyl-CoA
306,"1""fructose-1+1H2O"
307,1GA24+12-ketoglutarate+1oxygen
308,1a sphingosine-containing ceramide+1a ceramide+1a phosphatidylcholine
309,1&beta;-D-glucose+1ADP
310,1GDP-D-mannose
311,1a ribonucleoside 5'-monophosphate+1H2O
313,1H2O+1NAD++1succinate semialdehyde
314,1(R)-citramalate
315,"1""&beta;-D-galactosyl-1+1CMP-N-acetylneuraminate"
316,1a CDP-diacylglycerol+1an L-1-phosphatidyl-glycerol
317,1L-arginino-succinate
318,"1""3-nonaprenyl-4+1S-adenosyl-L-methionine"
319,12-deoxy-D-ribose 5-phosphate
320,1L-aspartate+12-ketoglutarate
321,1NAD++1a (3S)-3-hydroxyacyl-CoA
322,1L-tryptophan+1oxygen
323,1acetoacetyl-CoA+1H2O+1acetyl-CoA
324,1S-allantoin+1H2O
325,1allylcysteine+1oxygen+1H2O
326,1FADH2+1acrylyl-CoA
328,1tyramine+12-methylamine-furan
329,1(S)-citramalate
330,1harmaline
331,1H2O+1a &beta;-D-glucuronoside
332,1indole+1acetate
333,25-enolpyruvyl-shikimate-3-phosphate
334,"1""a glycoprotein-&alpha;-L-fucosyl-(1+1UDP-galactose"
335,1D-glucose 6-phosphate+1&beta;-D-glucose-6-phosphate
336,12-dehydro-3-deoxy-D-gluconate-6-phosphate
337,14-(methylamino)-1-(3-pyridyl)-1-butanone
338,1H++1campest-4-en-3-one+1oxygen+1NADPH
339,"1""(2S"
340,110-hydroxygeraniol+1NADP+
341,1&gamma;-tocopherol+1S-adenosyl-L-methionine
342,1L-xylo-hexulonolactone
343,1glycine+1acetyl-CoA
344,1glycyl-peptide+1myristoyl-CoA
345,1ethanol+1oxygen+1NADPH+1H+
346,"2""GDP-4-dehydro-3+2NAD(P)H+2H+"
347,1esculetin+1a methylated methyl donor
348,1S-adenosyl-L-methionine+1[myelin basic protein]-L-arginine
349,1AMP+1phosphate
350,1ferulate+1coenzyme A+1ATP
351,1a 3-oxoacyl-CoA+1NADPH
352,"1an acyl-CoA+1""a 1"
353,1dGDP+1ATP
354,1acetyl-CoA+nmalonyl-CoA+2nNADPH+2nH+
355,2nsphingosine-1-phosphate
356,1GTP+3H2O
357,"2""di-trans+2H2O"
358,1(S)-citramalate
359,1(E)-2-methylpropanal-oxime
360,"1""3"
361,1a phenol sulfate+1H2O
362,"1H++1""(2S+12-ketoglutarate"
363,1NAD++1(R)-3-hydroxybutanoate
364,"1""4+1oxygen+1NADPH"
365,12-succinyl-5-enolpyruvyl-6-hydroxy-3-cyclohexene-1-carboxylate
366,1cacodylate+3H+
367,1a long-linear glucan+1phosphate
368,"1H++1""2"
369,1GA19+1oxygen+12-ketoglutarate
370,1NADP++1dTDP-&alpha;-L-rhamnose
371,1lipid A disaccharide+1ATP
372,"2""4"
373,1chenodeoxycholoyl-CoA+1glycine
374,1H++16-oxocampestanol+1oxygen+1NADPH
375,"1""(S)-2"
376,"1""D-myo-inositol (1+1H2O"
377,1D-ribose 5-phosphate+1ATP
378,1GA12+12-ketoglutarate+1oxygen
379,1L-leucine+12-ketoglutarate
380,1isoscopoletin
381,2GMP+2ATP
382,1(R+)-3-(4-hydroxyphenyl)lactate+14-coumaroyl-CoA
383,1H2O+1dCTP
385,1K++1H++1H2O+1ATP
386,1dopamine+1betalamic acid
387,1tryptamine+1secologanin
388,1riboflavin+1CTP
389,1a [protein]-L-cysteine+1L-cysteine
390,1H++14-coumaroyl-4'-hydroxyphenyllactate+1NADPH+1oxygen
391,1fumarate+1a menaquinol
392,1H++1oxygen+1NADPH+1S-N-methylcoclaurine
393,1a CDP-diacylglycerol+1myo-inositol
394,1H++1sulfite
395,4H++42-decaprenyl-6-methoxyphenol+4oxygen
396,1GTP+1H2O
397,1L-tyrosine
398,1succinate semialdehyde+1NADP++1H2O
399,2L-lyxose
400,1GDP-D-glucose+1&alpha;-D-glucose 6-phosphate
401,1D-ribose 5-phosphate+1D-xylulose-5-phosphate
403,1UDP-D-glucose
404,1S-adenosyl-L-methionine+1[histone]-L-arginine
405,1fructose-6-phosphate+1ATP
406,1an N10-formyl-tetrahydrofolate+1ADP+1phosphate
407,12-dehydro-3-deoxy-L-arabinonate
408,1cis-aconitate+1H2O
409,1L-tryptophan
410,2H++26-deoxotyphasterol+2oxygen
411,1L-pantoate+1NADP+
412,1hypoglycin A+1glutathione
413,1glycine+1succinyl-CoA
414,1H++1o-succinylbenzoyl-CoA
415,2H++22-octaprenylphenol+2oxygen
416,"1""(3S"
417,1benzoylsuccinyl-CoA+1coenzyme A
418,1chlorophyllide a+1NADP+
419,1isovaleryl-CoA+1an oxidized unknown electron acceptor
420,1a triacyl-sn-glycerol+1H2O
421,1L-aspartate+1oxygen
422,1sn-glycerol-3-phosphate+1an unknown quinone
423,1glutarate semialdehyde+1NADP++1H2O
424,2an oxidized unknown electron acceptor+2a 3-oxo-5-&alpha;-steroid
425,1dimethylsulfoniopropionate+1tetrahydrofolate
426,1&alpha;-D-mannose 1-phosphate
427,1pre-vitamin D3+1heat
428,1L-carnitine+1palmitoyl CoA
429,1H++1nicotinate+1D-ribulose-1-phosphate
430,1phylloquinone+1H2O+1oxidized dithiothreitol
431,1deacetoxycephalosporin C+12-ketoglutarate+1oxygen
432,"1""6-hydroxymethyl-7+1ATP"
433,"1""2+1oxygen"
434,1geranyl-diphosphate+1isopentenyl diphosphate
435,1glycine+1tetrahydrofolate+1NAD+
436,"1""2+1oxygen+1H2O"
437,12-keto-3-methyl-valerate
438,1L-rhamnulose+1ATP
439,2L-ribulose-5-phosphate
440,1a long-linear glucan+1&alpha;-D-glucose
441,1malate+1coenzyme A+1ATP
442,1131-oxo-magnesium-protoporphyrin IX 13-monomethyl ester+1oxygen+1NADPH+1H+
443,2H2O+2cytosine
445,1L-ornithine
446,1NAD++1H2O+1hypotaurine
447,"1""4+1NADPH+1oxygen"
448,1O-acetyl-L-homoserine+1hydrogen sulfide
449,1linoleoyl-CoA+1H2O
450,4thioacrolein
451,12-methylbutanoate+1CO2
452,1presqualene diphosphate+1NAD(P)H
453,1L-glutamate+1ATP+1NADPH
454,1a diamine+1a diamine+1H2O+1oxygen
455,1cytidine+1GTP
456,"1""4&alpha;-hydroxymethyl-5&alpha;-cholesta-8+1NAD(P)H+1oxygen"
457,2H++2phenylpyruvate
458,1benzaldehyde+1H2O+1NAD+
459,2S-norlaudanosoline+3S-adenosyl-L-methionine
460,3H2O+3NAD+
462,"1""D-myo-inositol (1+1ATP"
463,2GDP+2H2O
464,1tryptamine+1H2O+1oxygen
465,1131-hydroxy-magnesium-protoporphyrin IX 13-monomethyl ester+1NADPH+1H++1oxygen
466,2oxygen+23-hydroxyanthranilate
467,1pyrroline 5-carboxylate+1NAD(P)++1H2O
468,1&alpha;-D-glucose 1-phosphate+1ATP
469,1citraconate+1H2O
470,"1""(1R+1NAD+"
471,1H++1palmitoyl CoA+1malonyl-CoA
472,1a long-chain acyl-CoA+1sn-glycerol-3-phosphate
473,1NADP++1UDP-N-acetylmuramate
474,"1""(2R+1NAD+"
475,1NAD++1testosterone
476,1D-glyceraldehyde-3-phosphate
477,1UDP-D-glucose+1&alpha;-D-galactose 1-phosphate
478,1a limit dextrin with short branches+1H2O
479,1a limit dextrin+1H2O
480,1NAD++1an alcohol
481,"1UDP-D-glucose+1""oleanolate-3-beta-D-glucuronoside-(3"
482,1H2O+1melibiose
483,1H2O+1ATP
484,1oleoyl-CoA+1an reduced unknown electron acceptor+1oxygen
485,2D-sorbitol-6-phosphate+2H2O
486,"1""D-myo-inositol (1+1ATP"
487,2nicotianamine+22-ketoglutarate
488,14-aminoimidazole+1H2O
489,23-hydroxy-3-methyl-glutaryl-CoA
490,1zymosterol
491,1succinyl-CoA+1acetoacetate
492,1L-glutamate+1ATP
493,"1&beta;-D-galactosyl-(1&rarr;3)-[&beta;-D-galactosyl-(1&rarr;4)-N-acetyl-&beta;-D-glucosaminyl-(1&rarr;6)]-N-acetyl-&alpha;-D-galactosaminyl-R+1""&beta;-D-galactosyl-(1+1UDP-galactose"
494,1H2O+1acetyl-CoA
495,"1""2-trans"
496,1H++1methyloxaloacetate
497,1L-3-aminobutyryl-CoA
498,1NADP++1tetrahydrofolate
499,12-keto-3-deoxy-D-glycero-D-galacto-nononate+1CTP
500,1an acyl-CoA+1H2O
501,1butyryl-CoA+1an oxidized unknown electron acceptor
502,"1GDP-L-fucose+1""N4-{N-acetyl-&beta;-D-glucosaminyl-(1"
503,1campest-4-en-3-one+1NADPH
504,1methyl-CoM+1coenzyme B
505,1dTDP-&alpha;-L-rhamnose
506,2H++2L-tyrosine+2oxygen
507,1peptidylproline (&omega; = 180)
509,2UDP-N-acetylmuramoyl-L-alanyl-D-glutamate+2L-lysine+2ATP
510,2muconolactone
511,1umbelliferone+1dimethylallyl-diphosphate
512,"1""2+1H2O"
513,1a glutathione-toxin conjugate
514,1spermine+1oxygen+1H2O
515,1dTDP-4-dehydro-6-deoxy-D-glucose
516,1formononetin-7-O-glucoside-6''-malonate+1H2O
517,"1ATP+1""D-myo-inositol (1"
518,1a long-linear glucan
519,na (3S)-3-hydroxyacyl-CoA
520,12-oxoadipate+1NAD++1coenzyme A
521,"1undecaprenyl N-acetyl-glucosaminyl-N-acetyl-mannosaminuronate pyrophosphate+1""dTDP-4-acetamido-4"
522,1umbelliferone+1H2O
523,2trimethylaminoacetone+3H2O
524,93-sulfinyl-pyruvate+9H2O
525,1ribose-1-phosphate
526,1isopentenyl phosphate+1ATP
527,1GA37+12-ketoglutarate+1oxygen
528,"1""a 1+1H2O"
529,1a sphingosine-containing ceramide+1a ceramide+1CDP-choline
530,2H++26-deoxocathasterone+2oxygen
531,1D-sorbitol+1NAD+
532,1H++1dTDP-4-dehydro-6-deoxy-D-glucose+1NADPH
533,"1ATP+1""(25R)-3&alpha;+1coenzyme A"
534,1an L-1-phosphatidylserine
536,1Cu2++1H2O+1ATP
537,12-ketoglutarate+1L-erythro-4-hydroxy-glutamate
538,1sulfate+1ATP
539,1abscisic aldehyde+1H2O+1oxygen
540,1ubiquinol-10+1an oxidized unknown electron acceptor
541,1Mg-protoporphyrin monomethyl ester+1NADPH+1H2O
542,3oxygen+32-ketoglutarate
543,1streptomycin+1ATP
544,26&alpha;-hydroxy-castasterone
545,2ATP+2D-gluconate
546,1an osmoregulated periplasmic glucan+1an L-1-phosphatidyl-glycerol
547,1isopentenyl diphosphate+1all-trans-geranyl-geranyl diphosphate
548,1phosphoribulosylformimino-AICAR-P+1L-glutamine
549,2deoxyinosine+2phosphate
550,1oxygen+1H2O+1D-aspartate
551,1propionate+1acetyl-CoA
552,1all-trans-geranyl-geranyl diphosphate+1a [protein]-L-cysteine
553,1L-serine
554,"1""a 1+1CDP-choline"
555,1H++1N-methylethanolamine phosphate+1CTP
556,1geranyl-diphosphate+1H2O
557,15-methylthioribose-1-phosphate
558,1GA44+12-ketoglutarate+1oxygen
559,14&alpha;-methyl-cholesta-8-enol+1oxygen+1NAD(P)H
560,1phosphate+1D-xylulose-5-phosphate
561,1H2O+1a monocarboxylic-acid-amide
562,1an acyl-CoA+1a long-chain alcohol
563,1a hydroperoxy fatty acid in a glycerolipid+2glutathione
564,22-ketoglutarate+2L-lysine
565,14-amino-4-deoxychorismate
566,1polyprenyl diphosphate (C80)+1H2O
567,1parathion+1H2O
568,1H2O+1agmatine
569,1a dolichyl phosphate+1UDP-N-acetyl-D-glucosamine
570,"1""5-(methylthio)-2+1H2O"
571,1UDP-D-glucose+12-hydroxy-2-methylbutyronitrile
572,"1UDP-D-glucose+1""oleanolate 3-beta-D-glucuronoside-(3"
573,1acetaldehyde+1NAD++1H2O
574,1H++13-keto-4-methylzymosterol+1NADPH
575,"1""5&beta;-cholestane-3&alpha;+1NADPH+1H++1oxygen"
576,1coenzyme A+1propionate+1ATP
577,1mannosylglycerate+1phosphoenolpyruvate+1mannosylglycerate
578,1toluene+1fumarate
579,"6ATP+3L-serine+3""2"
580,6a 1-phosphatidyl-1D-myo-inositol 3-phosphate+6H2O
581,1H++1L-lysine
582,1a demethylated methyl donor+1S-adenosyl-L-methionine+1a demethylated methyl acceptor
583,1UDP-D-glucose+1a dolichyl phosphate
584,1UDP-N-acetyl-D-mannosamine+2NAD++2H2O
585,3allylcysteine+3oxygen+3H2O
586,"1""a 1-phosphatidyl-1D-myo-inositol 4+1ATP"
587,3NAD(P)++3ammonium hydroxide+3H2O
588,3H2O+3an oxidized unknown electron acceptor+3sarcosine
589,14&beta;-hydroxymethyl-4&alpha;-methyl-5&alpha;-cholest-7-en-3&beta;-ol+1NAD(P)H+1H++1oxygen
590,1NAD++1D-arabitol
591,13-hydroxy-stearoyl-CoA
592,1indole-3-acetonitrile+2H2O
593,1D-glucosamine 6-phosphate+1H2O
594,1O-acetyl-L-serine+1O-acetyl-L-serine+1hydrogen sulfide
595,"1""di-trans+1UDP-N-acetylmuramoyl-L-alanyl-D-glutamyl-L-lysyl-D-alanyl-D-alanine+1undecaprenyl phosphate"
596,1H2O+1&beta;-ketoadipate-enol-lactone
597,1H++1&alpha;-D-glucose 1-phosphate+1dTTP
598,"1""3+1S-adenosyl-L-methionine"
599,1acetoacetate+1acetyl-CoA
600,"1""2+1NADP+"
601,"1""5+1NADP+"
602,1nicotine-&Delta;1'5'-iminium ion+1oxygen+1H2O
604,"1UDP-D-glucose+1""a 1"
605,12-oxopentenoate
606,2UDP-D-glucose+2benzyladenine
607,1protoporphyrinogen IX+1.5oxygen
608,318-hydroxyoleate+3NADP+
609,"1""a nucleoside 3'+1H2O"
610,1mannitol-1-phosphate+1NAD+
611,1phosphoribosyl-AMP+1H2O
612,1(-)-sophorol+1NADP+
613,1GDP-4-dehydro-6-deoxy-D-mannose+1L-glutamate+1H2O
614,1UDP-D-glucose+1cis-zeatin
615,1cis-aconitate
616,1a folylpolyglutamate(n)
617,1arsenite+1H2O+1ATP
618,1H++1L-arginine
619,1L-glutamate+1N-acetyl-L-ornithine
620,1S-adenosyl-L-homocysteine+1H2O
621,1H++1&Delta;1-piperideine-2-carboxylate+1H2O
622,1palmitoyl CoA+1H2O
623,1nicotinamide mononucleotide+1H2O
624,12-aminoadipate+1L-cysteine+1L-valine+3ATP+3H2O
625,3D-4'-phosphopantothenate+3L-cysteine+3CTP
626,1oxygen+1L-arginine
627,"1""(25R)-3&alpha;+1NAD++1H2O"
628,2H2O+2deoxyadenosine
629,1histidinol+1NAD+
630,1a [procollagen]-L-lysine+1oxygen+12-ketoglutarate
631,1fructose-6-phosphate+1diphosphate
632,1L-histidine
633,1GA14+1oxygen+1NADPH
634,13-methoxytyramine+1betalamic acid
635,2L-4-hydroxy-proline+2oxygen
636,2glutaconyl-CoA
637,1oxygen+12-ketoglutarate+1penicillin N
638,1(R)-benzylsuccinyl-CoA+1an oxidized unknown electron acceptor
639,"1H++1""3"
640,13-keto-4-methylzymosterol+1an reduced unknown electron acceptor
641,1(6&alpha;)-hydroxycampestanol
642,22-ketoglutarate+2L-tryptophan
643,2H++2tellimagrandin II+2oxygen
644,3H2O+3ATP
645,1N4-(&beta;-N-acetyl-D-glucosaminyl)-L-asparagine+1H2O
646,"1H++1""(S)-2+1H2O"
647,1(deoxynucleotides)(m)+1ATP+1a 2'-deoxyribonucleotide
648,1an (N-acetylglucosaminyl)2-diphosphodolichol+1GDP-D-mannose
649,1UDP-N-acetyl-D-glucosamine+1phosphoenolpyruvate
650,1GDP-D-mannose
651,1dephospho-CoA+1ATP
652,1dimethylglycine+1H2O+1an oxidized unknown electron acceptor
653,12-ketoglutarate+1CO2+1NAD(P)H
654,1a sphinganine+1a long-chain acyl-CoA
655,"1""a 1+1H2O"
656,1H2O+1kynurenine
657,1phenylglyoxylate+1coenzyme A
658,"2H++2p-aminobenzoate+2""(2-amino-4-hydroxy-7"
659,"1""2-hydroxy-3-carboxy-4"
660,2tetrahydrodipicolinate+2NAD(P)+
661,1cyclohexane-1-carboxylate+1cyclohexane-1-carboxylate+1coenzyme A+1ATP+1H2O
662,2H++2(5&alpha;)-campestan-3-one
663,1diphosphate+1H2O
664,2crotonyl-CoA+2CO2+2NADPH
665,2betanidin+2H2O2
666,2UDP-D-glucose+2cis-zeatin
667,12-ketoglutarate+1acetyl-CoA
668,1H2O+1guanine
669,1phosphoenolpyruvate+1D-erythrose-4-phosphate+1H2O
670,1&alpha;-D-galactose 1-phosphate+1UTP
671,1H2O+1an acyl phosphate
672,1oxygen+1ecdysone
673,1a plant ceramide (I)+1an O-glucosylsterol
674,1a 1-acyl-glycerone 3-phosphate+1a long-chain alcohol
675,"1""2-O-digalloyl-1+11-O-galloyl-&beta;-D-glucose"
676,11-(3-aminopropyl)-pyrrolinium
677,"1""2-nonaprenyl-6-methoxy-1+1S-adenosyl-L-methionine"
678,"1""D-ribulose-1+1oxygen"
679,2glycogen
680,"1H++1""4+1NADPH"
681,1an L-cysteine-S-conjugate+1H2O
682,1ubiquinol-8+1an oxidized unknown electron acceptor
683,"1H++1""2-decaprenyl-3-methyl-6-methoxy-1+1oxygen"
684,1L-isoleucine+12-ketoglutarate
685,1(22&alpha;)-hydroxy-campest-4-en-3-one+1NADPH
686,1a 2(R)-hydroperoxy fatty acid
687,"1H2O+1""UDP-2"
688,2catechol+2oxygen
689,"1""(1R"
690,"1""7"
691,1GA12+1oxygen+1NADPH
692,1K+
693,1H2O+1creatinine
694,"1""di-trans+1isopentenyl diphosphate"
695,1sn-glycerol-1-phosphate+1all-trans-geranyl-geranyl diphosphate
696,1a trans-2-enoyl-CoA+1NADPH
697,1anthranilate+1oxygen+1NAD(P)H+1H+
698,1D-glycerate+1NADP+
699,1UDP-3-O-(3-hydroxymyristoyl)-N-acetylglucosamine+1H2O
700,1H++14-coumaroyl-4'-hydroxyphenyllactate+1NADPH+1oxygen
701,1L-arginine+1ATP
702,1H++14&alpha;-methyl-5&alpha;-cholesta-8-en-3-one+1NADPH
703,1dopamine+1H2O+1oxygen
704,1N-acetyl-L-glutamate+1ATP
705,1ATP+1H2O+1Ca2+
706,14-aminobutanal+1NAD++1H2O
707,2dihydroneopterin phosphate+2H2O
708,1NADP++1L-gulonate
709,1oxygen+1H2O+1an aliphatic amine
710,12-keto-isovalerate+1acetyl-CoA+1H2O
711,1S-sulfanylglutathione+1oxygen+1H2O
712,2H2O2+2glutathione
713,2alliin
714,1thiamine-phosphate+1H2O
715,1coenzyme A+1acetate+1ATP
716,1coenzyme M+1methanol+1coenzyme M
717,1aminocarboxymuconate semialdehyde
718,"1""(25R)-3&alpha;+1ATP+1coenzyme A"
719,1H++13-octaprenyl-4-hydroxybenzoate
720,1streptidine 6-phosphate+1dTDP-L-dihydrostreptose
721,"1""2+1H2O+1NAD(P)+"
722,2L-ribulose+2ATP
723,"2""7"
724,1a 2-monoglyceride
725,1all-trans-hexaprenyl diphosphate+14-hydroxybenzoate
726,1a dihydroceramide
727,1&beta;-D-glucuronosyl-(1->4)-N-acetyl-&alpha;-D-glucosaminylproteoglycan+1UDP-N-acetyl-D-glucosamine
729,1N-acetyl-glucosamine-1-phosphate+1UTP
730,1a phosphatidyl-N-methylethanolamine+1S-adenosyl-L-methionine
731,1ammonia+1ATP
732,2acetyl-CoA
733,1NAD++1octanol
734,1a phosphatidylcholine+1H2O
735,110-oxogeraniol+1NADP+
736,1glucosyl-heptosyl2-KDO2-lipid A+1ATP
737,2GA14+2oxygen+22-ketoglutarate
738,1L-tyrosine-methyl-ester+1phosphoadenosine-5'-phosphosulfate
739,1H2O
740,1a mannosyl-inositol-phospho-&alpha; hydroxyphytoceramide+1H++1inositol phosphate
741,1phosphoadenosine-5'-phosphosulfate
742,1glucosyl-heptosyl2-KDO2-lipid A-phosphate+1ADP-L-glycero-D-manno-heptose
744,1&alpha;-iminosuccinate+1dihydroxy-acetone phosphate
745,"2""di-trans+2isopentenyl diphosphate"
746,1nicotine+1UDP-D-glucuronate
747,1D-mannonate
748,1H++1enolaldehyde
749,1a 2-acyl 1-lyso-phosphatidylcholine+1H2O
750,1allicin
751,"1""4+1NADPH+1H+"
752,1D-erythrose-4-phosphate+1D-xylulose-5-phosphate
753,1NADP++1mannitol-1-phosphate
754,1diphosphate+1orotidine-5'-phosphate
755,"1H++1""N"
757,1L-aspartate
758,1pyruvate+1L-valine
759,1UDP-D-glucose+1trans-zeatin-O-glucoside
760,1octanoyl-CoA+1octanoyl-CoA+1L-carnitine
761,1cystathionine+1H2O
762,1N-methylputrescine+1H2O+1oxygen
763,"1""a D+1oxygen+1NAD(P)H+1H+"
764,1cystathionine+1H2O
765,1NADP++1a (3R)-3-hydroxyacyl-CoA
766,1H2O+1NAD++1L-lactaldehyde
767,1AMP+1H2O
768,1&beta;-D-ribofuranose
769,1uridine+1ATP
770,14-hydroxybenzaldehyde+1NAD++1H2O
771,2galactopinitol A+2galactinol
772,1a monoamine+1H2O+1oxygen
773,1L-valine+12-ketoglutarate
774,1UDP-D-glucose+1a plant ceramide (I)
775,1(4-hydroxyphenyl)acetaldehyde+1NADH
776,16-phospho-D-gluconate+1NAD(P)+
777,15'-phosphoribosyl-4-(N-succinocarboxamide)-5-aminoimidazole
779,1GA24+1oxygen+12-ketoglutarate
780,2monodehydroascorbate+2NADPH
781,"2""4&alpha;-carboxy-5&alpha;-cholesta-8+2NAD(P)+"
782,1adenylo-succinate
783,1H++1methylglyoxal+1NADPH
784,"1H2O+1""N-succinyl-L"
785,1sphingosine-1-phosphate+1H2O
786,1L-phenylalanine+1oxygen+1H2O
787,1D-ribulose+1ATP
788,2a non-glucuronosylated glucuronoside acceptor+2an oxidized unknown electron acceptor+2UDP-D-glucuronate
789,1urate+2H2O+2oxygen
790,1itaconate+1GTP+1coenzyme A
791,"1a UDP-N-acetylmuramoyl-pentapeptide+1""di-trans"
792,1an acyl-CoA+1an oxidized unknown electron acceptor
793,1inosine-5'-phosphate+1H2O
794,1&delta;-tocopherol+1S-adenosyl-L-methionine
795,1(Z)-2-methylbutanal oxime+1NADP++1H2O
796,2an L-1-phosphatidyl-glycerol
797,1D-arabinose 5-phosphate+1H2O+1phosphoenolpyruvate
798,"1UDP-D-glucose+1""oleanolate 3-beta-D-glucuronoside-(3"
799,"1H++1""2-nonaprenyl-3-methyl-6-methoxy-1+1oxygen"
800,1H++1(2S)-2-isopropyl-3-oxosuccinate
801,"12-ketoglutarate+1""N-succinyl-L"
802,1N-dimethylethanolamine phosphate+1S-adenosyl-L-methionine
803,1maltotriose+1H2O
804,16-phospho-D-gluconate
805,1H++1&beta;-amyrin+1NADPH+1oxygen
806,1cytidine+1ATP
807,2mesaconyl-CoA+2H2O
808,1phosphoryl-ethanolamine+1CTP
809,1O-phospho-L-homoserine+1H2O
810,1riboflavin+1ATP
811,13-oxoadipate+1succinyl-CoA
812,1L-threonine
813,1ATP+1dGMP
814,1acetoacetyl-CoA+1NADPH
815,1NADP++1coniferyl alcohol
816,1oleanolate+1UDP-D-glucuronate
817,1D-glycerate+1NAD+
818,1lathosterol
819,13-cis-dodecenoyl-CoA
820,1cis-zeatin riboside monophosphate+1H2O
821,1isovaleryl-CoA+1FAD
822,1linamarin+1H2O
823,1homoserine+1ATP
824,2L-lactaldehyde+2NADP+
825,"1""Z"
826,"1""5+12-keto-isovalerate+1H2O"
827,14-coumaroyl-CoA+1shikimate
828,1H2O+15-aminopentanamide
829,1(S)-mandelate+1an oxidized unknown electron acceptor
830,1(S)-5-amino-3-oxohexanoate+1acetyl-CoA
831,1H2O+1N-acetyl-D-galactosamine-6-phosphate
832,"1""2-octaprenyl-6-methoxy-1+1S-adenosyl-L-methionine"
833,1allantoate+1H2O
834,1N-acetylneuraminate+1CTP
835,1an aryl dialkyl phosphate+1H2O
836,"1""(25R)-3&alpha;"
837,1leukotriene-A4+1H2O
838,1H2O+1ATP
839,1D-ribose 5-phosphate
840,1phosphate+1acetyl-CoA
841,1NAD++1myo-inositol
842,1protoporphyrinogen IX+1an oxidized unknown electron acceptor
843,1pyrroline 5-carboxylate+1NAD++2H2O
844,1H2O+1NAD++1glutarate semialdehyde
845,2&beta;-D-glucose-6-phosphate+2NADP+
846,1&alpha;-D-glucose 1-phosphate+1GTP
847,1trehalose 6-phosphate+1H2O
848,1aminocarboxymuconate semialdehyde+1H+
849,1oxygen+1protocatechuate
850,2ribitol+2NAD+
851,1N-acetyl-&alpha;-D-glucosaminyl-(1->4)-&beta;-D-glucuronosylproteoglycan+1UDP-D-glucuronate
852,1(R)-3-methylitaconate
853,1oxygen+1homogentisate
854,2H++25-phosphoribosyl 1-pyrophosphate+2quinolinate
855,1H++14-imidazolone-5-propionate
856,12-carboxymethyl-3-hydroxyphenylpropionyl-CoA+1an oxidized unknown electron acceptor
857,"1H++1""2-oxo-3-carboxy-4"
858,1NADP++1an alcohol
859,"1""3-hexaprenyl-4+1S-adenosyl-L-methionine"
860,1adenosine 5'-phosphosulfate+1ATP
861,1cholesterol+1NADP+
862,1L-fuculose-1-phosphate
863,1ATP+1S-methyl-5-thio-D-ribose
864,2inosine+2H2O
865,1UDP-D-glucose+1dihydrozeatin
866,12-furaldehyde+1a standard &alpha; amino acid
867,1a 5-formiminotetrahydrofolate+1glycine
868,"1""(E+13isopentenyl diphosphate"
869,135-exo-hydroxycamphor+13NAD+
870,"1""D-myo-inositol (1+1ATP"
871,"1""2-heptaprenyl-6-methoxy-1+1S-adenosyl-L-methionine"
873,1(E)-2-methylbutanal oxime
874,1guanosine+1phosphate
875,1ethylmalonyl-CoA
876,"1H2O+1""&beta;-D-fructose 2"
877,1cholesterol+1NADPH+1H++1oxygen
878,1diprenylphlorisobutyrophenone+1dimethylallyl-diphosphate+1geranyl-diphosphate
879,21-deoxy-1-imino-D-erythrose 4-phosphate+2phosphoenolpyruvate+2H2O
880,"1""adenosine 3'+1H2O+1""adenosine-3'"
881,1a diglyceride+1H2O
882,1L-tryptophan+1pyruvate
883,1paraoxon+1H2O
884,12'-hydroxygenistein+1dimethylallyl-diphosphate
885,1a folylpolyglutamate(n)+1L-glutamate+1ATP
886,14-[N-&gamma;-L-glutamyl-)-p-(&beta;-aminoethyl)phenoxy-methyl]-2-(aminomethyl)furan+1L-glutamate
887,1NAD++1L-iditol
888,1L-fuculose+1ATP
889,25-deoxy-5-amino-3-dehydroshikimate
890,1amino-parathion+1H2O
891,1phosphate+1deoxyuridine
892,"1""3-hydroxy-N6"
893,1malate
894,"1""5-amino-6-ribitylamino-2+1NADP+"
895,1H++1L-serine
897,1H2O+1deoxycytidine
898,1L-arabinose+1NADPH
899,"1""7+1H2O"
900,2H2O+2tetrahydrodipicolinate+2succinyl-CoA
901,1a disulfide+1hydrogen sulfide
902,1L-glutamate+1acetyl-CoA
903,"1""di-trans+1isopentenyl diphosphate"
904,"1""D-ribulose-1+1CO2+1H2O"
905,2glutaryl-CoA
906,2D-isocitrate+2NADP+
907,1sn-glycerol-3-phosphate+1NAD+
908,1a galactosylated galactose acceptor
909,"1""D-myo-inositol (1+1ATP"
910,3S-adenosyl-L-methionine
911,3shikimate+3ATP
912,2serotonin+2(E)-cinnamoyl-CoA
913,1&alpha;-D-glucose 1-phosphate+1ATP
914,1campestanol+1oxygen+1an reduced unknown electron acceptor
915,13-sulfinoalanine+12-ketoglutarate
916,2H++24-oxo-4-(3-pyridyl)-butanoate
917,1H++13-heptaprenyl-4-hydroxy-5-methoxybenzoate
918,1glutamate-1-semialdehyde
919,1dADP+1ATP
920,1FMNH2+1oxygen
921,2ATP+2acetate
922,1arachidoyl-CoA+1H2O
923,1(R)-2-benzylsuccinate+1succinyl-CoA
924,1H2O+1cytidine
925,1lactose+1an oxidized unknown electron acceptor
926,1teasterone
927,2isoscopoletin+2a methylated methyl donor
928,1an acyl-CoA+1glycine
929,1UDP-D-glucose+1galactosyl-glucosyl2-heptosyl3-KDO2-lipid A-bisphosphate
930,1genistein+1dimethylallyl-diphosphate
931,1a benzenediol+4catechol+4oxygen
932,2H++23-decaprenyl-4-hydroxybenzoate+2oxygen
933,1H++1homogentisate+1phytyl diphosphate
934,13-demethylubiquinol-10+1S-adenosyl-L-methionine
935,1K++1Na++1H2O+1ATP
936,4H++2L-ascorbate+2H2O2
937,"2""a 2+2a long-chain acyl-CoA+2H2O"
938,1p-(&beta;-aminoethyl)phenoxy-methyl-2-(aminomethyl)furan+1L-glutamate
939,1H++1L-canaline+1NADPH
940,12-ketoisocaproate+1coenzyme A+1NAD+
941,1H2O+1acetylcholine
942,1umbelliferone+1a methylated methyl donor
943,1an oxidized unknown electron acceptor+1D-gluconate
944,1a 5-formiminotetrahydrofolate+1L-glutamate
945,"1""1+1pyrogallol"
946,1D-fructose+1ATP
947,1geranylfarnesyl diphosphate+1isopentenyl diphosphate
948,1L-histidine
949,1NADH+1ATP
950,2pyruvate+2taurine
951,"1""4+1NAD(P)H+1oxygen"
952,"1""6+1H2O"
953,4loganate+4S-adenosyl-L-methionine
954,1nicotinate riboside+1ATP
955,2H2O+2ATP
956,1carbamate+1H+
957,1[heparan sulfate]-&alpha;-D-N-sulfoglucosamine+1[heparan]-&alpha;-D-glucosamine+1phosphoadenosine-5'-phosphosulfate
958,1starch
959,1H++11-(o-carboxyphenylamino)-1'-deoxyribulose-5'-phosphate
960,1butyrate+1ATP
961,1ent-copalyl diphosphate
962,1herniarin
963,1L-dopa+12-ketoglutarate
964,15'-hydroxycotinine
965,1lanosterol+3oxygen+3NADPH+2H+
966,4acrylyl-CoA+4NADPH+4H+
967,1UDP-N-acetylmuramoyl-L-alanyl-D-glutamyl-L-lysine+1ATP
968,2acetyl-CoA+nmalonyl-CoA+2nNADH+2nNADPH+4nH+
969,2n3-oxopimelyl-CoA+2ncoenzyme A
970,1Mg-protoporphyrin monomethyl ester+1oxygen+1NADPH+1H+
971,2H++26-hydroxynicotinate+2NADH+2oxygen
972,"1""1-chloro-2+1glutathione"
973,1&alpha;-D-glucose 1-phosphate
974,1H++1GA4+1oxygen+1NADPH
975,1vinylacetyl-CoA
976,1a core protein L-serine
977,1hydroxymethylbilane
978,1H2O+14-guanidinobutyrate
979,1H2O+1GTP
980,1oxygen+1H2O+1pyridoxamine 5'-phosphate
981,13-hydroxypropionate+1ATP+1coenzyme A+1NADPH
982,1palmitoyl CoA
983,1a cis-2-enoyl-CoA+1H2O
984,1nicotinamide+1H2O
985,"1H++1""2-octaprenyl-3-methyl-6-methoxy-1+1oxygen"
986,1deoxyribose 1-phosphate+1adenine
987,"1H++2""6"
988,1glyceraldehyde+1NAD++1H2O
989,13-hydroxy-5-oxohexanoate+1acetyl-CoA
990,1benzoate+1NADH+1H++1oxygen
991,1ATP+13-methylcrotonyl-CoA+1HCO3-
994,1oxygen+1L-lysine
995,"1""2-cis+1isopentenyl diphosphate"
996,1D-altronate
997,1cyclic-GMP+1H2O
998,1a fatty acid+1coenzyme A+1ATP
999,1L-cysteine+1O-succinyl-L-homoserine
1000,1O-acetyl-L-homoserine+1L-cysteine
1001,1H2O+1a nucleoside triphosphate
1002,1oxygen+4R'C(R)SH
1003,2H++22-hydroxy-5-methylquinone+2NADH
1005,1tryptamine+1H2O+1oxygen
1006,1naringenin chalcone+1dimethylallyl-diphosphate
1007,1H2O+1a 1-alkyl-2-acetyl-sn-glycero-3-phosphocholine
1008,1glutaryl-CoA+1an oxidized unknown electron acceptor
1009,1anandamide+1H2O
1010,"1""D-myo-inositol (1+1ATP"
1011,2H++24-methyl-5-(&beta;-hydroxyethyl)thiazole phosphate+24-amino-5-hydroxymethyl-2-methylpyrimidine-pyrophosphate
1012,1arsenite+1S-adenosyl-L-methionine
1013,2Fe2++2protoporphyrin IX
1014,2a phosphate monoester+2H2O
1015,12-keto-L-gluconate+1ATP
1016,2choline+2an oxidized unknown electron acceptor
1017,1a polypeptide
1018,1H2O+1a triacyl-sn-glycerol
1019,1trans-5-O-caffeoyl-D-quinate+1coenzyme A
1020,1an oxidized unknown electron acceptor+1glycolate
1021,1xanthine+1NAD++1H2O
1022,1a (3R)-3-hydroxyacyl-CoA
1023,1an N-acetylglucosaminyl-diphosphodolichol+1UDP-N-acetyl-D-glucosamine
1024,1ATP+1pyruvate
1025,1H2O+1L-arginine
1026,16-hydroxycyclohex-1-ene-1-carboxyl-CoA+1NAD+
1027,1&alpha;-D-glucose 1-phosphate
1028,1an L-1-phosphatidyl-inositol+1ATP
1029,11-(3-aminopropyl)-4-aminobutanal
1030,1isopentenyl diphosphate
1031,1L-alanine+1UDP-N-acetylmuramate+1ATP
1032,"2GDP-L-fucose+2""N4-{N-acetyl-&beta;-D-glucosaminyl-(1"
1033,1NAD(P)++1H2O+1an aldehyde
1034,1L-dopachrome
1035,1ammonia+1H2O+1CO2+2ATP
1036,2pyruvate+2L-aspartate-semialdehyde
1037,2trans-caffeate+2a methylated methyl donor
1038,1GA53+1oxygen+12-ketoglutarate
1039,1L-ornithine+1carbamoyl-phosphate
1040,1NADP++1xylitol
1041,2H++2indole-3-glycerol-phosphate
1042,1L-tyrosine+12-ketoglutarate
1043,"1NAD++1""2"
1044,1L-alanine
1045,1dimethylsulfonio-2-hydroxybutyrate+1H2O
1046,"4""2-methyl-6-phytyl-1"
1047,1H++1feruloyl-CoA+1NADPH
1048,2H2O2
1049,2esculetin+2a methylated methyl donor
1050,"1""(25R)-3&alpha;"
1051,1(KDO)-lipid IVA+1CMP-3-deoxy-D-manno-octulosonate
1052,1NADP++1H2O
1053,1L-valine+1oxygen+1NADPH
1054,1UDP+1ATP
1055,1octanol+1an oxidized unknown electron acceptor
1056,1oxygen+1L-tryptophan
1057,1a 1-phosphatidyl-1D-myo-inositol 4-phosphate+1ATP
1058,14-coumarate
1059,1D-glyceraldehyde-3-phosphate+1NADP++1H2O
1060,2131-oxo-magnesium-protoporphyrin IX 13-monomethyl ester+2NADPH
1061,3pyruvate+32-oxobutanoate
1062,"1oxygen+1NAD(P)H+1""4"
1063,1ubiquinol-6+1an oxidized unknown electron acceptor
1064,13-S-methylthiopropionate+1tetrahydrofolate
1065,1H++1trans-5-O-(4-coumaroyl)-D-quinate+1oxygen+1NADPH
1066,1tyramine+1sinapoyl-CoA
1067,1vitamin D3+1NADPH+1H++1oxygen
1068,12-phospho-4-(cytidine 5'-diphospho)-2-C-methyl-D-erythritol
1069,"1""2+1H2O"
1070,"1""a 1"
1071,1nicotinate+1H2O+1NADP+
1072,1H++1N-hydroxyisoleucine+1NADPH+1oxygen
1073,1glucono-&delta;-lactone+1H2O
1074,1phosphate+1butyryl-CoA
1075,1N'-hydroxymethyl-norcotinine+1NADPH+1oxygen
1076,1dTDP-D-glucose
1077,1oxygen
1079,"1""&alpha;-D-mannosyl-1+1UDP-N-acetyl-D-glucosamine"
1080,1H2O+1NAD++1glycolaldehyde
1081,25-hydroxy-L-tryptophan
1082,1geranyl-diphosphate+1H2O
1083,1caffeoylshikimate
1084,"1""1+1oxygen"
1085,1a cis-3-enoyl-CoA
1086,1H2O+1lactose
1087,1glycolate+1NADP+
1088,1(R)-2-hydroxyglutarate+1acetyl-CoA
1089,1succinyl-CoA+1itaconate
1090,1&beta;-methyl-D-malate+1NAD+
1091,1ATP+14-carboxyaminoimidazole ribonucleotide+1L-aspartate
1092,1D-isocitrate
1093,110-oxogeranial
1094,1cystathionine+1H2O
1095,2H++2isochorismate+22-ketoglutarate
1096,1NAD(P)++1GDP-D-rhamnose
1097,1acrylonitrile+2H2O
1098,1all-trans-undecaprenyl diphosphate+1isopentenyl diphosphate
1099,1ATP
1100,1oxygen+1dihydroorotate
1101,12'-hydroxynicotine
1102,12-O-(6-phospho-&alpha;-mannosyl)-D-glycerate+1H2O
1103,14'-phosphopantetheine+1ATP
1104,"1""3-O-digalloyl-1+11-O-galloyl-&beta;-D-glucose"
1105,1D-lysine
1106,1a 3&beta;-hydroxy-&delta;5-steroid+1NAD+
1107,1NAD++1D-altronate
1109,1NAD++1D-mannonate
1110,17&alpha;-hydroxycholest-4-en-3-one+1NADPH+1H++1oxygen
1111,1H2O+1NADP+
1112,1UDP-D-glucose+1&alpha;-D-glucose 6-phosphate
1113,15-deoxy-5-amino-3-dehydroquinate
1114,3H++3all-trans-nonaprenyl diphosphate+3homogentisate
1115,1putrescine+1acetyl-CoA
1116,"2""1-O"
1117,1N-acetyl-D-mannosamine-6-phosphate
1118,1L-asparagine+1H2O
1119,1oleoyl-CoA+1H2O
1120,1NAD++1coenzyme A+1acetaldehyde
1121,1glucosyl-heptosyl3-KDO2-lipid A-bisphosphate+1UDP-galactose
1122,14-(cytidine 5'-diphospho)-2-C-methyl-D-erythritol+1ATP
1123,2phosphate+2thymidine
1124,1E-pyridine-3-aldoxime
1125,1ATP+1UTP+1L-glutamine+1H2O
1126,"1""(3S+12-ketoglutarate+1oxygen"
1127,1marmesin+1NADPH+1H++1oxygen
1128,2H++24-hydroxyphenylpyruvate+2oxygen
1129,1ATP+1hydroxymethylpyrimidine
1130,22-ketoisocaproate
1131,1dihydrophloroglucinol+1NADP+
1132,1L-histidinol-phosphate+1H2O
1133,1an oxidized unknown electron acceptor+1&beta;-D-glucose
1134,2glutathione+2methylarsonate
1135,1adenosine+1phosphate
1136,3H++34-coumarate+3NADPH+3oxygen
1137,1pyruvate+1L-lysine
1138,1UDP-D-glucose+1isopentenyladenine
1139,14-hydroxyaniline+3H2O
1140,7S-methyl-5'-thioadenosine+7phosphate
1141,1H2O+1a phosphate monoester
1142,1oxygen+1an reduced unknown electron acceptor+1ecdysone
1143,1L-homocysteine+1glycine betaine
1144,1dTDP-4-dehydro-6-deoxy-D-glucose+1L-glutamate
1145,1ATP+1fructose-6-phosphate
1146,1an &omega;-oxo fatty acid+1H2O+1NAD+
1147,1an acylcholine+1H2O
1148,"1""3-decaprenyl-4+1S-adenosyl-L-methionine"
1149,1an N-acetyl-D-hexosaminide
1150,1a 1-monoglyceride+1H2O
1151,12-ketoglutarate+1glycine
1152,13-hydroxybutyryl-CoA+1polyhydroxybutyrate
1153,1ATP+1o-succinylbenzoate+1coenzyme A
1154,13-demethylubiquinol-7+1S-adenosyl-L-methionine
1155,1indole-3-glycol aldehyde+1H2O+1an oxidized acceptor
1156,1an alkane
1157,1formate+1NAD+
1158,12-ketoglutarate+1kynurenine
1159,"1H2O+1""D-sedoheptulose-1"
1160,"1""fructose-1"
1161,12-keto-isovalerate+1coenzyme A+1NAD+
1162,1(S)-4-hydroxymandelate
1163,1UDP-D-glucose+1betanidin
1164,1guanosine+1H2O
1165,"3H++3""(24R+3NAD+"
1166,1alginate+1GDP-mannuronate
1167,1an oxidized unknown electron acceptor+1sn-glycerol-3-phosphate
1168,"1""N+1S-adenosyl-L-methionine"
1169,3H++3oxalosuccinate+3ADP+3phosphate
1170,1H++1oxygen+1NADPH+1loganin
1171,2tryptamine
1172,1L-dehydro-ascorbate+2glutathione
1173,1H2O+1NAD++1saccharopine
1174,1campest-4-en-3&beta;-ol
1175,1oxygen+1L-ascorbate+1a [protein]-glycine
1176,15-aminopentanoate+12-ketoglutarate
1177,"1""(2S+1ATP"
1178,2acetyl-CoA+2a 2-arylethylamine
1179,1L-proline+1FAD
1180,14-guanidinobutyramide+1H2O
1181,1UDP-D-glucose+1D-fructose
1182,1D-pinitol+1galactinol
1183,1D-ononitol+1galactinol
1184,1anthranilate+1coenzyme A+1ATP
1185,1H++1desmosterol+1NADPH
1186,14-oxo-4-(3-pyridyl)-butanamide
1187,"1a [protein]-L-cysteine+1""(E"
1188,1diethylthiophosphate+1H2O
1189,"1""(25S)-3&alpha;+1an oxidized unknown electron acceptor"
1190,1L-quinate+1pyrroloquinoline quinone
1191,1L-dopa+1L-tyrosine+1oxygen
1192,1D-fructose+1ATP
1193,15-phospho-ribosyl-glycineamide+1formate+1ATP
1194,2H++24-amino-5-imidazole carboxylate
1195,12-aminomuconate semialdehyde
1196,1dCMP+1H2O
1197,1tryptamine+1oxygen+1NADPH
1198,1nornicotine+1H2O
1199,5H2O+54-fumaryl-acetoacetate
1200,12-aminoadipate-6-semialdehyde+1H2O+1NAD+
1201,2imidazole acetol-phosphate+2L-glutamate
1202,1succinate+1an oxidized unknown electron acceptor
1204,"1""2-oxohexa-4"
1205,1NAD(P)++1sn-glycerol-1-phosphate
1206,12-aceto-2-hydroxy-butyrate+1NADPH
1207,1S-hydroxymethylglutathione
1208,1beta-methylenecyclopropyl pyruvate+1L-alanine
1209,1all-trans-octaprenyl diphosphate+1isopentenyl diphosphate
1210,1H2O+12-hydroxymuconate semialdehyde
1211,1oxygen+1methanol
1212,1homoserine
1213,1indole acetaldehyde+1NAD(P)++1H2O
1214,2H++2nonaprenyl-4-hydroxybenzoate+2oxygen
1215,1dalbergioidin+1dimethylallyl-diphosphate
1216,1benzoyl-CoA+1an reduced unknown electron acceptor+2ATP+2H2O
1217,2ATP+2nicotinate nucleotide
1218,"1""4&alpha;-carboxy-4&beta;-methyl-5&alpha;-cholesta-8+1NAD(P)+"
1219,1ATP+1a [protein]-L-tyrosine
1220,14-trimethylammoniobutanal+1NAD++1H2O
1221,2acetoacetate+2butyryl-CoA
1222,17-dehydro-cholesterol+1UV light
1223,1tiglyl-CoA+1H2O
1224,1ethiin+1H2O
1225,1UDP-D-glucose+1trans-zeatin
1226,1D-ribulose-1-phosphate
1227,1GA44+12-ketoglutarate+1oxygen
1228,1NAD++1L-carnitine
1229,1GA14-aldehyde+1NADPH+1oxygen
1230,1geranyl-diphosphate+1isopentenyl diphosphate
1231,4Fe2++4H++4oxygen
1232,2N-acetylmuramoyl-L-alanyl-D-glutamyl-L-lysyl- D-alanyl-D-alanine-diphosphoundecaprenol+2UDP-N-acetyl-D-glucosamine
1233,2H++2indole-3-acetate+2oxygen
1234,1K+
1235,14-hydroxy-2-oxo-valerate
1236,13-hydroxypropionate+1ATP+1coenzyme A
1237,1&alpha;-D-glucose 6-phosphate+1ADP-D-glucose
1238,1NAD++14-hydroxybutyrate
1239,13-hydroxybutyryl-CoA
1241,"1CDP-N-dimethylethanolamine+1""a 1"
1242,1D-4-hydroxy-2-keto-glutarate
1243,1prephenate+1NAD+
1244,1indole+1L-serine
1245,"1H2O+1oxygen+1""2"
1246,22-methylacetoacetyl-CoA+2coenzyme A
1247,1scopoletin
1248,2N-acetylputrescine+2H2O+2oxygen
1249,1norcotinine
1250,1oxygen+1H2O+1a [protein]-L-lysine
1251,1trans-3'-hydroxycotinine+1UDP-D-glucuronate
1252,1GA12+1oxygen+12-ketoglutarate
1253,1S-methyl-L-methionine+1L-homocysteine
1254,2H++2GA12-aldehyde+2oxygen+2NADPH
1255,1(R)-citramalate+1succinyl-CoA
1256,15-phospho-&beta;-D-ribosyl-amine+1ATP+1glycine
1257,13-sulfinoalanine
1258,1choloyl-CoA+1glycine
1259,1GA20+12-ketoglutarate+1oxygen
1260,1D-erythrose-4-phosphate+1NAD++1H2O
1261,2L-carnitine+2acetyl-CoA
1262,1CDP+1ATP
1263,1L-galactose-1-phosphate+1H2O
1264,"1""5-hydroxy-2-oxo-4-ureido-2"
1265,1D-arabinose 5-phosphate
1266,1GA9+1oxygen+1an reduced unknown electron acceptor
1267,2H2O+2isochorismate
1268,1D-alanine+12-ketoglutarate
1270,1H++1campesterol+1oxygen+1NADPH
1271,1H++1gallate
1272,1taurine+12-ketoglutarate
1273,14-oxo-4-(3-pyridyl)-N-methylbutanamide
1274,1desmethylxanthohumol+1S-adenosyl-L-methionine
1275,1oleamide+1H2O
1276,1sn-3-O-(geranylgeranyl)glyceryl 1-phosphate+1all-trans-geranyl-geranyl diphosphate
1277,1L-glutamate &gamma;-semialdehyde
1278,1phosphoadenosine-5'-phosphosulfate
1279,1histidinal+1NAD++1H2O
1280,210-hydroxygeraniol+2NADP+
1281,1a quinone+2H+
1282,1L-lysine+1NAD++1H2O
1283,2GA36+2oxygen+22-ketoglutarate
1284,2UDP-D-glucose+2oleanolate 3 beta-D-glucuronoside
1285,1a sphinganine+1NADP+
1286,13&beta;-hydroxy-4&beta;-methyl-5&alpha;-cholest-7-ene-4&alpha;-carbaldehyde+1NAD(P)H+1H++1oxygen
1287,1indole-3-acetonitrile+1H2O
1288,1H++13-octaprenyl-4-hydroxy-5-methoxybenzoate
1289,1H2O+12-keto-6-acetamidocaproate+1NAD+
1290,1L-pipecolate
1292,1H2O+4porphobilinogen
1293,4ent-kaur-16-en-19-al+4NADPH+4oxygen
1294,1adenosine+1ATP
1295,1L-lysine+1acetyl-CoA
1296,1an reduced unknown electron acceptor+1H2O2
1297,2UDP-D-glucose+2dihydrozeatin-9-N-glucoside
1298,1propionyl-CoA+1phosphate
1299,1a (mannosyl)5-(N-acetylglucosaminyl)2-diphosphodolichol+1a dolichyl &beta;-D-mannosyl phosphate
1300,1a glycogen+1a debranched limit dextrin+1phosphate
1301,1(2S)-2-isopropylmalate
1302,12-hydroxy-4-methylthiobutanoate+1a methylated methyl donor
1303,1HCO3-+1pyruvate+1ATP
1304,1&beta;-D-glucose 1-phosphate
1305,1choline+1ATP
1306,13'-hydroxy-N-methyl-(S)-coclaurine+1S-adenosyl-L-methionine
1307,1H++1oxygen+1NADPH+14-hydroxybenzoate
1308,1H++1ent-kaurenoate+1oxygen+1NADPH
1309,1an L-1-phosphatidylethanolamine+1L-serine
1310,"1dopamine+1""3"
1311,1a [procollagen]-L-proline+1oxygen+12-ketoglutarate
1312,15-hydroxy-coniferaldehyde+1S-adenosyl-L-methionine
1313,1trans-caffeate+1caffeate+1coenzyme A+1ATP
1314,1H2CO3
1316,14-hydroxyphenylpyruvate+1L-alanine
1317,1N-acetyl-L-glutamate 5-semialdehyde+1NADP++1phosphate
1318,11-guanidino-1-deoxy-scyllo-inositol 4-phosphate
1319,1an oxidized unknown electron acceptor+1L-lactate
1320,1UDP-D-glucose+1gallate
1321,2H++23-octaprenyl-4-hydroxybenzoate+2oxygen
1322,2H++26-deoxocastasterone+2oxygen
1323,"1""a 1+1phosphate"
1324,"1""D-myo-inositol (1+1ATP"
1325,2glycolate+2oxygen
1326,1sn-glycerol-3-phosphate+1NAD(P)+
1327,1ATP+1dCMP
1328,1dalbergioidin+1NADP+
1329,1polyprenol (C80)+1NADPH+1H+
1330,1&beta;-methylmalyl-CoA
1331,"14-[N-&gamma;-L-glutamyl-&gamma;-L-glutamyl-)-p-(&beta;-aminoethyl)phenoxy-methyl]-2-(aminomethyl)furan+1""hexane-1"
1333,1a (mannosyl)8-(N-acetylglucosaminyl)2-diphosphodolichol+1a dolichyl &beta;-D-mannosyl phosphate
1334,2H++2GA12+2oxygen
1335,1H++1lanosterol+1NADPH+1oxygen
1336,1S-lactoyl-glutathione+1H2O
1337,1D-sorbitol-6-phosphate+1NAD+
1338,1H2O+1creatinine
1339,1glucosyl-heptosyl3-KDO2-lipid A-phosphate+1ATP
1340,24-(glutamylamino) butanoate+2H2O
1342,1UDP-D-glucose+1cis-zeatin
1343,1UDP-D-glucose+1galactosyl-glucosyl-heptosyl3-KDO2-lipid A-bisphosphate
1344,12-keto-isovalerate
1345,"1""3&alpha;+1coenzyme A"
1346,1K+
1347,1oxalosuccinate+1NADP+
1348,"1""a 5+1L-glutamate+1ATP"
1349,1H++15&alpha;-cholesta-8-en-3-one+1NADPH
1350,1a fatty aldehyde+1NAD++1H2O
1351,1an oxidized unknown electron acceptor+1NADPH
1353,15-hydroxy-ferulic-acid+1coenzyme A+1ATP
1354,1&alpha;-D-glucose+1ATP
1355,1a (mannosyl)9-(N-acetylglucosaminyl)2-diphosphodolichol+1a dolichyl &beta;-D-glucosyl phosphate
1356,"1&beta;-D-galactosyl-(1&rarr;3)-[&beta;-D-galactosyl-(1&rarr;4)-N-acetyl-&beta;-D-glucosaminyl-(1&rarr;6)]-N-acetyl-&alpha;-D-galactosaminyl-R+1""&beta;-D-galactosyl-(1+1UDP-N-acetyl-D-glucosamine"
1357,"1""GlcNAc-1+1H2O"
1358,1harmalol
1359,1H2O+12-phosphoglycolate
1360,17&alpha;-hydroxy-5&beta;-cholestan-3-one+1NAD(P)H+1H+
1361,3H++34-coumaroyl-CoA+3malonyl-CoA
1362,2H++2indole acetaldehyde+2oxygen
1363,"1""di-trans+1isopentenyl diphosphate"
1364,1dihydrostreptomycin 6-phosphate
1365,2CDP-D-glucose
1366,12-hydroxymuconate semialdehyde+1H2O+1NAD+
1367,2ATP+2propionate
1368,1&beta;-alanine+1L-pantoate+1ATP
1369,2ATP+2CMP
1370,1S-adenosyl-L-methionine+1dopamine
1371,1tyramine+1(E)-cinnamoyl-CoA
1372,1H2O+1L-arginine
1373,1H++1UDP-D-glucuronate
1374,1S0+1a protein 6-N-(octanoyl)lysine+2S0+2S-adenosyl-L-methionine
1375,2NADP++2dihydrouracil
1376,1L-ornithine+1a 2-oxo acid
1377,1indole-3-glycerol-phosphate
1378,1oxygen+1H2O+1an aldehyde
1379,1a mannosyl-(N-acetylglucosaminyl)2-diphosphodolichol+1GDP-D-mannose
1380,1H2O+1&alpha;-D-glucose 1-phosphate
1381,"1""7&alpha;+1NADPH+1H+"
1382,"1""a 1+1H2O"
1383,1D-myo-inositol (3)-monophosphate+1H2O
1384,1L-cysteine+1L-glutamate+1ATP
1385,1(R)-pantolactone+1&beta;-alanine
1386,2H++2indole-3-ethanol+2oxygen
1387,1H++1H2O+1ATP
1388,4H++42-nonaprenyl-6-methoxyphenol+4oxygen
1390,"1""1+11-O-galloyl-&beta;-D-glucose"
1391,1hexulose 6-phosphate
1392,1D-pinitol+1galactinol
1393,1S-lactoyl-glutathione
1394,1&alpha;-D-glucose 1-phosphate+1UTP
1395,"1H++1""3+1NADPH"
1396,"1""N-acetyl-&beta;-D-glucosaminyl-1+1UDP-N-acetyl-D-glucosamine"
1397,1NAD++2L-glutamate
1398,1geranyl-diphosphate+1H2O
1399,3H2O+3NADP++3hydrogen sulfide
1400,3&beta;-D-glucose-6-phosphate
1401,1diphosphate+1AMP
1403,1H2O+1&alpha;-L-fucoside
1404,1diphosphate+15-phospho-&beta;-D-ribosyl-amine+1L-glutamate
1405,"1""2-carboxy-5-oxo-2"
1406,1L-ornithine
1407,1a (mannosyl)7-(N-acetylglucosaminyl)2-diphosphodolichol+1a dolichyl &beta;-D-mannosyl phosphate
1408,1NAD(P)++1GDP-6-deoxy-D-talose
1409,17-deoxyloganate+1NADPH+1H++1oxygen
1410,1a phosphatidylcholine+1H2O
1411,1phenylglyoxylate+1H+
1412,14-coumaroyl-CoA+1serotonin
1413,"1protoheme IX+1""(E+1H2O"
1414,1shikimate+1pyrroloquinoline quinone
1415,1H++1coumarinate
1416,1malate+1succinyl-CoA
1417,1D-ribose+1ATP
1418,1indole acetaldehyde+1NADPH+1H+
1419,1a (2S)-2-methylacyl-CoA
1420,1feruloyl-CoA+1serotonin
1421,1H++1formate
1422,"1""2"
1423,1L-glutamate
1424,1feruloyl-CoA+1tyramine
1425,16-(&alpha;-D-glucosaminyl)-1-phosphatidyl-1D-myo-inositol
1426,1genistein+1dimethylallyl-diphosphate
1427,1a primary amine+1H2O+1oxygen
1429,1a nitrile+2H2O
1430,1all-trans-heptaprenyl diphosphate+14-hydroxybenzoate
1431,"1""ribose-1"
1432,1oxygen+1pyridoxine-5'-phosphate
1433,1NAD(P)++1D-glycerate
1434,1S-adenosyl-L-methionine+1noradrenaline
1435,1GTP+1H2O
1439,1H2O+1selenide+1ATP
1440,"2H++2""hexane-6-keto-1"
1441,1propionyl-CoA+1ATP+1HCO3-
1442,1trehalose+1H2O
1443,"2H2O+2""D-myo-inositol (1"
1444,1L-phenylalanine
1445,1nicotine+1NADPH
1446,3&beta;-D-glucose+3ATP
1447,15-methyltetrahydropteroyltri-L-glutamate+1L-homocysteine
1448,"1H++1""N"
1449,1muconolactone
1450,1sucrose+1phosphate
1451,14-hydroxy-4-(3-pyridyl)-butanoate
1452,"1""5+1H2O"
1453,"1""a 1"
1454,1H++13-decaprenyl-4-hydroxy-5-methoxybenzoate
1455,1phlorisobutyrophenone+1dimethylallyl-diphosphate
1456,1L-homocysteine+1L-serine
1457,1D-lactate+1an unknown quinone
1458,1nicotinamide mononucleotide+1ATP
1459,1a sphinganine+1a long-chain acyl-CoA
1460,1all-trans-dodecaprenyl diphosphate+1isopentenyl diphosphate
1461,1propionyl-CoA+1succinate
1462,1H++12-C-methyl-D-erythritol-4-phosphate+1CTP
1463,1oxygen+4H+
1464,2nicotinate+2an oxidized unknown electron acceptor+2H2O
1465,1H++12-ketoglutarate+1NADH
1466,1purine+1H2O
1467,2D-glyceraldehyde-3-phosphate
1468,1H2O+1a (4R)-4-hydroxysphinganine ceramide
1469,1H++12-oxo-4-methylthiobutanoate
1470,1ATP+1formate+1tetrahydrofolate
1471,1L-proline+1an oxidized unknown electron acceptor
1472,1a phosphatidylcholine+1H2O
1473,1L-isoleucine+1NADPH+1oxygen
1475,1a xenobiotic+1H2O+1ATP
1476,1a 7-&beta;-hydroxysteroid+1NADP+
1477,1D-glyceraldehyde-3-phosphate+1D-sedoheptulose-7-phosphate
1478,1NAD++1dihydrouracil
1479,1an (&gamma;-L-glutamyl)-L-amino acid
1480,14-coumaroylshikimate+1NADPH+1oxygen+1H+
1481,"1""(25S)-3&alpha;+1an oxidized unknown electron acceptor"
1482,1D-glucosamine 1-phosphate
1483,1phosphoryl-choline+1CTP
1484,1H++1tetrahydrodipicolinate+1L-glutamate+1H2O
1485,1pyrroline-hydroxy-carboxylate+1NAD++2H2O
1486,1acrylyl-CoA+1H2O
1487,1ATP+1dTMP
1488,13-phosphoglycerate+1NAD+
1489,1arachidoyl-CoA+11-dodecanol
1490,1ubiquinol-9+1an oxidized unknown electron acceptor
1491,1acetoin+1coenzyme A+1NAD+
1492,1nicotinamide+1H2O
1493,1a nucleoside triphosphate+1AMP
1494,14-nitrophenyl phosphate+1H2O
1495,1D-glycerate+1ATP
1496,"1""2-oxopenta-3"
1497,1coenzyme A+1a fatty acid+1ATP
1498,1H++1pseudobaptigenin+1NADPH+1oxygen
1499,13-(4-hydroxyphenyl)lactate
1500,1a 1-phosphatidyl-1D-myo-inositol 4-phosphate+1ATP
1501,1S-hydroxymethylglutathione+1NAD(P)+
1502,1a (4R)-4-hydroxysphinganine ceramide
1503,1trans-&beta;-D-Glucosyl-2-hydroxycinnamate
1504,"1oxygen+1NADPH+1""N"
1505,1a phosphatidylcholine+1H2O
1506,1UDP-D-glucose+1trans-zeatin
1507,15-dehydro-4-deoxy-D-glucarate
1508,"1""1+11-O-galloyl-&beta;-D-glucose"
1509,1H2O+1GTP
1510,1diphosphate
1511,1sequoyitol+1galactinol
1512,"1""7+1NADH"
1513,1erythronate-4-phosphate+1NAD+
1515,"1""2-oxo-&Delta;3-4+1ATP+1coenzyme A"
1516,1L-fucose
1517,1H++1&alpha;-D-glucose 1-phosphate+1CTP
1518,1cathasterone+1oxygen+1an reduced unknown electron acceptor
1519,1(R)-methylmalonyl-CoA
1520,"1H++1CTP+1""2"
1521,1H2O+1a trans-2-enoyl-CoA
1522,1isobutanal+1NADH
1523,1a dolichyl phosphate+1GDP-D-mannose
1524,4H+
1526,13-dehydroquinate
1528,1ATP+1L-methionine+1H2O
1529,1&alpha;-D-mannose 1-phosphate+1GTP
1530,12-ketoglutarate+1&beta;-alanine
1531,1H++14-imidazolone-5-propionate+1H2O
1532,1H2O+1NADP++1benzaldehyde
1533,"2""D-myo-inositol (1+2ATP"
1534,2succinyl-CoA+2acetyl-CoA
1535,1tetrahydrobiopterin+2NADP+
1536,2dihydroxy-acetone phosphate+2D-erythrose-4-phosphate
1537,"1""2"
1538,1(22&alpha;)-hydroxy-campesterol
1539,2phenylethylamine+2oxygen+2H2O
1540,"5H++5""di-trans+5isopentenyl diphosphate"
1541,13-deoxy-D-arabino-heptulosonate-7-phosphate
1542,1tetrahydrofolate+1trimethyl sulfonium
1543,1sulfite+1oxygen+1H2O
1544,11-deoxy-D-xylulose 5-phosphate+11-amino-propan-2-one-3-phosphate
1545,"2""1-phosphatidyl-myo-inositol 3+2H2O"
1546,1L-glutamine+1H2O
1547,1UDP-D-glucose+1H2O+2NAD+
1548,"2""(2R"
1549,1(3S)-citryl-CoA
1551,1H++13-dehydrocarnitine
1552,"1""2-O-digalloyl-1+11-O-galloyl-&beta;-D-glucose"
1553,1H++1sinapaldehyde+1NADPH
1554,1a purine ribonucleoside+1phosphate
1555,1N-(5'-phosphoribosyl)-anthranilate
1556,1N-acetyl-4-aminobutyrate+1H2O
1558,1FMN+1ATP
1559,16-oxocyclohex-1-ene-1-carboxyl-CoA+2H2O
1560,"1H++1""5&alpha;-cholesta-7+1NADPH"
1561,"1H++1""24+1oxygen+1NADPH"
1562,2all-trans-geranyl-geranyl diphosphate+2a [protein]-L-cysteine
1563,3oxygen+3an reduced unknown electron acceptor+3protoheme IX
1564,32-oxobutanoate
1565,14-hydroxybenzaldehyde+1NADP++1H2O
1566,2dCDP+2ATP
1567,1galactosyl-glucosyl3-heptosyl3-KDO2-lipid A-bisphosphate+1ADP-L-glycero-D-manno-heptose
1568,14-methyl-5-nitrocatechol+1oxygen+1NADPH
1569,12-ketoglutarate+1L-alanine
1570,1all-trans-decaprenyl diphosphate+1isopentenyl diphosphate
1571,12-carboxylate-4-methyl-5-beta-(ethyl adenosine 5-diphosphate) thiazole
1572,1L-threonine
1573,"1""GlcNAc-1+1H2O"
1574,1H++1trans-cinnamate+1oxygen+1NADPH
1575,1L-pipecolate+1NADP+
1576,24-hydroxybenzoyl-CoA+2H2O
1577,1phosphate+1fructose-6-phosphate
1578,1GA15+12-ketoglutarate+1oxygen
1579,"1""4+1oxygen+1NAD(P)H"
1580,1(2S)-2-amino-3-oxo-4-phosphonooxybutanoate+2H+
1581,13'-ketolactose+1H2O
1582,1H++14-hydroxyphenylpyruvate
1583,1D-glucosamine 6-phosphate+1acetyl-CoA
1584,"1""3-octaprenyl-4+1S-adenosyl-L-methionine"
1585,1genistein+1dimethylallyl-diphosphate
1586,1cotinine+1UDP-D-glucuronate
1587,1palmitate+1coenzyme A+1ATP
1588,1a sphinganine+1H++1oxygen+1NADPH
1589,1a glycogen+1phosphate
1590,1E-phenylitaconyl-CoA+1H2O
1591,1canavanine+1H2O
1594,1putrescine+12-ketoglutarate
1595,12-oxobutanoate+1coenzyme A+1NAD+
1596,14&alpha;-hydroxymethyl-4&beta;-methyl-5&alpha;-cholesta-8-en-3&beta;-ol+1oxygen+1NAD(P)H
1597,2a dolichol+2CTP
1598,12'-hydroxygenistein+1dimethylallyl-diphosphate
1599,1D-mannose-6-phosphate+1phosphoenolpyruvate+5H+
1600,1all-trans-nonaprenyl diphosphate+14-hydroxybenzoate
1601,1oxygen+1H2O+1sarcosine
1602,2H++2(22&alpha;)-hydroxy-5&alpha;-campestan-3-one
1603,1ATP+1D-ribulose
1604,"2""(E"
1605,1NADP++1phosphate+1L-aspartate-semialdehyde
1606,1arachidonate+1coenzyme A+1ATP
1607,1a very long chain fatty acyl-CoA+1NADPH+1H2
1608,"1""D-myo-inositol (1+1H2O"
1609,1a 3-hydroxyacyl-CoA
1610,1glyoxylate+1L-serine
1611,1geranial+1oxygen+1H2O
1612,12-aminoacrylate+1H2O
1613,1(R)-2-hydroxyglutaryl-CoA
1614,1D-galactarate
1615,1ATP+1myosin light-chain
1616,14-hydroxybutyrate+1ATP+1coenzyme A
1617,1diphosphate+1UMP
1618,1homoserine+1acetyl-CoA
1619,3H2O+3GTP
1620,2a UDP-N-acetylmuramoyl-tripeptide+2ATP
1621,1N-formylkynurenine+1H2O
1622,"1""(25R)-5&beta;-cholestane-3&alpha;+1NAD+"
1623,1trehalose 6-phosphate+1H2O
1624,1L-aspartate+1citrulline+1ATP
1625,12-keto-6-aminocaproate+1H2O2
1626,1maleate
1627,1oxaloacetate+1acetyl-CoA+1phosphate+1ADP
1629,1L-glutamine+1L-aspartate+1ATP+1H2O
1630,1ATP+1protoporphyrin IX+1Mg2++1H2O
1631,"4ATP+4""a 1"
1632,1a 2-trans-4-cis-dienoyl-CoA+1NADPH
1633,1GDP-mannuronate+1GDP-guluronate
1634,12-methylbutanal+1NADH
1635,14-prenylphlorisobutyrophenone+1dimethylallyl-diphosphate
1636,1a N-acetylmuramoyl-pentapeptide-diphosphoundecaprenol+1UDP-N-acetyl-D-glucosamine
1637,1soyasapogenol B+1UDP-D-glucuronate
1640,1hypoxanthine+1NAD++1H2O
1641,1a 2'-deoxynucleoside+1ATP
1643,1UDP-D-glucose+17-deoxyloganetate
1644,1L-lysine
1645,12-oxo-3-hydroxy-4-phosphobutanoate+1L-glutamate
1646,1glycine+1ATP
1647,1H++1coniferaldehyde+1NADPH+1oxygen
1648,1cotinine
1649,1diphosphate+1inosine-5'-phosphate
1650,1(R)-citramalyl-CoA
1651,1D-gluconate
1652,1H++1meso-diaminopimelate
1653,"1""5+1NAD+"
1654,1H2O+1NAD+
1655,"1""N-acetylmuramoyl-L-alanyl-D-glutamyl-meso-2+1UDP-N-acetyl-D-glucosamine"
1657,1homoserine+1NAD(P)+
1659,1isobutyryl-CoA+1FAD
1660,1mevalonate-5P+1H+
1662,1mesaconyl-CoA+2H2O
1663,1a D-hexose+1ATP
1664,1dimethylallyl-diphosphate+1isopentenyl diphosphate
1665,13-hydroxy-isobututanoyl-CoA+1H2O
1666,15-aminoimidazole ribonucleotide+1ATP+1HCO3-
1667,34&alpha;-carboxy-4&beta;-methyl-5&alpha;-cholesta-8-en-3&beta;-ol+3NAD(P)+
1668,1a debranched limit dextrin+nH2O
1669,nmevalonate-5-PP+nATP
1670,1D-xylose
1671,12-ketoglutarate+1coenzyme A+1NAD+
1672,1H2O+1streptomycin 6-phosphate
1673,1NAD(P)++1H2O+1L-glutamate
1674,1vestitone+1NADP+
1675,1tetrahydrobiopterin+1L-tryptophan+1oxygen
1676,"1""a [protein] N6+12-ketoglutarate+1oxygen"
1677,1an L-cysteine-S-conjugate+1acetyl-CoA
1678,1malate+1an oxidized unknown electron acceptor
1679,1indole-3-acetamide+1H2O
1680,12-hydroxy-2-methylbutyronitrile
1681,1L-glutamate+1H2O+1NADP+
1682,1chitin+nH2O
1683,nkanosamine+nATP
1684,2phosphoryl-ethanolamine+2S-adenosyl-L-methionine
1685,1H++1cyclo-dopa 5-O-glucoside+1betalamic acid
1686,14&alpha;-formyl-4&beta;-methyl-5&alpha;-cholesta-8-en-3&beta;-ol+1oxygen+1NAD(P)H
1687,1a large-branched glucan
1688,1UDP-N-acetylmuramoyl-L-alanyl-D-glutamate+1meso-diaminopimelate+1ATP
1689,2D-alanine+2ATP
1690,2ethylcysteine+2oxygen+2H2O
1691,"1""CDP-2+1L-serine"
1692,1an L-1-phosphatidyl-inositol+1a plant ceramide (I)
1693,1stearoyl-CoA+1H2O
1694,"1""7&alpha;+1NAD(P)H+1H+"
1695,1an acyl-CoA+1oxygen
1696,1uridine+1GTP
1697,1typhasterol+1oxygen+1an reduced unknown electron acceptor
1698,1L-ascorbate+11-aminocyclopropane-1-carboxylate+1oxygen
1699,2a phosphatidylcholine+2H2O
1700,1a (glucosyl)2(mannosyl)9-(N-acetylglucosaminyl)2-diphosphodolichol+1a dolichyl &beta;-D-glucosyl phosphate
1701,1a polypeptide
1702,2glutathione+2RX
1703,1hydroxymethylpyrimidine phosphate+1ATP
1704,1a pyrimidodiazepine+1glutathione disulfide
1705,2succinyl-CoA+2NADPH+2H+
1706,2a [protein]-L-cysteine+2an organic hydroperoxide
1709,1a limit dextrin
1710,14-hydroxyphenylpyruvate+1NAD(P)H+1H+
1711,moxygen+nNADPH+nL-arginine
1712,na 2-[(3S)-3-amino-3-carboxypropyl]-L-histidine-[translation elongation factor 2]+nS-adenosyl-L-methionine
1713,1an alditol+1alditol+1NAD(P)+
1714,1nicotinate nucleotide+1H2O
1716,1L-serine+1tetrahydrofolate
1717,"1""D-myo-inositol (1+1ATP"
1718,2oxalyl-CoA
1719,1glutaryl-CoA+1FAD
1720,1H++13-hexaprenyl-4-hydroxy-5-methoxybenzoate
1721,1O-&beta;-D-xylosylprotein+1UDP-galactose
1722,1dopaquinone
1723,1ATP+1fructose-1-phosphate
1724,1mevalonate-5P+1ATP
1725,1D-ribose 5-phosphate+1uracil
1726,1GMP+1H2O
1727,1fructose-6-phosphate+1L-glutamine
1728,1phenol-phosphate+1CO2+1H2O
1729,1UDP-D-glucose+1acetone cyanohydrin
1730,13-hydroxybutyryl-CoA
1731,1
1732,1linoleoyl-CoA+1oxygen+1an reduced unknown electron acceptor
1733,"2""(25R)-3&alpha;+2NAD++2H2O"
1734,2&alpha;-D-glucose 6-phosphate
1735,1D-glyceraldehyde-3-phosphate+1NAD++1H2O
1736,1UDP-D-glucose+1heptosyl2-KDO2-lipid A
1737,1oxygen+1H2O+1xanthine
1738,1choloyl-CoA+1taurine
1739,"1""3-heptaprenyl-4+1S-adenosyl-L-methionine"
1740,"1""2-methyl-6-phytyl-1+1S-adenosyl-L-methionine"
1741,1indole-3-glyoxal+1NADH+1H+
1742,3H++3malonyl-CoA+3isobutyryl-CoA
1743,"4""(S)-2"
1744,"1L-glutamate+1""7+1ATP"
1745,1anthranilate+1oxygen+2H+
1746,1a (3R)-3-hydroxyacyl-CoA
1747,1UDP-D-glucose+1kinetin
1748,1methanofuran biosynththesis intermediate MF1
1749,1an ubiquinone+1succinate
1750,1N-acetyl-&beta;-D-glucosaminyl group
1751,1ATP+1UMP
1752,1ATP+1a [protein]-L-tyrosine
1753,16-deoxoteasterone
1754,2dihydroorotate+2H2O
1755,1indole-3-glycol aldehyde
1756,"2""D-myo-inositol (3+2ATP"
1757,2D-isocitrate+2NAD+
1758,1NADP++13-hydroxypropionate
1759,"1H2O+1""phosphatidyl inositol-3"
1760,13-hydroxy-isobutyrate+1NAD+
1761,1lotaustralin+1H2O
1762,1N-methyl-&beta;-alanine+1S-adenosyl-L-methionine
1763,16-phospho-D-gluconate+1NAD(P)+
1764,1L-allo-threonine
1765,1L-aspartate+1carbamoyl-phosphate
1766,1L-citramalyl-CoA
1767,"1""di-trans+1UDP-N-acetyl-D-glucosamine"
1768,1shikimate+1NAD(P)+
1769,1squalene+1oxygen+1an reduced unknown electron acceptor
1770,1dihydrophloroglucinol+1OH-
1771,1H++1cotinine+1NADPH+1oxygen
1772,16-deoxotyphasterol+1oxygen
1773,1H++1cotinine+1NADPH+1oxygen
1774,1all-trans-geranyl-geranyl diphosphate
1775,11-hydroxy-2-methyl-2-(E)-butenyl 4-diphosphate+1H2O
1776,1Mg-protoporphyrin+1S-adenosyl-L-methionine
1777,11-amino-1-deoxy-scyllo-inositol+1ATP
1778,2OH-+2H2O+2an oxidized unknown electron acceptor+2trithionate
1779,"3""a 2+3an acyl-CoA+3FAD"
1780,12-oxobutanoate+1coenzyme A
1781,1ferulate
1782,"2H++2""1+2oxygen"
1783,2[heparan-sulfate]-2-O-sulfo-&alpha;-L-iduronate
1784,1UDP-D-glucose+1dihydrozeatin
1785,1H2O+1NADP++1saccharopine
1786,5H2O+5a glycerophosphodiester
1787,1cotinine
1788,1malate+1NADP+
1789,1phenylacetyl-CoA+2H2O
1790,4phosphate+4uridine
1791,1H++21-propenylsulfenate
1792,1butyryl-CoA+1acetate
1793,"1a phosphatidylcholine+1""a 1"
1794,"1""1-O+11-O-galloyl-&beta;-D-glucose"
1795,1lathosterol+1NAD(P)H+1oxygen
1796,2protoporphyrinogen IX+3oxygen
1797,6D-galactose+6ATP
1798,1a maltooligosyl-trehalose
1799,1sucrose+1H2O
1800,1vestitone+1NADPH+1H+
1801,12-phosphoglycerate
1802,1(S)-4-hydroxymandelate+1an oxidized unknown electron acceptor
1803,1GA25+12-ketoglutarate+1oxygen
1804,1ATP+15-phosphoribosyl-N-formylglycineamidine
1805,14-aminobutanal
1806,1sn-glycerol-3-phosphate+1an ubiquinone
1807,1UDP-N-acetyl-D-glucosamine
1808,"1""4&alpha;-hydroxymethyl-4&beta;-methyl-5&alpha;-cholesta-8+1NAD(P)H+1oxygen"
1809,2H2O+2mannitol-1-phosphate
1810,"1""3+1H2O"
1811,1DIMBOA-Glc+1H2O
1812,1GTP+1H2O
1813,1phlorisovalerophenone+1dimethylallyl-diphosphate
1814,1D-lactoyl-CoA
1815,1hypoxanthine+1H2O
1816,1NAD++1D-mannitol
1817,110-formyl-tetrahydrofolate+1aminoimidazole carboxamide ribonucleotide
1818,1oxygen+2L-ascorbate
1819,2N-acetyl-4-aminobutanal+2H2O+2NAD+
1820,1&beta;-D-glucuronosyl-(1->3)-&beta;-D-galactosyl-(1->3)-&beta;-D-galactosyl-(1->4)-&beta;-D-xylosyl-proteoglycan+1UDP-N-acetyl-D-glucosamine
1821,1coenzyme A+14-coumarate+1ATP
1822,1geraniol+1oxygen+1NADPH+1H+
1823,1UDP-D-glucose+1betanidin
1824,12-oxo-4-methylthiobutanoate+1a standard &alpha; amino acid
1825,1H2O+110-formyl-tetrahydrofolate
1826,1131-hydroxy-magnesium-protoporphyrin IX 13-monomethyl ester+1NADPH
1827,3L-homocysteine+3S-adenosyl-L-methionine
1828,"1""di-trans+1isopentenyl diphosphate"
1829,"5""di-trans+5""UDP-N-acetylmuramoyl-L-alanyl-D-glutamyl-meso-2+5undecaprenyl phosphate"
1830,1S-(2-hydroxyacyl)glutathione+1H2O
1831,1ethanol+1H2O2
1832,2undecaprenyl-N-acetyl-&alpha;-D-glucosaminyl-pyrophosphate+2UDP-N-acetyl-&beta;-D-mannosaminouronate
1833,13-S-methylthiopropionate
1834,1myo-inositol+1ATP
1835,2citrate
1836,1N-hydroxyl-tryptamine
1837,"2H++2""5&alpha;-cholesta-8+2NADPH"
1838,110-hydroxygeranial+1NADP+
1839,1D-glucosamine+1phosphoenolpyruvate
1840,"1""(2R"
1841,1dihydrolipoamide+1NAD+
1842,1coumarinic acid-&beta;-D-glucoside+1H2O
1843,12-dehydro-3-deoxy-D-gluconate
1844,1NAD++1a (3S)-3-hydroxyacyl-CoA
1845,1glyoxylate+1L-serine
1846,1H++1oxygen+1NADPH+1formononetin
1847,1S-2-methyl-butyryl-CoA+1FAD
1848,2H++2sulfite+2AMP+2glutathione disulfide
1849,2putrescine+2S-adenosyl-L-methioninamine
1850,1GTP+1H2O
1851,1NAD++1NADPH
1852,1oxygen+1L-tryptophan
1853,1indole-3-glycol
1854,"2""2+2NAD(P)H+2H+"
1855,1peptidylamidoglycolate
1856,1cyanate+1HCO3-+1H+
1857,1an L-1-phosphatidylglycerol-phosphate+1H2O
1858,4H++42-octaprenyl-6-methoxyphenol+4oxygen
1859,1ammonia+1ATP+1deamido-NAD
1860,1H++1caffeoyl-4'-hydroxyphenyllactate+1NADPH+1oxygen
1861,1isopenicillin N
1862,1desmosterol+1NADP+
1863,1N-acetyl-glucosamine-1-phosphate
1864,15-formyl-tetrahydrofolate+1ATP
1865,1phenol+1phosphate
1866,1H++1p-hydroxybenzoylformate
1867,1a homogalacturonan+1H2O
1868,4H++44-coumaroyl-CoA+3malonyl-CoA+3NADPH
1869,3H++3cyclo-dopa+3betalamic acid
1870,2H++23-heptaprenyl-4-hydroxybenzoate+2oxygen
1871,1UDP-N-acetyl-D-glucosamine
1872,1(R)-homocitrate
1873,1L-cysteine+1O-phospho-L-homoserine
1874,"1""1+1H2O"
1875,1a glycogen+1phosphate
1876,12-octaprenyl-6-hydroxyphenol+1S-adenosyl-L-methionine
1877,1oxaloacetate+1GTP
1878,1caffeoylshikimate+1coenzyme A
1879,1ATP+1deamido-NAD+1L-glutamine+1H2O
1880,1a carboxylic ester+1H2O
1881,"1""4&alpha;-formyl-5&alpha;-cholesta-8+1NAD(P)H+1oxygen"
1882,1succinate semialdehyde+1NAD(P)H
1883,"1""5&beta;-cholestane-3&alpha;+1NADPH+1H++1oxygen"
1884,"1""2-methyl-6-solanyl-1+1S-adenosyl-L-methionine"
1885,5urate+5H+
1887,"1UDP-N-acetylmuramoyl-L-alanyl-D-glutamate+1""an L-lysine or meso-2+1ATP"
1888,1L-phenylalanine
1889,1dopamine+1(4-hydroxyphenyl)acetaldehyde
1890,"1""ribose-1+1ATP"
1891,11-propenylsulfenate
1892,1D-glucosamine 1-phosphate+1acetyl-CoA
1893,1spermine+1oxygen+1H2O
1894,"1""(N-acetyl-&beta;-D-glucosaminyl-1+1UDP-N-acetyl-D-glucosamine"
1895,1nitrite+1H2O+1NAD+
1896,1D-arabinose
1897,1taurine+12-ketoglutarate+1oxygen
1898,1H2O+1a diphospho-myo-inositol polyphosphate
1899,14-hydroxysphinganine+1an aldehyde
1900,2H++2KDO2-lipid A+2ADP-L-glycero-D-manno-heptose
1901,"1H++1""2-oxo-&Delta;3-4+1NADPH+1oxygen"
1902,"1""5-amino-6-ribitylamino-2+1H2O"
1903,12-hydroxy-3-keto-5-methylthio-1-phosphopentene+1H2O
1904,1a peptidoglycan+1N-acetylmuramoyl-L-alanyl-D-glutamyl-L-lysyl-D-alanyl-D-alanine-diphosphoundecaprenyl-N-acetylglucosamine
1905,"1""(3S)-3"
1906,2H++23-dehydroteasterone
1907,1a lipid oleoyl-group+1an reduced unknown electron acceptor+1oxygen
1908,2S-adenosyl-L-methionine
1909,1fructose-6-phosphate+1ADP
1910,"1H2O+1""NG"
1911,1L-malyl-CoA
1912,1S-formylglutathione+1H2O
1914,13-hydroxy-5- oxohexanoyl-CoA+1coenzyme A
1915,1UDP-D-glucose+1isopentenyladenine
1916,1L-methionine+1phenylpyruvate
1917,1sphinganine 1-phosphate
1918,1urate+1oxygen+1H2O
1919,1D-glycerate+1NAD(P)+
1920,1NADP++1formate
1921,"1H2O+1""L-arabinono-1"
1922,1inosine-5'-phosphate+1H2O
1923,1H++1demethylsuberosin+1oxygen+1NADPH
1924,"2H++2""2-hexaprenyl-3-methyl-6-methoxy-1+2oxygen"
1925,"1H++1""(2S"
1926,1UDP-galactose
1927,14&alpha;-hydroxymethyl-5&alpha;-cholesta-8-en-3&beta;-ol+1oxygen+1NAD(P)H
1928,2UDP-D-glucose+2a glucosylated glycogenin
1929,1(R)-mevalonate+1ATP
1930,1GTP
1932,1tryptamine+1NAD(P)H+1H++1oxygen
1933,1all-trans-nonaprenyl diphosphate+1isopentenyl diphosphate
1934,"1""7"
1935,1NADP++1malate
1936,1dihydroxy-acetone+1ATP
1937,2L-xylulose+2ATP
1938,"2""5-(methylthio)-2"
1939,1acrylonitrile+1H2O
1940,13-hydroxypimelyl-CoA+1NAD+
1941,1H++1ent-kaur-16-ene+1oxygen+1NADPH
1942,"1""1+11-O-galloyl-&beta;-D-glucose"
1943,13-methylbutanal+1NADH
1944,1coproporphyrinogen III+1oxygen+2H+
1945,26-hydroxynicotinate+2H2O+2oxygen
1946,1H++1N-carbamoylputrescine+1H2O
1947,13-phosphoglycerate
1948,1coproporphyrinogen III+2S-adenosyl-L-methionine
1950,1H2O+1NAD++1inosine-5'-phosphate
1951,1a (mannosyl)2-(N-acetylglucosaminyl)2-diphosphodolichol+1GDP-D-mannose
1952,"1""cyclohex-1+1H2O"
1953,1an epoxide+1H2O
1954,1a sphinganine+1ATP
1955,2glutathione+2NADP+
1956,1AMP+1H2O
1957,1ATP+1pyridoxal
1958,2UDP-N-acetyl-D-glucosamine+2H2O
1959,1H2O+1NAD++1phenylacetaldehyde
1960,2&alpha;-D-glucose 1-phosphate
1962,1diethylphosphate+1H2O
1963,1L-rhamnose
1964,1L-arginine+11-amino-1-deoxy-scyllo-inositol 4-phosphate
1965,118-oxo-oleate+1NADP++1H2O
1966,2GTP+2H2O
1967,2H++2L-tryptophan+2oxygen
1968,13-methylthiopropanal+1NADH+1H+
1969,1benzaldehyde+1oxygen+1H2O
1970,1sucrose-6-phosphate+1H2O
1971,"1""D-myo-inositol (1+1ATP"
1972,22-oxo-4-methylthiobutanoate+2an reduced unknown electron acceptor
1973,"1""2+1H2O+1NAD(P)+"
1974,13-demethylubiquinol-8+1S-adenosyl-L-methionine
1975,1acetyl-CoA+1pyruvate+1H2O
1976,1psoralen+1NADPH+1oxygen+1H+
1977,1orotidine-5'-phosphate
1978,1L(or D)-O-phosphoserine+1H2O
1979,14-hydroxybutyrate+1acetyl-CoA
1980,1H++2glyoxylate
1981,1H++1acetylphosphate+1sulfite
1982,1NAD++1ATP
1983,1malonate semialdehyde+1coenzyme A+1NAD+
1984,1H++1&beta;-amyrin+1NADPH+1oxygen
1985,"1""6-oxo-1+2H2O"
1986,1oxygen+1NADPH+1calcidiol
1987,14-prenylphlorisovalerophenone+1dimethylallyl-diphosphate
1988,1H++12-methylbutyronitrile+1NADPH+1oxygen
1989,1an oxidized unknown electron acceptor+1H2O+1taurine
1990,13-(4-hydroxyphenyl)lactate+1NAD+
1991,1(S)-coclaurine+1S-adenosyl-L-methionine
1992,1a purine ribonucleoside+1arsenate
1993,14-(phosphonooxy)-threonine+1NAD+
1994,2phenylpyruvate+2L-glutamate
1995,1L-dopa+1oxygen
1996,1acetoacetyl-CoA+1NADH
1997,12-amino-4-oxopentanoate+1coenzyme A
1999,1isovaleryl-CoA+3malonyl-CoA+3H+
2000,4an &omega;-hydroxy fatty acid+4oxygen
2001,1deoxyribose 1-phosphate
2002,"1""5+1dUMP"
2003,13-phospho-serine+12-ketoglutarate
2004,1dihydroxy-acetone phosphate+1phosphoenolpyruvate+1H2O
2005,1NAD++1testosterone
2006,1H++1phosphoribosylformiminoAICAR-phosphate
2007,1sn-glycerol-3-phosphate+1ubiquinone-8
2008,1H2O+1GTP
2009,15-methyl-THF+1NAD(P)+
2010,1pyruvate+1L-phenylalanine
2011,1AMP+1H2O
2012,1homoisocitrate+1NAD+
2013,"1all-trans-octaprenyl diphosphate+1""1"
2014,1phosphate+1guanosine
2015,1H2O+1adenosine
2016,1choline+1NAD+
2017,1O-ureidohomoserine+1L-aspartate+1ATP
2018,1L-glutamate
2019,"1""D-myo-inositol (3+1ATP"
2020,2UDP-N-acetylmuramoyl-L-alanine+2D-glutamate+2ATP
2021,2dTDP+2ATP
2022,1a plant ceramide (I)+1NAD(P)H
2023,"1""5-hydroxy-3"
2024,"1H++1""2-heptaprenyl-3-methyl-6-methoxy-1+1oxygen"
2025,"1""6-lactoyl-5+1NADPH+1H+"
2026,1chorismate
2027,1a (-)-ureidoglycine+1H2O
2028,1acetyl-CoA+1serotonin
2029,1oleanolate 3-beta-D-glucuronoside-28-glucoside+1UDP-galactose
2030,1pyruvate+1(S)-methyl-malonyl-CoA
2031,"1""1+11-O-galloyl-&beta;-D-glucose"
2032,1ferulate+1ATP+1coenzyme A
2033,"1""5&alpha;-cholesta-7+1NAD(P)H+1oxygen"
2034,24-carboxyaminoimidazole ribonucleotide
2035,1L-dopa
2036,1ammonia+1L-glutamate+1ATP
2037,"1""2+1ATP+1NAD(P)H"
2038,1a glucosyl-(mannosyl)9-(N-acetylglucosaminyl)2-diphosphodolichol+1a dolichyl &beta;-D-glucosyl phosphate
2039,1S-adenosyl-L-methionine
2040,1prephenate
2041,1a maltodextrin
2042,1lauroyl-CoA+1H2O
2043,"1""Z"
2044,1phosphate+1trehalose
2045,"1""2-decaprenyl-6-methoxy-1+1S-adenosyl-L-methionine"
2046,1ononin+1H2O
2047,"1""5-oxo-1"
2048,"1H++1""4-coumaroyl-3'+1NADPH+1oxygen"
2049,1N-acetylneuraminate
2050,1pyruvate+1coenzyme A+1NAD+
2051,1&gamma;-butyrobetaine+1oxygen+12-ketoglutarate
2052,1phenylacetaldehyde+1NADH
2053,1GDP-L-galactose+1phosphate
2054,1dimethylallyl-diphosphate+1NAD(P)++1H2O
2055,1trans-caffeate+1S-adenosyl-L-methionine
2056,3ubiquinone-7+3an reduced unknown electron acceptor
2057,1an oxidized unknown electron acceptor+1NADH
2058,2H2O+2N-methylhydantoin+2ATP
2059,3H++3pyrroline 5-carboxylate+3malonyl-CoA+3H2O
2060,1H++1pyruvate+1D-glyceraldehyde-3-phosphate
2061,"1""UDP-N-acetylmuramoyl-L-alanyl-D-glutamyl-meso-2+1ATP"
2062,2nitrite+2H2O+2NADP+
2063,1a long-chain acyl-CoA+1malonyl-CoA
2064,1H++12-hydroxyferulate
2065,"1""&beta;-D-galactosyl-1+1CMP-N-acetylneuraminate"
2066,1L-lysine
2067,"1""D+1NAD(P)++1H2O"
2068,1UDP-D-glucose+12-coumarate
2069,1ATP+1pyridoxamine
2070,23-hydroxy-L-kynurenine+22-ketoglutarate
2071,1oxygen+1H2O+1a D-amino acid
2072,1GA24+1oxygen+12-ketoglutarate
2073,1chenodeoxycholoyl-CoA+1taurine
2074,1a 5-formiminotetrahydrofolate+1H+
2075,2H++2L-tryptophan+2oxygen
2076,"1""4-O-digalloyl-1+11-O-galloyl-&beta;-D-glucose"
2077,1phosphate+1NADP++1D-glyceraldehyde-3-phosphate
2078,1an N-acyl-&beta;-neuraminate+1CTP
2079,"1""a 2+1an acyl-CoA+1NADP+"
2080,1NADP++1an alcohol
2081,1an L-1-phosphatidyl-inositol+1ATP
2082,1(S)-2-hydroxymethylglutarate
2083,1coenzyme A+1succinate+1GTP
2084,1S-adenosyl-L-methionine+1a [protein]-L-&beta;-isoaspartate
2085,15-hydroxyisourate+1H2O
2086,4H++42-heptaprenyl-6-methoxyphenol+4oxygen
2087,1N-(5'-phosphoribosyl)-anthranilate+1diphosphate
2088,2ATP+2L-glutamine+2HCO3-+2H2O
2089,3H++33-keto-&beta;-D-galactose+3NADP+
2090,1L-tryptophan+2NADPH+2oxygen+2H+
2091,2O2-+2H+
2092,"1""a 2+1acetate"
2093,1methanofuran biosynththesis intermediate MF2
2094,1glycine+1S-adenosyl-L-methionine
2095,1deacetylcephalosporin-C+1carbamoyl-phosphate
2096,1a trans-3-enoyl-CoA
2098,1H2O+1D-myo-inositol (1)-monophosphate
2099,1D-erythro-imidazole-glycerol-phosphate
2100,1indole-3-acetaldoxime
2102,1L-glutamate &gamma;-semialdehyde+1phosphate+1NADP+
2103,1GA4+1oxygen+1an reduced unknown electron acceptor
2104,2a (mannosyl)4-(N-acetylglucosaminyl)2-diphosphodolichol+2GDP-D-mannose
2105,1serotonin+1caffeoyl-CoA
2106,18-hydroxypurine+1H2O
2107,12-C-methyl-D-erythritol-4-phosphate+1NADP+
2109,1chorismate+1chorismate
2110,1octanoate+1ATP+1coenzyme A
2111,1H++1(5&alpha;)-campestan-3-one+1oxygen+1NADPH
2112,"1""(24E)-3&alpha;+1H2O"
2113,"1""R(+)-3+1caffeoyl-CoA"
2114,1L-ascorbate+1oxygen
2115,23-cyanopyridine+2H2O
2116,"2H++2""pentane-1+2CO2"
2117,1nicotine+1H2O
2118,2methylglyoxal+2H2O
2119,1naringenin chalcone
2120,1UDP-D-glucose+1cyclo-dopa
2121,1formate+1acetyl-CoA
2122,1NAD(P)++1bilirubin
2123,1pyruvate+1L-serine
2124,13-deoxy-D-manno-octulosonate+1CTP
2125,1all-trans-decaprenyl diphosphate+14-hydroxybenzoate
2126,1oxygen+1an (S)-2-hydroxyacid
2127,"1""(3S"
2128,2succinate+2coenzyme A+2ATP
2129,17-&alpha;-hydroxy-O-carbamoyl-deacetylcephalosporin C+1S-adenosyl-L-methionine
2130,14&alpha;-hydroxy-tetrahydrobiopterin
2131,"1""(2R"
2132,14-hydroxyphenylpyruvate+1L-glutamate
2133,1L-canaline+1carbamoyl-phosphate
2134,13-phosphoglycerate+1ATP
2135,12-keto-3-methyl-valerate+1NAD++1coenzyme A
2136,1L-arabinose
2137,1D-glyceraldehyde-3-phosphate+1phosphate+1NAD+
2138,1ammonium hydroxide
2139,1heptaldehyde+1oxygen+1H2O
2140,1dopamine+1oxygen+1L-ascorbate
2141,1ATP+1H2O
2142,2UDP-D-glucose+2benzyladenine
2143,1chorismate+1L-glutamine
2144,1H2O+13-ureidopropionate
2145,1a [protein] N-terminal-formyl-L-methionine+1H2O
2146,1an oxidized unknown electron acceptor+1dihydroorotate
2147,1glycerol+1ATP
2148,1oxygen+1L-cysteine
2149,1isoalliin+1H2O
2150,12-keto-myo-inositol+1L-glutamine
2151,1ammonia+1L-aspartate+1ATP
2152,1tetrahydrobiopterin+1oxygen+1L-phenylalanine
2153,"1H++1""4+1oxygen+1NADPH"
2154,2NAD++22-methyl-3-hydroxybutyryl-CoA
2155,1a sphingomyelin+1H2O
2156,1ATP+1acetyl-CoA+1HCO3-+1H+
2157,1L-methionine+1S-adenosyl-L-methionine
2158,1catechol+1oxygen
2159,2glycine+2L-cysteine+2NAD+
2160,"1""5+1H2O"
2162,1a fatty alcohol+1oxygen
2163,11-octanal+1NAD++1H2O
2164,1H2O+1allantoate
2165,16-phospho-D-gluconate+1NAD+
2166,1N-acetyl-L-citrulline+1H2O
2167,2H++24-(3-pyridyl)-3-butenoate
2168,1all-trans-hexaprenyl diphosphate+1isopentenyl diphosphate
2169,1AMP+1ATP
2170,2nicotine+2NADPH+2oxygen
2171,1H++1campestanol+1oxygen+1NADPH
2172,1a CDP-diacylglycerol+1sn-glycerol-3-phosphate
2174,1nicotine+1S-adenosyl-L-methionine
2175,1ATP+1pyridoxine
2176,27&alpha;-hydroxycholest-4-en-3-one+2NADPH+2H+
2177,1N2-succinyl-L-ornithine+12-ketoglutarate
2178,"1""5+1dUMP+1FADH2"
2179,1acetyl-CoA+2H2O
2180,5O-carbamoyl-deacetylcephalosporin C+5H2O
2181,2UDP-N-acetyl-D-glucosamine+2chitin
2182,"1""2-hexaprenyl-6-methoxy-1+1S-adenosyl-L-methionine"
2183,1sulfite+1AMP+1an oxidized unknown electron acceptor
2184,1harmalol
2185,1a plant ceramide (I)+1ATP
2186,1(S)-2-hydroxymethylglutarate+1NAD+
2187,1D-glucuronate
2188,1[heparan sulfate]-&alpha;-N-acetyl-D-glucosamine 6-O-sulfate
2189,1trehalose+1phosphate
2190,1H++12-amino-muconate+1NADH+1H2O
2191,1L-aspartate
2192,12-oxopentenoate+1H2O
2193,1myristoyl-CoA+1H2O
2194,1tyramine
2195,1choline+1acetyl-CoA
2196,1L-aspartate+1ATP
2197,14-(3-pyridyl)-butanoate
2198,1H2O+1glucosylceramide
2199,1guanosine+1ATP
2200,1oleanolate 3 beta-D-glucuronoside+1UDP-galactose
2201,"1""4-(2-aminophenyl)-2"
2202,1GTP+1H2O
2203,1UDP-D-glucose+1dihydrozeatin
2204,2H++2diprenylphlorisobutyrophenone+2oxygen
2205,"1""(E+1isopentenyl diphosphate"
2207,"1H2O+1""2"
2208,1malate+1NAD+
2209,1a quinone+1sn-glycerol-3-phosphate
2210,1(R)-pantolactone+1NADP+
2211,1kanosamine-6-phosphate
2212,1dTDP-D-fucosamine+1acetyl-CoA
2213,1ATP+1D-glycerate
2214,1D-mannose-6-phosphate
2215,1malate
2216,1D-glycerate+1NAD+
2217,1H++1cotinine+1NADPH+1oxygen
2218,14-coumaroyl-CoA+1tyramine
2219,12-ketoglutarate+14-aminobutyrate
2220,1H2O+1&beta;-D-glucose-6-phosphate
2221,"1""(24R+1NAD+"
2222,1H2O+1dUTP
2223,1UDP-D-glucose+1kinetin
2225,1oleoyl-CoA+1a lipid
2226,1H++1divinyl protochlorophyllide a+1NADPH
2227,1L-homocysteine+15-methyl-THF
2228,1&gamma;-glutamyl-&gamma;-aminobutyraldehyde+1NAD(P)++1H2O
2229,1H++1N-carbamoylsarcosine+1H2O
2230,"1""(24R"
2232,1acetone cyanohydrin
2234,1diphosphate+1nicotinamide mononucleotide
2236,1H2O
2237,1N-acetyl-D-glucosamine 6-phosphate+1H2O
2238,1GA15+12-ketoglutarate+1oxygen
2239,1N-acetyl-D-mannosamine-6-phosphate+1phosphoenolpyruvate+1H2O
2240,1betaine aldehyde+1NAD++1H2O
2241,2D-carnitine+2NAD+
2242,1H++1N-hydroxyvaline+1oxygen+1NADPH
2243,1L-lactaldehyde+1an oxidized coenzyme F420
2245,"1UDP-D-glucose+1""a 1"
2246,1oxygen+1N-[(5S)-5-amino-5-carboxypentanoyl]-L-cysteinyl-D-valine
2247,2H++2pyruvate
2248,1all-trans-heptaprenyl diphosphate+1isopentenyl diphosphate
2249,12-aminoadipate-6-semialdehyde
2250,1histamine+1H2O+1oxygen
2251,14-aminobutyrate+1pyruvate
2252,1&beta;-D-glucose
2254,1octanoyl-CoA+1isopenicillin N+1H2O
2255,14-hydroxyphenylpyruvate+1oxygen
2256,"1H++1""4+1NADPH+1oxygen"
2257,2H++23-nonaprenyl-4-hydroxy-5-methoxybenzoate
2258,1L-lysine+1acetylphosphate
2259,1formaldehyde+1tetrahydrofolate
2260,1cyclic-AMP+1H2O
2261,1heptosyl-KDO2-lipid A+1ADP-L-glycero-D-manno-heptose
2262,1L-serine+1palmitoyl CoA
2263,1putrescine+1L-glutamate+1ATP
2264,"2GDP-L-fucose+2&beta;-D-galactosyl-(1&rarr;3)-[&beta;-D-galactosyl-(1&rarr;4)-N-acetyl-&beta;-D-glucosaminyl-(1&rarr;6)]-N-acetyl-&alpha;-D-galactosaminyl-R+2""1"
2265,13-hydroxy-L-kynurenine+1H2O
2266,"1H++1""2+1NADPH"
2267,1L-cysteine+1ethane
2268,1a 1-phosphatidyl-1D-myo-inositol 3-phosphate+1ATP
2269,1nicotinamide mononucleotide+1H2O
2270,"1""a 1+1H2O"
2271,"1""(3S+1NAD++1H2O"
2272,"2""methylesterified 1+2H2O"
2273,1cis-zeatin riboside+1H2O
2274,1H++12-methylpropionitrile+1oxygen+1NADPH
2275,1H++14-imidazolone+1H2O
2276,1linoleate+1coenzyme A+1ATP
2277,1D-xylulose+1ATP
2278,"1""2+1oxygen+1NADH"
2279,1GA19+1oxygen+12-ketoglutarate
2280,"2NADP++2""6-lactoyl-5"
2281,"1""a 1+1CDP-ethanolamine"
2282,"1""1+11-O-galloyl-&beta;-D-glucose"
2283,1a fatty acid
2284,1acetyl-CoA+1succinate
2285,1N-acetyl-D-galactosamine-[glycoprotein]+1glycoprotein N-acetyl-D-galactosamine+1UDP-galactose
2286,1N-acetyl-L-ornithine+12-ketoglutarate
2287,1GTP
2288,1oxygen+1H2O+1pyridoxal
2289,1ononin+1malonyl-CoA+1ATP+1H2O
2291,"1""5-amino-6-ribitylamino-2+1""L-3"
2292,2N-methylethanolamine phosphate+2S-adenosyl-L-methionine
2293,1shikimate+1NADP+
2294,"1""L"
2295,1sn-glycerol-3-phosphate+1FAD
2296,1UDP-D-glucose+1fructose-6-phosphate
2297,1an aliphatic amine+1H2O+1oxygen
2298,1pantetheine+1H2O
2299,1NAD++1ethylene glycol
2300,1a 2(R)-hydroperoxy fatty acid
2301,1all-trans-octaprenyl diphosphate+14-hydroxybenzoate
2302,1methylsuccinyl-CoA
2304,1R-4'-phosphopantothenoyl-L-cysteine
2305,"1""P1+1H2O"
2306,1H2O+1ATP+1Ca2+
2308,1m7G(5')pppAm+1S-adenosyl-L-methionine
2309,1H++1H2O+1ATP
2310,1a glucosylated glycogenin
2312,1ATP+1lipoate
2313,1L-aspartate+1inosine-5'-phosphate+1GTP
2314,1&beta;-carotene+1oxygen
2315,22'-hydroxygenistein+2dimethylallyl-diphosphate
2316,1GDP-D-mannose+2NAD++2H2O
2317,2NAD++23-hydroxypropionate
2318,13-hydroxypropionyl-CoA+1H2O
2319,1phosphoadenosine-5'-phosphosulfate+1a phenol
2320,1NAD(P)++1&beta;-D-glucose
2321,1a ribonucleoside diphosphate+1ATP
2322,1a tetrahydrofolate+1L-glutamate+1ATP
2323,1genistein+1NADPH+1oxygen
2324,1maleamate+1H2O
2325,"1H2O+1""methyl (2E"
2326,1H++12-ketoglutarate
2327,1(R)-mevalonate+2NAD++2coenzyme A
2328,210-formyl-tetrahydrofolate+25-phospho-ribosyl-glycineamide
2329,1N-sulfo-D-glucosamine+1H2O+1N-sulfo-D-glucosamine
2330,1K+
2331,"1""7+1NADP+"
2332,1L-arginine+1NAD(P)+
2333,1ethylphosphate+1H2O
2334,17&alpha;-hydroxycholesterol+1NAD+
2336,1sphinganine 1-phosphate
2337,"1""2-hexaprenyl-3-methyl-5-hydroxy-6-methoxy-1+1S-adenosyl-L-methionine"
2338,1malate+1a menaquinone+2H+
2339,13-phospho-serine+1H2O
2340,1a nucleoside diphosphate+1H2O
2341,15-aminoimidazole ribonucleotide+1S-adenosyl-L-methionine
2342,1demethylmenaquinone-8+1S-adenosyl-L-methionine
2343,1H++1trans-cinnamate+1oxygen+1NADPH
2344,1a [Cys-Gly]-S-conjugate+1H2O
2345,1(S)-norcoclaurine+1S-adenosyl-L-methionine
2346,1oxygen+1NADPH+1kynurenine
2347,1indole-3-glycolate
2348,22-oxoadipate
2349,15-phosphoribosyl 1-pyrophosphate+1guanine
2350,1chorismate
2351,1H2O+1dihydrouracil
2352,1a nucleotide+1H2O
2353,1L-proline
2354,1decanoyl-CoA+1H2O
2355,1phosphate-ester-of-dihydrofuran
2356,110-formyl-tetrahydrofolate+1H2O+1NADP+
2357,13-deoxy-D-manno-octulosonate 8-P+1H2O
2358,"1CDP-N-methylethanolamine+1""a 1"
2359,1a fatty acid+1oxygen
2360,12-aminoadipate+12-ketoglutarate
2361,"1""&alpha;-D-mannosyl-1+1UDP-N-acetyl-D-glucosamine"
2362,1L-arabinose+1NAD(P)+
2364,1acetyl-CoA+1deacetylcephalosporin-C
2365,1xanthosine+1phosphate
2366,1dopamine+1phosphoadenosine-5'-phosphosulfate
2367,1&alpha;-D-glucose 6-phosphate
2368,1D-myo-inositol (3)-monophosphate+1ATP
2369,2indole-3-glyoxal+2H2O+2an oxidized acceptor
2370,1(R)-methylmalonyl-CoA
2371,1a phosphatidyl-N-dimethylethanolamine+1S-adenosyl-L-methionine
2372,1D-galacturonate
2374,1DNA combined with exogenous DNA to form a recombinational junction
2375,1a DNA adenine+1S-adenosyl-L-methionine
2377,1a DNA cyclobutadipyrimidine
2378,1a DNA containing an apurinic/apyrimidinic site
2379,1a DNA containing 6-O-methylguanine
2380,1a deoxyribonucleoside triphosphate+1DNAn
2381,1a cytosine in DNA+1S-adenosyl-L-methionine
2382,1S-adenosyl-L-methionine
2383,1DNAn
2384,1a deoxyribonucleoside triphosphate+1DNAn
2385,1a damaged DNA pyrimidine
2386,1a damaged DNA (purine or pyrimidine)
2387,1S-adenosyl-L-methionine
2388,1phosphate
2389,1ATP
2390,1S-adenosyl-L-methionine
2391,1an ADP-D-ribosyl acceptor+1an ADP-D-ribosyl acceptor+1NAD+
2392,1ATP
2393,1S-adenosyl-L-methionine
2394,1S-adenosyl-L-methionine
2395,1a nucleoside triphosphate
2396,1S-adenosyl-L-methionine
2397,1phosphate
2398,1selenophosphate
2399,1isopentenyl diphosphate
2400,1dimethylallyl-diphosphate
2401,1L-glutamine+1ATP
2402,1S-adenosyl-L-methionine
2403,1selenophosphate
2404,1ATP
2406,1NAD+
2407,1cis-hydroxy-prenyl-tRNA
2409,110-formyl-tetrahydrofolate+1H2O
2410,1tRNA uridine
2411,1S-adenosyl-L-methionine
2412,1H2O
2413,1S-adenosyl-L-methionine
2414,1H2O
2415,1S-adenosyl-L-methionine
2416,1L-glutamine+1ATP
2417,1glutamate-1-semialdehyde+1NADP+
2418,1ATP
2420,1queuine+1a tRNA containing guanine
2421,1ATP+1L-tryptophan
2422,1L-asparagine+1ATP
2423,1L-isoleucine+1ATP
2424,1L-aspartate+1ATP
2425,1L-valine+1ATP
2426,1L-phenylalanine+1ATP
2427,1L-alanine+1ATP
2428,1L-histidine+1ATP
2429,1L-leucine+1ATP
2430,1L-proline+1ATP
2431,1L-methionine+1ATP
2432,1L-aspartate+1ATP
2433,1L-glutamine+1ATP
2434,1L-threonine+1ATP
2435,1L-arginine+1ATP
2436,1L-serine+1ATP
2437,1L-lysine+1ATP
2438,1glycine+1ATP
2439,1L-cysteine+1ATP
2440,1L-serine+1ATP
2441,1L-glutamate+1ATP
2442,1L-tyrosine+1ATP
2443,1L-glutamate+1ATP
2446,1an [eIF5A-precursor]-deoxyhypusine+1oxygen+1an reduced unknown electron acceptor
2447,1malonyl-CoA
2448,1CMP-N-acetylneuraminate+1oxygen+2H+
2450,1CO+1coenzyme A
2451,1D-glyceraldehyde-3-phosphate+1H2O
2452,2dGDP+2H2O
2453,1NADH
2454,1a peptidyl-L-amino acid+1H2O
2455,1D-camphor+1oxygen
2456,1ATP
2457,1ATP
2458,1a 2'-deoxyribonucleoside 5'-diphosphate+1H2O
2459,1(3Z)-phycoerythrobilin
2460,1ATP+1biotin
2461,1NAD+
2462,1phosphoenolpyruvate+1a [protein]-L-histidine
2463,1a [lipoyl-carrier protein] N6-octanoyl-L-lysine+2S-adenosyl-L-methionine+2S2-
2464,2ATP
2465,1succinyl-CoA+1a [2-oxoglutarate dehydrogenase E2 protein] N6-dihydrolipoyl-L-lysine
2466,1malonyl-CoA
2467,1UDP-D-glucuronate
2468,1acetyl-CoA
2469,1ATP
2470,1oxygen
2471,2NADP+
2472,1UDP
2473,1NAD+
2475,1KDO2-lipid IVA
2476,1a [pyruvate dehydrogenase E2 protein] N6-dihydrolipoyl-L-lysine+1NAD+
2477,1acetyl-CoA
2479,1spermidine+1an [eIF5A-precursor]-lysine
2480,1coenzyme A+12-oxobutanoate
2481,1a [glycine-cleavage complex H protein] N6-dihydrolipoyl-L-lysine+1NAD+
2482,1GTP
2483,1oxygen
2484,2an ubiquinone
2485,1acetylphosphate+1ammonia
2486,1a [2-oxoglutarate dehydrogenase E2 protein] N6-dihydrolipoyl-L-lysine+1NAD+
2487,1malonyl-CoA
2488,1NADPH+1H+
2489,1UDP-N-acetyl-D-glucosamine
2490,1ATP
2492,1octanoate+1ATP
2493,1dolichyl diphosphooligosaccharide+1a [protein]-L-asparagine
2495,1a [lipoyl-carrier protein] N6-dihydrolipoyl-L-lysine+1NAD+
2497,1an [apo BCAA dehydrogenase E2 protein] N6-lipoyl-L-lysine+12-ketoisocaproate
2498,1lipoate+1ATP
2499,1an [apo BCAA dehydrogenase E2 protein] N6-dihydrolipoyl-L-lysine+1NAD+
2500,1octanoate+1ATP
2501,1dCDP+1H2O
2502,1HCO3-+1ATP
2503,1ATP
2505,1ATP
2506,1NADP+
2507,1KDO2-(palmitoleoyl)-lipid IVA
2508,1a 1-acyl-sn-glycerol 3-phosphate
2509,1acetyl-CoA
2510,1an ubiquinol
2511,1ATP
2513,1NADP+
2514,1NADP+
2515,1a [protein]-L-lysine+1ATP
2516,1stearoyl-CoA+1oxygen+2H+
2517,2lipoyl-AMP
2518,1UDP-N-acetyl-D-glucosamine+1&beta;-D-mannosyl-[glycoprotein]
2519,1S-adenosyl-L-methionine+1NADPH
2520,1NAD+
2521,1ATP
2522,1an [apo BCAA dehydrogenase E2 protein] N6-lipoyl-L-lysine+12-keto-3-methyl-valerate
2523,1a [glycine-cleavage complex H protein] N6-aminomethyldihydrolipoyl-L-lysine+1tetrahydrofolate
2525,1L-methionine+1H2O
2527,1H2O
2528,1ADP
2529,"1""adenosine 3'+1sulfite"
2530,1ATP
2531,1H2O
2533,1a [protein]-L-tyrosine phosphate+1H2O
2534,1UDP-3-O-(3-hydroxymyristoyl)glucosamine
2535,1malonyl-CoA
2536,1NADP+
2537,1malonyl-CoA
2538,1ATP
2539,1CO+1H2O
2540,2sulfite+2H2O
2541,1biotin+1ATP
2542,1NADP+
2543,1NADP+
2544,1H2O
2545,1NAD+
2546,1a [glycine-cleavage complex H protein] N6-lipoyl-L-lysine+1glycine
2547,1a [protein]-L-glutamine+1an alkylamine
2548,1an [apo BCAA dehydrogenase E2 protein] N6-S-[2-methylpropanoyl]dihydrolipoyl-L-lysine+1coenzyme A
2549,15-methyl-THF
2550,2NADH+2H+
2551,1ATP
2552,1NADP+
2553,1acetyl-CoA
2554,1hydrogen sulfide+3H2O
2555,1ATP+1L-tyrosine
2556,1L-lactate
2557,8H++8N2+16ATP+16H2O
2558,16dUDP+16H2O
2559,1malonyl-CoA
2561,1UDP-D-glucose
2563,1GDP
2564,2glutathione
2566,1ATP
2567,1H2O
2568,1H+
2569,1sn-glycerol-3-phosphate
2571,1KDO2-(lauroyl)-lipid IVA
2572,12-ketoglutarate+1a [2-oxoglutarate dehydrogenase E2 protein] N6-lipoyl-L-lysine
2573,1acetyl-CoA
2574,1KDO2-lipid IVA
2575,1ATP+1a [protein]-L-tyrosine
2576,1a [protein]-L-tyrosine+1phosphoadenosine-5'-phosphosulfate
2577,1NADPH+1H+
2578,1a [protein]-&gamma;-L-glutamate
2581,"1""15"
2582,1UDP-D-glucose
2583,1H2O
2584,1malonyl-CoA
2585,15-methyl-THF
2586,1benzoyl-CoA+1H2O
2587,2malonyl-CoA
2588,1NADP+
2589,1L-glutaminyl-peptide
2590,1malonate
2591,1sn-glycerol-3-phosphate
2592,1ATP
2593,1dADP+1H2O
2594,12-ketoglutarate+1coenzyme A
2595,1H2O
2596,1NADP+
2597,1a standard &alpha; amino acid
2598,1a dolichyl &beta;-D-mannosyl phosphate
2600,1ammonia+2H2O
2601,7coenzyme A
2602,1H2O
2603,1NADP+
2604,1NADPH+1H+
2605,2ATP
2608,1NADP+
2609,1H2O2
2610,1UDP-D-glucose
2611,1NAD+
2612,1NADP+
2613,1H2O
2614,1CO+1H2O
2615,1a peptidoglycan+1H2O
2616,1pyruvate+1a [pyruvate dehydrogenase E2 protein] N6-lipoyl-L-lysine
2617,1NADP+
2618,1H2O
2619,1UDP-N-acetyl-D-glucosamine
2620,1acetyl-CoA
2621,1phosphate
2622,1H2
2623,2an ubiquinol
2624,"1""6-oxo-1"
2625,1ATP
2627,1dCDP+1H2O
2630,1H+
2631,1NADP+
2633,1NADP+
2634,1NADP+
2635,1NAD+
2636,1NADP+
2637,"1""L-galactono-1"
2638,1an [apo BCAA dehydrogenase E2 protein] N6-lipoyl-L-lysine+12-keto-isovalerate
2639,1pyruvate+1coenzyme A
2640,2L-glutamate
2641,1H2O
2642,1UTP
2643,1malonyl-CoA
2644,1NAD+
2647,1NAD+
2648,1CTP
2649,1malonyl-CoA
2650,1UDP-N-acetyl-D-glucosamine
2653,1H2O
2654,1ATP
2655,1butyryl-CoA
2656,1oxygen
2657,1a peptidyl-L-amino acid+1H2O
2658,"1""5"
2659,1H2O
2660,1NADPH+1H+
2661,1oxygen+1n-octane
2663,1(3Z)-phycocyanobilin
2664,1arsenate
2665,1NADH+1acrylyl-CoA
2666,1NADP+
2667,1a [protein]-L-methionine+1H2O
2668,1nitrite+1H2O
2669,1NAD+
2670,1ATP
2671,2S-adenosyl-L-homocysteine+2NADP+
2672,2acetyl-CoA+2a [pyruvate dehydrogenase E2 protein] N6-dihydrolipoyl-L-lysine
2675,13-hydroxy-stearoyl-CoA+1NADP+
2681,1sn-glycerol-3-phosphate+1an acyl phosphate
2684,1stearoyl-CoA+1NADP+
2685,1phosphate-group+1phosphoenolpyruvate
2686,1an alcohol group+1phosphoenolpyruvate
2687,1multidrug+1ATP+1H2O
2688,1a cation+1ATP+1H2O
2689,1heme+1ATP+1H2O
2690,1acetylcholine+1H+
2691,1ATP+1H+
2692,1a dicarboxylate+1Na+
2693,1malate+1H+
2694,1a phospholipid+1H+
2695,1a sugar+1H+
2696,1phosphate+1H+
2697,1Na++1H+
2698,1a carbohydrate+1H+
2699,1a cation+1H+
2700,1KCl+1H+
2701,1glycine+1H+
2702,1Ca2++1Na+
2703,1Na++1H+
2704,1dopamine+1H+
2705,1phosphate+1Na+
2706,1heme+1H+
2707,1K++1H+
2708,1L-ascorbate+1Na+
2709,1sucrose+1H+
2710,1L-carnitine+1H+
2711,1Ca2++1H+
2712,1NH4++1H+
2713,1a bile acid+1H+
2714,1a sugar+1H+
2715,1a protein disulfide+1H+
2716,1a standard &alpha; amino acid+1H+
2717,1iodide+1Na+
2718,1K++1Na+
2719,1&beta;-D-glucose-6-phosphate+1H+
2720,1a nucleoside+1H+
2721,1ATP
2722,1L-carnitine
2723,1a monoamine
2724,1L-serine
2725,1succinate
2726,1phosphate
2727,1UDP-galactose
2728,1UDP
2729,1an L-1-phosphatidyl-inositol
2730,1a hexose
2731,1UDP-N-acetyl-D-glucosamine
2732,1L-threonine
2733,1a phosphatidylcholine
2734,1a nucleotide sugar
2735,1cholesterol
2736,1a phospholipid
2737,1retinal
2738,1a nucleoside
2739,1a monosaccharide
2740,1folate
2741,1heme
2742,1Fe3+
2743,1L-tyrosine
2744,1phosphoadenosine-5'-phosphosulfate
2745,1oligopeptide
2746,1an acid
2747,1lipid
2748,1an alcohol group
2749,1arsenite
2750,1GDP
2751,1acetyl-CoA
2752,1a sugar
2753,1Zn2+
2754,1D-fructose
2755,1a standard &alpha; amino acid
2756,1urate
2757,1a monocarboxylate
2758,1citrate
2759,"1""a 1"
2760,1GTP
2761,1a vitamin
2762,1sn-glycerol-3-phosphate
2763,1a fatty acid
2764,1L-fucose
2765,1sulfate
2766,1&beta;-D-glucose
2767,1a cation
2768,1K+
2769,1an anion
2770,1chloride
2771,1cyclic-GMP
2772,1D-glyceraldehyde-3-phosphate
2773,1H2O
2774,1Na+
2775,1NAD+
2776,1Ca2+
2777,1a nucleotide
2778,1fumarate+2H+
2779,1an unknown quinone+2H+
2780,1dihydroxy-acetone phosphate+2H+
2781,1oxygen+4H+
2782,2pyruvate+2H+
2783,1a menaquinone+2H+
2784,1a menaquinone+2H+
2785,1an ubiquinone+2H+
2786,1NAD++1H+
2787,1CO2+1H+
2788,1an ubiquinone+2H+
